[0.066s] DEBUG:colcon:Command line arguments: ['/usr/bin/colcon', 'build', '--symlink-install', '--packages-up-to', 'rosbot', '--cmake-args', '-DCMAKE_BUILD_TYPE=Release']
[0.066s] DEBUG:colcon:Parsed command line arguments: Namespace(log_base=None, log_level=None, verb_name='build', build_base='build', install_base='install', merge_install=False, symlink_install=True, test_result_base=None, continue_on_error=False, executor='parallel', parallel_workers=16, event_handlers=None, ignore_user_meta=False, metas=['./colcon.meta'], base_paths=['.'], packages_ignore=None, packages_ignore_regex=None, paths=None, packages_up_to=['rosbot'], packages_up_to_regex=None, packages_above=None, packages_above_and_dependencies=None, packages_above_depth=None, packages_select_by_dep=None, packages_skip_by_dep=None, packages_skip_up_to=None, packages_select_build_failed=False, packages_skip_build_finished=False, packages_select_test_failures=False, packages_skip_test_passed=False, packages_select=None, packages_skip=None, packages_select_regex=None, packages_skip_regex=None, packages_start=None, packages_end=None, allow_overriding=[], cmake_args=['-DCMAKE_BUILD_TYPE=Release'], cmake_target=None, cmake_target_skip_unavailable=False, cmake_clean_cache=False, cmake_clean_first=False, cmake_force_configure=False, ament_cmake_args=None, catkin_cmake_args=None, catkin_skip_building_tests=False, mixin_files=None, mixin=None, verb_parser=<colcon_mixin.mixin.mixin_argument.MixinArgumentDecorator object at 0x7b66221947f0>, verb_extension=<colcon_core.verb.build.BuildVerb object at 0x7b6622281780>, main=<bound method BuildVerb.main of <colcon_core.verb.build.BuildVerb object at 0x7b6622281780>>, mixin_verb=('build',))
[0.180s] Level 1:colcon.colcon_core.package_discovery:discover_packages(colcon_meta) check parameters
[0.180s] Level 1:colcon.colcon_core.package_discovery:discover_packages(recursive) check parameters
[0.180s] Level 1:colcon.colcon_core.package_discovery:discover_packages(ignore) check parameters
[0.180s] Level 1:colcon.colcon_core.package_discovery:discover_packages(path) check parameters
[0.180s] Level 1:colcon.colcon_core.package_discovery:discover_packages(colcon_meta) discover
[0.180s] Level 1:colcon.colcon_core.package_discovery:discover_packages(recursive) discover
[0.180s] INFO:colcon.colcon_core.package_discovery:Crawling recursively for packages in '/home/ale/Proyecto_CPR/rosbot_ws'
[0.181s] Level 1:colcon.colcon_core.package_identification:_identify(.) by extensions ['ignore', 'ignore_ament_install']
[0.181s] Level 1:colcon.colcon_core.package_identification:_identify(.) by extension 'ignore'
[0.181s] Level 1:colcon.colcon_core.package_identification:_identify(.) by extension 'ignore_ament_install'
[0.181s] Level 1:colcon.colcon_core.package_identification:_identify(.) by extensions ['colcon_pkg']
[0.181s] Level 1:colcon.colcon_core.package_identification:_identify(.) by extension 'colcon_pkg'
[0.181s] Level 1:colcon.colcon_core.package_identification:_identify(.) by extensions ['colcon_meta']
[0.181s] Level 1:colcon.colcon_core.package_identification:_identify(.) by extension 'colcon_meta'
[0.181s] Level 1:colcon.colcon_core.package_identification:_identify(.) by extensions ['ros']
[0.181s] Level 1:colcon.colcon_core.package_identification:_identify(.) by extension 'ros'
[0.192s] Level 1:colcon.colcon_core.package_identification:_identify(.) by extensions ['cmake', 'python']
[0.192s] Level 1:colcon.colcon_core.package_identification:_identify(.) by extension 'cmake'
[0.192s] Level 1:colcon.colcon_core.package_identification:_identify(.) by extension 'python'
[0.192s] Level 1:colcon.colcon_core.package_identification:_identify(.) by extensions ['python_setup_py']
[0.192s] Level 1:colcon.colcon_core.package_identification:_identify(.) by extension 'python_setup_py'
[0.192s] Level 1:colcon.colcon_core.package_identification:_identify(build) by extensions ['ignore', 'ignore_ament_install']
[0.192s] Level 1:colcon.colcon_core.package_identification:_identify(build) by extension 'ignore'
[0.192s] Level 1:colcon.colcon_core.package_identification:_identify(build) ignored
[0.193s] Level 1:colcon.colcon_core.package_identification:_identify(install) by extensions ['ignore', 'ignore_ament_install']
[0.193s] Level 1:colcon.colcon_core.package_identification:_identify(install) by extension 'ignore'
[0.193s] Level 1:colcon.colcon_core.package_identification:_identify(install) ignored
[0.193s] Level 1:colcon.colcon_core.package_identification:_identify(log) by extensions ['ignore', 'ignore_ament_install']
[0.193s] Level 1:colcon.colcon_core.package_identification:_identify(log) by extension 'ignore'
[0.193s] Level 1:colcon.colcon_core.package_identification:_identify(log) ignored
[0.193s] Level 1:colcon.colcon_core.package_identification:_identify(src) by extensions ['ignore', 'ignore_ament_install']
[0.193s] Level 1:colcon.colcon_core.package_identification:_identify(src) by extension 'ignore'
[0.193s] Level 1:colcon.colcon_core.package_identification:_identify(src) by extension 'ignore_ament_install'
[0.193s] Level 1:colcon.colcon_core.package_identification:_identify(src) by extensions ['colcon_pkg']
[0.193s] Level 1:colcon.colcon_core.package_identification:_identify(src) by extension 'colcon_pkg'
[0.193s] Level 1:colcon.colcon_core.package_identification:_identify(src) by extensions ['colcon_meta']
[0.193s] Level 1:colcon.colcon_core.package_identification:_identify(src) by extension 'colcon_meta'
[0.193s] Level 1:colcon.colcon_core.package_identification:_identify(src) by extensions ['ros']
[0.193s] Level 1:colcon.colcon_core.package_identification:_identify(src) by extension 'ros'
[0.193s] Level 1:colcon.colcon_core.package_identification:_identify(src) by extensions ['cmake', 'python']
[0.193s] Level 1:colcon.colcon_core.package_identification:_identify(src) by extension 'cmake'
[0.193s] Level 1:colcon.colcon_core.package_identification:_identify(src) by extension 'python'
[0.193s] Level 1:colcon.colcon_core.package_identification:_identify(src) by extensions ['python_setup_py']
[0.193s] Level 1:colcon.colcon_core.package_identification:_identify(src) by extension 'python_setup_py'
[0.193s] Level 1:colcon.colcon_core.package_identification:_identify(src/build) by extensions ['ignore', 'ignore_ament_install']
[0.193s] Level 1:colcon.colcon_core.package_identification:_identify(src/build) by extension 'ignore'
[0.193s] Level 1:colcon.colcon_core.package_identification:_identify(src/build) ignored
[0.193s] Level 1:colcon.colcon_core.package_identification:_identify(src/controldesc_pkg) by extensions ['ignore', 'ignore_ament_install']
[0.193s] Level 1:colcon.colcon_core.package_identification:_identify(src/controldesc_pkg) by extension 'ignore'
[0.193s] Level 1:colcon.colcon_core.package_identification:_identify(src/controldesc_pkg) by extension 'ignore_ament_install'
[0.193s] Level 1:colcon.colcon_core.package_identification:_identify(src/controldesc_pkg) by extensions ['colcon_pkg']
[0.193s] Level 1:colcon.colcon_core.package_identification:_identify(src/controldesc_pkg) by extension 'colcon_pkg'
[0.193s] Level 1:colcon.colcon_core.package_identification:_identify(src/controldesc_pkg) by extensions ['colcon_meta']
[0.193s] Level 1:colcon.colcon_core.package_identification:_identify(src/controldesc_pkg) by extension 'colcon_meta'
[0.193s] Level 1:colcon.colcon_core.package_identification:_identify(src/controldesc_pkg) by extensions ['ros']
[0.193s] Level 1:colcon.colcon_core.package_identification:_identify(src/controldesc_pkg) by extension 'ros'
[0.195s] DEBUG:colcon.colcon_core.package_identification:Package 'src/controldesc_pkg' with type 'ros.ament_cmake' and name 'controldesc_pkg'
[0.195s] Level 1:colcon.colcon_core.package_identification:_identify(src/dynamixel_hardware_interface) by extensions ['ignore', 'ignore_ament_install']
[0.195s] Level 1:colcon.colcon_core.package_identification:_identify(src/dynamixel_hardware_interface) by extension 'ignore'
[0.195s] Level 1:colcon.colcon_core.package_identification:_identify(src/dynamixel_hardware_interface) by extension 'ignore_ament_install'
[0.195s] Level 1:colcon.colcon_core.package_identification:_identify(src/dynamixel_hardware_interface) by extensions ['colcon_pkg']
[0.195s] Level 1:colcon.colcon_core.package_identification:_identify(src/dynamixel_hardware_interface) by extension 'colcon_pkg'
[0.195s] Level 1:colcon.colcon_core.package_identification:_identify(src/dynamixel_hardware_interface) by extensions ['colcon_meta']
[0.195s] Level 1:colcon.colcon_core.package_identification:_identify(src/dynamixel_hardware_interface) by extension 'colcon_meta'
[0.195s] Level 1:colcon.colcon_core.package_identification:_identify(src/dynamixel_hardware_interface) by extensions ['ros']
[0.195s] Level 1:colcon.colcon_core.package_identification:_identify(src/dynamixel_hardware_interface) by extension 'ros'
[0.196s] DEBUG:colcon.colcon_core.package_identification:Package 'src/dynamixel_hardware_interface' with type 'ros.ament_cmake' and name 'dynamixel_hardware_interface'
[0.196s] Level 1:colcon.colcon_core.package_identification:_identify(src/husarion_components_description) by extensions ['ignore', 'ignore_ament_install']
[0.196s] Level 1:colcon.colcon_core.package_identification:_identify(src/husarion_components_description) by extension 'ignore'
[0.196s] Level 1:colcon.colcon_core.package_identification:_identify(src/husarion_components_description) by extension 'ignore_ament_install'
[0.196s] Level 1:colcon.colcon_core.package_identification:_identify(src/husarion_components_description) by extensions ['colcon_pkg']
[0.196s] Level 1:colcon.colcon_core.package_identification:_identify(src/husarion_components_description) by extension 'colcon_pkg'
[0.196s] Level 1:colcon.colcon_core.package_identification:_identify(src/husarion_components_description) by extensions ['colcon_meta']
[0.196s] Level 1:colcon.colcon_core.package_identification:_identify(src/husarion_components_description) by extension 'colcon_meta'
[0.196s] Level 1:colcon.colcon_core.package_identification:_identify(src/husarion_components_description) by extensions ['ros']
[0.196s] Level 1:colcon.colcon_core.package_identification:_identify(src/husarion_components_description) by extension 'ros'
[0.208s] DEBUG:colcon.colcon_core.package_identification:Package 'src/husarion_components_description' with type 'ros.ament_cmake' and name 'husarion_components_description'
[0.208s] Level 1:colcon.colcon_core.package_identification:_identify(src/husarion_controllers) by extensions ['ignore', 'ignore_ament_install']
[0.208s] Level 1:colcon.colcon_core.package_identification:_identify(src/husarion_controllers) by extension 'ignore'
[0.208s] Level 1:colcon.colcon_core.package_identification:_identify(src/husarion_controllers) by extension 'ignore_ament_install'
[0.208s] Level 1:colcon.colcon_core.package_identification:_identify(src/husarion_controllers) by extensions ['colcon_pkg']
[0.208s] Level 1:colcon.colcon_core.package_identification:_identify(src/husarion_controllers) by extension 'colcon_pkg'
[0.208s] Level 1:colcon.colcon_core.package_identification:_identify(src/husarion_controllers) by extensions ['colcon_meta']
[0.208s] Level 1:colcon.colcon_core.package_identification:_identify(src/husarion_controllers) by extension 'colcon_meta'
[0.208s] Level 1:colcon.colcon_core.package_identification:_identify(src/husarion_controllers) by extensions ['ros']
[0.208s] Level 1:colcon.colcon_core.package_identification:_identify(src/husarion_controllers) by extension 'ros'
[0.208s] Level 1:colcon.colcon_core.package_identification:_identify(src/husarion_controllers) by extensions ['cmake', 'python']
[0.208s] Level 1:colcon.colcon_core.package_identification:_identify(src/husarion_controllers) by extension 'cmake'
[0.208s] Level 1:colcon.colcon_core.package_identification:_identify(src/husarion_controllers) by extension 'python'
[0.208s] Level 1:colcon.colcon_core.package_identification:_identify(src/husarion_controllers) by extensions ['python_setup_py']
[0.208s] Level 1:colcon.colcon_core.package_identification:_identify(src/husarion_controllers) by extension 'python_setup_py'
[0.208s] Level 1:colcon.colcon_core.package_identification:_identify(src/husarion_controllers/A_star_controller) by extensions ['ignore', 'ignore_ament_install']
[0.208s] Level 1:colcon.colcon_core.package_identification:_identify(src/husarion_controllers/A_star_controller) by extension 'ignore'
[0.208s] Level 1:colcon.colcon_core.package_identification:_identify(src/husarion_controllers/A_star_controller) by extension 'ignore_ament_install'
[0.208s] Level 1:colcon.colcon_core.package_identification:_identify(src/husarion_controllers/A_star_controller) by extensions ['colcon_pkg']
[0.208s] Level 1:colcon.colcon_core.package_identification:_identify(src/husarion_controllers/A_star_controller) by extension 'colcon_pkg'
[0.208s] Level 1:colcon.colcon_core.package_identification:_identify(src/husarion_controllers/A_star_controller) by extensions ['colcon_meta']
[0.208s] Level 1:colcon.colcon_core.package_identification:_identify(src/husarion_controllers/A_star_controller) by extension 'colcon_meta'
[0.208s] Level 1:colcon.colcon_core.package_identification:_identify(src/husarion_controllers/A_star_controller) by extensions ['ros']
[0.208s] Level 1:colcon.colcon_core.package_identification:_identify(src/husarion_controllers/A_star_controller) by extension 'ros'
[0.208s] Level 1:colcon.colcon_core.package_identification:_identify(src/husarion_controllers/A_star_controller) by extensions ['cmake', 'python']
[0.208s] Level 1:colcon.colcon_core.package_identification:_identify(src/husarion_controllers/A_star_controller) by extension 'cmake'
[0.208s] Level 1:colcon.colcon_core.package_identification:_identify(src/husarion_controllers/A_star_controller) by extension 'python'
[0.208s] Level 1:colcon.colcon_core.package_identification:_identify(src/husarion_controllers/A_star_controller) by extensions ['python_setup_py']
[0.208s] Level 1:colcon.colcon_core.package_identification:_identify(src/husarion_controllers/A_star_controller) by extension 'python_setup_py'
[0.208s] Level 1:colcon.colcon_core.package_identification:_identify(src/husarion_controllers/A_star_controller/maps) by extensions ['ignore', 'ignore_ament_install']
[0.208s] Level 1:colcon.colcon_core.package_identification:_identify(src/husarion_controllers/A_star_controller/maps) by extension 'ignore'
[0.209s] Level 1:colcon.colcon_core.package_identification:_identify(src/husarion_controllers/A_star_controller/maps) by extension 'ignore_ament_install'
[0.209s] Level 1:colcon.colcon_core.package_identification:_identify(src/husarion_controllers/A_star_controller/maps) by extensions ['colcon_pkg']
[0.209s] Level 1:colcon.colcon_core.package_identification:_identify(src/husarion_controllers/A_star_controller/maps) by extension 'colcon_pkg'
[0.209s] Level 1:colcon.colcon_core.package_identification:_identify(src/husarion_controllers/A_star_controller/maps) by extensions ['colcon_meta']
[0.209s] Level 1:colcon.colcon_core.package_identification:_identify(src/husarion_controllers/A_star_controller/maps) by extension 'colcon_meta'
[0.209s] Level 1:colcon.colcon_core.package_identification:_identify(src/husarion_controllers/A_star_controller/maps) by extensions ['ros']
[0.209s] Level 1:colcon.colcon_core.package_identification:_identify(src/husarion_controllers/A_star_controller/maps) by extension 'ros'
[0.209s] Level 1:colcon.colcon_core.package_identification:_identify(src/husarion_controllers/A_star_controller/maps) by extensions ['cmake', 'python']
[0.209s] Level 1:colcon.colcon_core.package_identification:_identify(src/husarion_controllers/A_star_controller/maps) by extension 'cmake'
[0.209s] Level 1:colcon.colcon_core.package_identification:_identify(src/husarion_controllers/A_star_controller/maps) by extension 'python'
[0.209s] Level 1:colcon.colcon_core.package_identification:_identify(src/husarion_controllers/A_star_controller/maps) by extensions ['python_setup_py']
[0.209s] Level 1:colcon.colcon_core.package_identification:_identify(src/husarion_controllers/A_star_controller/maps) by extension 'python_setup_py'
[0.209s] Level 1:colcon.colcon_core.package_identification:_identify(src/husarion_controllers/mecanum_drive_controller) by extensions ['ignore', 'ignore_ament_install']
[0.209s] Level 1:colcon.colcon_core.package_identification:_identify(src/husarion_controllers/mecanum_drive_controller) by extension 'ignore'
[0.209s] Level 1:colcon.colcon_core.package_identification:_identify(src/husarion_controllers/mecanum_drive_controller) by extension 'ignore_ament_install'
[0.209s] Level 1:colcon.colcon_core.package_identification:_identify(src/husarion_controllers/mecanum_drive_controller) by extensions ['colcon_pkg']
[0.209s] Level 1:colcon.colcon_core.package_identification:_identify(src/husarion_controllers/mecanum_drive_controller) by extension 'colcon_pkg'
[0.209s] Level 1:colcon.colcon_core.package_identification:_identify(src/husarion_controllers/mecanum_drive_controller) by extensions ['colcon_meta']
[0.209s] Level 1:colcon.colcon_core.package_identification:_identify(src/husarion_controllers/mecanum_drive_controller) by extension 'colcon_meta'
[0.209s] Level 1:colcon.colcon_core.package_identification:_identify(src/husarion_controllers/mecanum_drive_controller) by extensions ['ros']
[0.209s] Level 1:colcon.colcon_core.package_identification:_identify(src/husarion_controllers/mecanum_drive_controller) by extension 'ros'
[0.210s] DEBUG:colcon.colcon_core.package_identification:Package 'src/husarion_controllers/mecanum_drive_controller' with type 'ros.ament_cmake' and name 'mecanum_drive_controller'
[0.210s] Level 1:colcon.colcon_core.package_identification:_identify(src/husarion_gz_worlds) by extensions ['ignore', 'ignore_ament_install']
[0.210s] Level 1:colcon.colcon_core.package_identification:_identify(src/husarion_gz_worlds) by extension 'ignore'
[0.210s] Level 1:colcon.colcon_core.package_identification:_identify(src/husarion_gz_worlds) by extension 'ignore_ament_install'
[0.210s] Level 1:colcon.colcon_core.package_identification:_identify(src/husarion_gz_worlds) by extensions ['colcon_pkg']
[0.210s] Level 1:colcon.colcon_core.package_identification:_identify(src/husarion_gz_worlds) by extension 'colcon_pkg'
[0.210s] Level 1:colcon.colcon_core.package_identification:_identify(src/husarion_gz_worlds) by extensions ['colcon_meta']
[0.210s] Level 1:colcon.colcon_core.package_identification:_identify(src/husarion_gz_worlds) by extension 'colcon_meta'
[0.210s] Level 1:colcon.colcon_core.package_identification:_identify(src/husarion_gz_worlds) by extensions ['ros']
[0.210s] Level 1:colcon.colcon_core.package_identification:_identify(src/husarion_gz_worlds) by extension 'ros'
[0.210s] DEBUG:colcon.colcon_core.package_identification:Package 'src/husarion_gz_worlds' with type 'ros.ament_cmake' and name 'husarion_gz_worlds'
[0.210s] Level 1:colcon.colcon_core.package_identification:_identify(src/install) by extensions ['ignore', 'ignore_ament_install']
[0.211s] Level 1:colcon.colcon_core.package_identification:_identify(src/install) by extension 'ignore'
[0.211s] Level 1:colcon.colcon_core.package_identification:_identify(src/install) ignored
[0.211s] Level 1:colcon.colcon_core.package_identification:_identify(src/log) by extensions ['ignore', 'ignore_ament_install']
[0.211s] Level 1:colcon.colcon_core.package_identification:_identify(src/log) by extension 'ignore'
[0.211s] Level 1:colcon.colcon_core.package_identification:_identify(src/log) ignored
[0.211s] Level 1:colcon.colcon_core.package_identification:_identify(src/open_manipulator_x) by extensions ['ignore', 'ignore_ament_install']
[0.211s] Level 1:colcon.colcon_core.package_identification:_identify(src/open_manipulator_x) by extension 'ignore'
[0.211s] Level 1:colcon.colcon_core.package_identification:_identify(src/open_manipulator_x) by extension 'ignore_ament_install'
[0.211s] Level 1:colcon.colcon_core.package_identification:_identify(src/open_manipulator_x) by extensions ['colcon_pkg']
[0.211s] Level 1:colcon.colcon_core.package_identification:_identify(src/open_manipulator_x) by extension 'colcon_pkg'
[0.211s] Level 1:colcon.colcon_core.package_identification:_identify(src/open_manipulator_x) by extensions ['colcon_meta']
[0.211s] Level 1:colcon.colcon_core.package_identification:_identify(src/open_manipulator_x) by extension 'colcon_meta'
[0.211s] Level 1:colcon.colcon_core.package_identification:_identify(src/open_manipulator_x) by extensions ['ros']
[0.211s] Level 1:colcon.colcon_core.package_identification:_identify(src/open_manipulator_x) by extension 'ros'
[0.211s] Level 1:colcon.colcon_core.package_identification:_identify(src/open_manipulator_x) by extensions ['cmake', 'python']
[0.211s] Level 1:colcon.colcon_core.package_identification:_identify(src/open_manipulator_x) by extension 'cmake'
[0.211s] Level 1:colcon.colcon_core.package_identification:_identify(src/open_manipulator_x) by extension 'python'
[0.211s] Level 1:colcon.colcon_core.package_identification:_identify(src/open_manipulator_x) by extensions ['python_setup_py']
[0.211s] Level 1:colcon.colcon_core.package_identification:_identify(src/open_manipulator_x) by extension 'python_setup_py'
[0.211s] Level 1:colcon.colcon_core.package_identification:_identify(src/open_manipulator_x/open_manipulator_x_description) by extensions ['ignore', 'ignore_ament_install']
[0.211s] Level 1:colcon.colcon_core.package_identification:_identify(src/open_manipulator_x/open_manipulator_x_description) by extension 'ignore'
[0.211s] Level 1:colcon.colcon_core.package_identification:_identify(src/open_manipulator_x/open_manipulator_x_description) by extension 'ignore_ament_install'
[0.211s] Level 1:colcon.colcon_core.package_identification:_identify(src/open_manipulator_x/open_manipulator_x_description) by extensions ['colcon_pkg']
[0.211s] Level 1:colcon.colcon_core.package_identification:_identify(src/open_manipulator_x/open_manipulator_x_description) by extension 'colcon_pkg'
[0.211s] Level 1:colcon.colcon_core.package_identification:_identify(src/open_manipulator_x/open_manipulator_x_description) by extensions ['colcon_meta']
[0.211s] Level 1:colcon.colcon_core.package_identification:_identify(src/open_manipulator_x/open_manipulator_x_description) by extension 'colcon_meta'
[0.211s] Level 1:colcon.colcon_core.package_identification:_identify(src/open_manipulator_x/open_manipulator_x_description) by extensions ['ros']
[0.211s] Level 1:colcon.colcon_core.package_identification:_identify(src/open_manipulator_x/open_manipulator_x_description) by extension 'ros'
[0.212s] DEBUG:colcon.colcon_core.package_identification:Package 'src/open_manipulator_x/open_manipulator_x_description' with type 'ros.ament_cmake' and name 'open_manipulator_x_description'
[0.212s] Level 1:colcon.colcon_core.package_identification:_identify(src/open_manipulator_x/open_manipulator_x_joy) by extensions ['ignore', 'ignore_ament_install']
[0.212s] Level 1:colcon.colcon_core.package_identification:_identify(src/open_manipulator_x/open_manipulator_x_joy) by extension 'ignore'
[0.212s] Level 1:colcon.colcon_core.package_identification:_identify(src/open_manipulator_x/open_manipulator_x_joy) by extension 'ignore_ament_install'
[0.212s] Level 1:colcon.colcon_core.package_identification:_identify(src/open_manipulator_x/open_manipulator_x_joy) by extensions ['colcon_pkg']
[0.212s] Level 1:colcon.colcon_core.package_identification:_identify(src/open_manipulator_x/open_manipulator_x_joy) by extension 'colcon_pkg'
[0.212s] Level 1:colcon.colcon_core.package_identification:_identify(src/open_manipulator_x/open_manipulator_x_joy) by extensions ['colcon_meta']
[0.212s] Level 1:colcon.colcon_core.package_identification:_identify(src/open_manipulator_x/open_manipulator_x_joy) by extension 'colcon_meta'
[0.212s] Level 1:colcon.colcon_core.package_identification:_identify(src/open_manipulator_x/open_manipulator_x_joy) by extensions ['ros']
[0.212s] Level 1:colcon.colcon_core.package_identification:_identify(src/open_manipulator_x/open_manipulator_x_joy) by extension 'ros'
[0.213s] DEBUG:colcon.colcon_core.package_identification:Package 'src/open_manipulator_x/open_manipulator_x_joy' with type 'ros.ament_cmake' and name 'open_manipulator_x_joy'
[0.213s] Level 1:colcon.colcon_core.package_identification:_identify(src/open_manipulator_x/open_manipulator_x_moveit) by extensions ['ignore', 'ignore_ament_install']
[0.213s] Level 1:colcon.colcon_core.package_identification:_identify(src/open_manipulator_x/open_manipulator_x_moveit) by extension 'ignore'
[0.213s] Level 1:colcon.colcon_core.package_identification:_identify(src/open_manipulator_x/open_manipulator_x_moveit) by extension 'ignore_ament_install'
[0.213s] Level 1:colcon.colcon_core.package_identification:_identify(src/open_manipulator_x/open_manipulator_x_moveit) by extensions ['colcon_pkg']
[0.213s] Level 1:colcon.colcon_core.package_identification:_identify(src/open_manipulator_x/open_manipulator_x_moveit) by extension 'colcon_pkg'
[0.213s] Level 1:colcon.colcon_core.package_identification:_identify(src/open_manipulator_x/open_manipulator_x_moveit) by extensions ['colcon_meta']
[0.213s] Level 1:colcon.colcon_core.package_identification:_identify(src/open_manipulator_x/open_manipulator_x_moveit) by extension 'colcon_meta'
[0.213s] Level 1:colcon.colcon_core.package_identification:_identify(src/open_manipulator_x/open_manipulator_x_moveit) by extensions ['ros']
[0.213s] Level 1:colcon.colcon_core.package_identification:_identify(src/open_manipulator_x/open_manipulator_x_moveit) by extension 'ros'
[0.213s] DEBUG:colcon.colcon_core.package_identification:Package 'src/open_manipulator_x/open_manipulator_x_moveit' with type 'ros.ament_cmake' and name 'open_manipulator_x_moveit'
[0.213s] Level 1:colcon.colcon_core.package_identification:_identify(src/rosbot_ros) by extensions ['ignore', 'ignore_ament_install']
[0.213s] Level 1:colcon.colcon_core.package_identification:_identify(src/rosbot_ros) by extension 'ignore'
[0.213s] Level 1:colcon.colcon_core.package_identification:_identify(src/rosbot_ros) by extension 'ignore_ament_install'
[0.214s] Level 1:colcon.colcon_core.package_identification:_identify(src/rosbot_ros) by extensions ['colcon_pkg']
[0.214s] Level 1:colcon.colcon_core.package_identification:_identify(src/rosbot_ros) by extension 'colcon_pkg'
[0.214s] Level 1:colcon.colcon_core.package_identification:_identify(src/rosbot_ros) by extensions ['colcon_meta']
[0.214s] Level 1:colcon.colcon_core.package_identification:_identify(src/rosbot_ros) by extension 'colcon_meta'
[0.214s] Level 1:colcon.colcon_core.package_identification:_identify(src/rosbot_ros) by extensions ['ros']
[0.214s] Level 1:colcon.colcon_core.package_identification:_identify(src/rosbot_ros) by extension 'ros'
[0.214s] Level 1:colcon.colcon_core.package_identification:_identify(src/rosbot_ros) by extensions ['cmake', 'python']
[0.214s] Level 1:colcon.colcon_core.package_identification:_identify(src/rosbot_ros) by extension 'cmake'
[0.214s] Level 1:colcon.colcon_core.package_identification:_identify(src/rosbot_ros) by extension 'python'
[0.214s] Level 1:colcon.colcon_core.package_identification:_identify(src/rosbot_ros) by extensions ['python_setup_py']
[0.214s] Level 1:colcon.colcon_core.package_identification:_identify(src/rosbot_ros) by extension 'python_setup_py'
[0.214s] Level 1:colcon.colcon_core.package_identification:_identify(src/rosbot_ros/docker) by extensions ['ignore', 'ignore_ament_install']
[0.214s] Level 1:colcon.colcon_core.package_identification:_identify(src/rosbot_ros/docker) by extension 'ignore'
[0.214s] Level 1:colcon.colcon_core.package_identification:_identify(src/rosbot_ros/docker) by extension 'ignore_ament_install'
[0.214s] Level 1:colcon.colcon_core.package_identification:_identify(src/rosbot_ros/docker) by extensions ['colcon_pkg']
[0.214s] Level 1:colcon.colcon_core.package_identification:_identify(src/rosbot_ros/docker) by extension 'colcon_pkg'
[0.214s] Level 1:colcon.colcon_core.package_identification:_identify(src/rosbot_ros/docker) by extensions ['colcon_meta']
[0.214s] Level 1:colcon.colcon_core.package_identification:_identify(src/rosbot_ros/docker) by extension 'colcon_meta'
[0.214s] Level 1:colcon.colcon_core.package_identification:_identify(src/rosbot_ros/docker) by extensions ['ros']
[0.214s] Level 1:colcon.colcon_core.package_identification:_identify(src/rosbot_ros/docker) by extension 'ros'
[0.214s] Level 1:colcon.colcon_core.package_identification:_identify(src/rosbot_ros/docker) by extensions ['cmake', 'python']
[0.214s] Level 1:colcon.colcon_core.package_identification:_identify(src/rosbot_ros/docker) by extension 'cmake'
[0.214s] Level 1:colcon.colcon_core.package_identification:_identify(src/rosbot_ros/docker) by extension 'python'
[0.214s] Level 1:colcon.colcon_core.package_identification:_identify(src/rosbot_ros/docker) by extensions ['python_setup_py']
[0.214s] Level 1:colcon.colcon_core.package_identification:_identify(src/rosbot_ros/docker) by extension 'python_setup_py'
[0.214s] Level 1:colcon.colcon_core.package_identification:_identify(src/rosbot_ros/rosbot) by extensions ['ignore', 'ignore_ament_install']
[0.214s] Level 1:colcon.colcon_core.package_identification:_identify(src/rosbot_ros/rosbot) by extension 'ignore'
[0.214s] Level 1:colcon.colcon_core.package_identification:_identify(src/rosbot_ros/rosbot) by extension 'ignore_ament_install'
[0.214s] Level 1:colcon.colcon_core.package_identification:_identify(src/rosbot_ros/rosbot) by extensions ['colcon_pkg']
[0.214s] Level 1:colcon.colcon_core.package_identification:_identify(src/rosbot_ros/rosbot) by extension 'colcon_pkg'
[0.214s] Level 1:colcon.colcon_core.package_identification:_identify(src/rosbot_ros/rosbot) by extensions ['colcon_meta']
[0.214s] Level 1:colcon.colcon_core.package_identification:_identify(src/rosbot_ros/rosbot) by extension 'colcon_meta'
[0.214s] Level 1:colcon.colcon_core.package_identification:_identify(src/rosbot_ros/rosbot) by extensions ['ros']
[0.214s] Level 1:colcon.colcon_core.package_identification:_identify(src/rosbot_ros/rosbot) by extension 'ros'
[0.216s] DEBUG:colcon.colcon_core.package_identification:Package 'src/rosbot_ros/rosbot' with type 'ros.ament_cmake' and name 'rosbot'
[0.216s] Level 1:colcon.colcon_core.package_identification:_identify(src/rosbot_ros/rosbot_bringup) by extensions ['ignore', 'ignore_ament_install']
[0.216s] Level 1:colcon.colcon_core.package_identification:_identify(src/rosbot_ros/rosbot_bringup) by extension 'ignore'
[0.216s] Level 1:colcon.colcon_core.package_identification:_identify(src/rosbot_ros/rosbot_bringup) by extension 'ignore_ament_install'
[0.216s] Level 1:colcon.colcon_core.package_identification:_identify(src/rosbot_ros/rosbot_bringup) by extensions ['colcon_pkg']
[0.216s] Level 1:colcon.colcon_core.package_identification:_identify(src/rosbot_ros/rosbot_bringup) by extension 'colcon_pkg'
[0.216s] Level 1:colcon.colcon_core.package_identification:_identify(src/rosbot_ros/rosbot_bringup) by extensions ['colcon_meta']
[0.216s] Level 1:colcon.colcon_core.package_identification:_identify(src/rosbot_ros/rosbot_bringup) by extension 'colcon_meta'
[0.216s] Level 1:colcon.colcon_core.package_identification:_identify(src/rosbot_ros/rosbot_bringup) by extensions ['ros']
[0.216s] Level 1:colcon.colcon_core.package_identification:_identify(src/rosbot_ros/rosbot_bringup) by extension 'ros'
[0.218s] DEBUG:colcon.colcon_core.package_identification:Package 'src/rosbot_ros/rosbot_bringup' with type 'ros.ament_python' and name 'rosbot_bringup'
[0.218s] Level 1:colcon.colcon_core.package_identification:_identify(src/rosbot_ros/rosbot_controller) by extensions ['ignore', 'ignore_ament_install']
[0.218s] Level 1:colcon.colcon_core.package_identification:_identify(src/rosbot_ros/rosbot_controller) by extension 'ignore'
[0.218s] Level 1:colcon.colcon_core.package_identification:_identify(src/rosbot_ros/rosbot_controller) by extension 'ignore_ament_install'
[0.218s] Level 1:colcon.colcon_core.package_identification:_identify(src/rosbot_ros/rosbot_controller) by extensions ['colcon_pkg']
[0.218s] Level 1:colcon.colcon_core.package_identification:_identify(src/rosbot_ros/rosbot_controller) by extension 'colcon_pkg'
[0.218s] Level 1:colcon.colcon_core.package_identification:_identify(src/rosbot_ros/rosbot_controller) by extensions ['colcon_meta']
[0.218s] Level 1:colcon.colcon_core.package_identification:_identify(src/rosbot_ros/rosbot_controller) by extension 'colcon_meta'
[0.218s] Level 1:colcon.colcon_core.package_identification:_identify(src/rosbot_ros/rosbot_controller) by extensions ['ros']
[0.218s] Level 1:colcon.colcon_core.package_identification:_identify(src/rosbot_ros/rosbot_controller) by extension 'ros'
[0.219s] DEBUG:colcon.colcon_core.package_identification:Package 'src/rosbot_ros/rosbot_controller' with type 'ros.ament_python' and name 'rosbot_controller'
[0.219s] Level 1:colcon.colcon_core.package_identification:_identify(src/rosbot_ros/rosbot_description) by extensions ['ignore', 'ignore_ament_install']
[0.219s] Level 1:colcon.colcon_core.package_identification:_identify(src/rosbot_ros/rosbot_description) by extension 'ignore'
[0.219s] Level 1:colcon.colcon_core.package_identification:_identify(src/rosbot_ros/rosbot_description) by extension 'ignore_ament_install'
[0.219s] Level 1:colcon.colcon_core.package_identification:_identify(src/rosbot_ros/rosbot_description) by extensions ['colcon_pkg']
[0.219s] Level 1:colcon.colcon_core.package_identification:_identify(src/rosbot_ros/rosbot_description) by extension 'colcon_pkg'
[0.219s] Level 1:colcon.colcon_core.package_identification:_identify(src/rosbot_ros/rosbot_description) by extensions ['colcon_meta']
[0.219s] Level 1:colcon.colcon_core.package_identification:_identify(src/rosbot_ros/rosbot_description) by extension 'colcon_meta'
[0.219s] Level 1:colcon.colcon_core.package_identification:_identify(src/rosbot_ros/rosbot_description) by extensions ['ros']
[0.219s] Level 1:colcon.colcon_core.package_identification:_identify(src/rosbot_ros/rosbot_description) by extension 'ros'
[0.220s] DEBUG:colcon.colcon_core.package_identification:Package 'src/rosbot_ros/rosbot_description' with type 'ros.ament_cmake' and name 'rosbot_description'
[0.220s] Level 1:colcon.colcon_core.package_identification:_identify(src/rosbot_ros/rosbot_gazebo) by extensions ['ignore', 'ignore_ament_install']
[0.220s] Level 1:colcon.colcon_core.package_identification:_identify(src/rosbot_ros/rosbot_gazebo) by extension 'ignore'
[0.220s] Level 1:colcon.colcon_core.package_identification:_identify(src/rosbot_ros/rosbot_gazebo) by extension 'ignore_ament_install'
[0.220s] Level 1:colcon.colcon_core.package_identification:_identify(src/rosbot_ros/rosbot_gazebo) by extensions ['colcon_pkg']
[0.220s] Level 1:colcon.colcon_core.package_identification:_identify(src/rosbot_ros/rosbot_gazebo) by extension 'colcon_pkg'
[0.220s] Level 1:colcon.colcon_core.package_identification:_identify(src/rosbot_ros/rosbot_gazebo) by extensions ['colcon_meta']
[0.220s] Level 1:colcon.colcon_core.package_identification:_identify(src/rosbot_ros/rosbot_gazebo) by extension 'colcon_meta'
[0.220s] Level 1:colcon.colcon_core.package_identification:_identify(src/rosbot_ros/rosbot_gazebo) by extensions ['ros']
[0.220s] Level 1:colcon.colcon_core.package_identification:_identify(src/rosbot_ros/rosbot_gazebo) by extension 'ros'
[0.223s] DEBUG:colcon.colcon_core.package_identification:Package 'src/rosbot_ros/rosbot_gazebo' with type 'ros.ament_python' and name 'rosbot_gazebo'
[0.223s] Level 1:colcon.colcon_core.package_identification:_identify(src/rosbot_ros/rosbot_joy) by extensions ['ignore', 'ignore_ament_install']
[0.223s] Level 1:colcon.colcon_core.package_identification:_identify(src/rosbot_ros/rosbot_joy) by extension 'ignore'
[0.223s] Level 1:colcon.colcon_core.package_identification:_identify(src/rosbot_ros/rosbot_joy) by extension 'ignore_ament_install'
[0.224s] Level 1:colcon.colcon_core.package_identification:_identify(src/rosbot_ros/rosbot_joy) by extensions ['colcon_pkg']
[0.224s] Level 1:colcon.colcon_core.package_identification:_identify(src/rosbot_ros/rosbot_joy) by extension 'colcon_pkg'
[0.224s] Level 1:colcon.colcon_core.package_identification:_identify(src/rosbot_ros/rosbot_joy) by extensions ['colcon_meta']
[0.224s] Level 1:colcon.colcon_core.package_identification:_identify(src/rosbot_ros/rosbot_joy) by extension 'colcon_meta'
[0.224s] Level 1:colcon.colcon_core.package_identification:_identify(src/rosbot_ros/rosbot_joy) by extensions ['ros']
[0.224s] Level 1:colcon.colcon_core.package_identification:_identify(src/rosbot_ros/rosbot_joy) by extension 'ros'
[0.224s] DEBUG:colcon.colcon_core.package_identification:Package 'src/rosbot_ros/rosbot_joy' with type 'ros.ament_cmake' and name 'rosbot_joy'
[0.224s] Level 1:colcon.colcon_core.package_identification:_identify(src/rosbot_ros/rosbot_localization) by extensions ['ignore', 'ignore_ament_install']
[0.224s] Level 1:colcon.colcon_core.package_identification:_identify(src/rosbot_ros/rosbot_localization) by extension 'ignore'
[0.224s] Level 1:colcon.colcon_core.package_identification:_identify(src/rosbot_ros/rosbot_localization) by extension 'ignore_ament_install'
[0.224s] Level 1:colcon.colcon_core.package_identification:_identify(src/rosbot_ros/rosbot_localization) by extensions ['colcon_pkg']
[0.224s] Level 1:colcon.colcon_core.package_identification:_identify(src/rosbot_ros/rosbot_localization) by extension 'colcon_pkg'
[0.224s] Level 1:colcon.colcon_core.package_identification:_identify(src/rosbot_ros/rosbot_localization) by extensions ['colcon_meta']
[0.224s] Level 1:colcon.colcon_core.package_identification:_identify(src/rosbot_ros/rosbot_localization) by extension 'colcon_meta'
[0.224s] Level 1:colcon.colcon_core.package_identification:_identify(src/rosbot_ros/rosbot_localization) by extensions ['ros']
[0.224s] Level 1:colcon.colcon_core.package_identification:_identify(src/rosbot_ros/rosbot_localization) by extension 'ros'
[0.225s] DEBUG:colcon.colcon_core.package_identification:Package 'src/rosbot_ros/rosbot_localization' with type 'ros.ament_cmake' and name 'rosbot_localization'
[0.225s] Level 1:colcon.colcon_core.package_identification:_identify(src/rosbot_ros/rosbot_utils) by extensions ['ignore', 'ignore_ament_install']
[0.225s] Level 1:colcon.colcon_core.package_identification:_identify(src/rosbot_ros/rosbot_utils) by extension 'ignore'
[0.225s] Level 1:colcon.colcon_core.package_identification:_identify(src/rosbot_ros/rosbot_utils) by extension 'ignore_ament_install'
[0.225s] Level 1:colcon.colcon_core.package_identification:_identify(src/rosbot_ros/rosbot_utils) by extensions ['colcon_pkg']
[0.225s] Level 1:colcon.colcon_core.package_identification:_identify(src/rosbot_ros/rosbot_utils) by extension 'colcon_pkg'
[0.225s] Level 1:colcon.colcon_core.package_identification:_identify(src/rosbot_ros/rosbot_utils) by extensions ['colcon_meta']
[0.225s] Level 1:colcon.colcon_core.package_identification:_identify(src/rosbot_ros/rosbot_utils) by extension 'colcon_meta'
[0.225s] Level 1:colcon.colcon_core.package_identification:_identify(src/rosbot_ros/rosbot_utils) by extensions ['ros']
[0.225s] Level 1:colcon.colcon_core.package_identification:_identify(src/rosbot_ros/rosbot_utils) by extension 'ros'
[0.225s] DEBUG:colcon.colcon_core.package_identification:Package 'src/rosbot_ros/rosbot_utils' with type 'ros.ament_python' and name 'rosbot_utils'
[0.225s] Level 1:colcon.colcon_core.package_identification:_identify(src/rosbot_xl_control) by extensions ['ignore', 'ignore_ament_install']
[0.225s] Level 1:colcon.colcon_core.package_identification:_identify(src/rosbot_xl_control) by extension 'ignore'
[0.225s] Level 1:colcon.colcon_core.package_identification:_identify(src/rosbot_xl_control) by extension 'ignore_ament_install'
[0.225s] Level 1:colcon.colcon_core.package_identification:_identify(src/rosbot_xl_control) by extensions ['colcon_pkg']
[0.225s] Level 1:colcon.colcon_core.package_identification:_identify(src/rosbot_xl_control) by extension 'colcon_pkg'
[0.225s] Level 1:colcon.colcon_core.package_identification:_identify(src/rosbot_xl_control) by extensions ['colcon_meta']
[0.225s] Level 1:colcon.colcon_core.package_identification:_identify(src/rosbot_xl_control) by extension 'colcon_meta'
[0.226s] Level 1:colcon.colcon_core.package_identification:_identify(src/rosbot_xl_control) by extensions ['ros']
[0.226s] Level 1:colcon.colcon_core.package_identification:_identify(src/rosbot_xl_control) by extension 'ros'
[0.226s] DEBUG:colcon.colcon_core.package_identification:Package 'src/rosbot_xl_control' with type 'ros.ament_cmake' and name 'rosbot_xl_control'
[0.226s] Level 1:colcon.colcon_core.package_discovery:discover_packages(recursive) using defaults
[0.226s] Level 1:colcon.colcon_core.package_discovery:discover_packages(ignore) discover
[0.226s] Level 1:colcon.colcon_core.package_discovery:discover_packages(ignore) using defaults
[0.226s] Level 1:colcon.colcon_core.package_discovery:discover_packages(path) discover
[0.226s] Level 1:colcon.colcon_core.package_discovery:discover_packages(path) using defaults
[0.241s] INFO:colcon.colcon_core.package_selection:Skipping package 'rosbot_xl_control' in 'src/rosbot_xl_control'
[0.241s] INFO:colcon.colcon_core.package_selection:Skipping package 'rosbot_joy' in 'src/rosbot_ros/rosbot_joy'
[0.241s] INFO:colcon.colcon_core.package_selection:Skipping package 'rosbot_bringup' in 'src/rosbot_ros/rosbot_bringup'
[0.241s] INFO:colcon.colcon_core.package_selection:Skipping package 'controldesc_pkg' in 'src/controldesc_pkg'
[0.242s] Level 1:colcon.colcon_core.package_discovery:discover_packages(prefix_path) check parameters
[0.242s] Level 1:colcon.colcon_core.package_discovery:discover_packages(prefix_path) discover
[0.242s] WARNING:colcon.colcon_ros.prefix_path.ament:The path '/home/ale/Proyecto_CPR/rosbot_ws/install/rosbot' in the environment variable AMENT_PREFIX_PATH doesn't exist
[0.242s] WARNING:colcon.colcon_ros.prefix_path.ament:The path '/home/ale/Proyecto_CPR/rosbot_ws/install/rosbot_localization' in the environment variable AMENT_PREFIX_PATH doesn't exist
[0.242s] WARNING:colcon.colcon_ros.prefix_path.ament:The path '/home/ale/Proyecto_CPR/rosbot_ws/install/open_manipulator_x_moveit' in the environment variable AMENT_PREFIX_PATH doesn't exist
[0.242s] WARNING:colcon.colcon_ros.prefix_path.ament:The path '/home/ale/Proyecto_CPR/rosbot_ws/install/rosbot_description' in the environment variable AMENT_PREFIX_PATH doesn't exist
[0.242s] WARNING:colcon.colcon_ros.prefix_path.ament:The path '/home/ale/Proyecto_CPR/rosbot_ws/install/open_manipulator_x_joy' in the environment variable AMENT_PREFIX_PATH doesn't exist
[0.242s] WARNING:colcon.colcon_ros.prefix_path.ament:The path '/home/ale/Proyecto_CPR/rosbot_ws/install/open_manipulator_x_description' in the environment variable AMENT_PREFIX_PATH doesn't exist
[0.242s] WARNING:colcon.colcon_ros.prefix_path.ament:The path '/home/ale/Proyecto_CPR/rosbot_ws/install/mecanum_drive_controller' in the environment variable AMENT_PREFIX_PATH doesn't exist
[0.242s] WARNING:colcon.colcon_ros.prefix_path.ament:The path '/home/ale/Proyecto_CPR/rosbot_ws/install/husarion_gz_worlds' in the environment variable AMENT_PREFIX_PATH doesn't exist
[0.242s] WARNING:colcon.colcon_ros.prefix_path.ament:The path '/home/ale/Proyecto_CPR/rosbot_ws/install/husarion_components_description' in the environment variable AMENT_PREFIX_PATH doesn't exist
[0.242s] WARNING:colcon.colcon_ros.prefix_path.ament:The path '/home/ale/Proyecto_CPR/rosbot_ws/install/dynamixel_hardware_interface' in the environment variable AMENT_PREFIX_PATH doesn't exist
[0.242s] WARNING:colcon.colcon_ros.prefix_path.ament:The path '/home/ale/Proyecto_CPR/rosbot_ws/install/rosbot_gazebo' in the environment variable AMENT_PREFIX_PATH doesn't exist
[0.242s] WARNING:colcon.colcon_ros.prefix_path.ament:The path '/home/ale/Proyecto_CPR/rosbot_ws/install/rosbot_controller' in the environment variable AMENT_PREFIX_PATH doesn't exist
[0.242s] WARNING:colcon.colcon_ros.prefix_path.ament:The path '/home/ale/Proyecto_CPR/rosbot_ws/install/rosbot_utils' in the environment variable AMENT_PREFIX_PATH doesn't exist
[0.242s] WARNING:colcon.colcon_ros.prefix_path.ament:The path '/home/ale/Proyecto_CPR/rosbot_ws/install/controldesc_pkg' in the environment variable AMENT_PREFIX_PATH doesn't exist
[0.242s] WARNING:colcon.colcon_ros.prefix_path.catkin:The path '/home/ale/Proyecto_CPR/rosbot_ws/install/rosbot_localization' in the environment variable CMAKE_PREFIX_PATH doesn't exist
[0.242s] WARNING:colcon.colcon_ros.prefix_path.catkin:The path '/home/ale/Proyecto_CPR/rosbot_ws/install/open_manipulator_x_moveit' in the environment variable CMAKE_PREFIX_PATH doesn't exist
[0.242s] WARNING:colcon.colcon_ros.prefix_path.catkin:The path '/home/ale/Proyecto_CPR/rosbot_ws/install/rosbot_description' in the environment variable CMAKE_PREFIX_PATH doesn't exist
[0.243s] WARNING:colcon.colcon_ros.prefix_path.catkin:The path '/home/ale/Proyecto_CPR/rosbot_ws/install/rosbot' in the environment variable CMAKE_PREFIX_PATH doesn't exist
[0.243s] WARNING:colcon.colcon_ros.prefix_path.catkin:The path '/home/ale/Proyecto_CPR/rosbot_ws/install/open_manipulator_x_joy' in the environment variable CMAKE_PREFIX_PATH doesn't exist
[0.243s] WARNING:colcon.colcon_ros.prefix_path.catkin:The path '/home/ale/Proyecto_CPR/rosbot_ws/install/open_manipulator_x_description' in the environment variable CMAKE_PREFIX_PATH doesn't exist
[0.243s] WARNING:colcon.colcon_ros.prefix_path.catkin:The path '/home/ale/Proyecto_CPR/rosbot_ws/install/mecanum_drive_controller' in the environment variable CMAKE_PREFIX_PATH doesn't exist
[0.243s] WARNING:colcon.colcon_ros.prefix_path.catkin:The path '/home/ale/Proyecto_CPR/rosbot_ws/install/husarion_gz_worlds' in the environment variable CMAKE_PREFIX_PATH doesn't exist
[0.243s] WARNING:colcon.colcon_ros.prefix_path.catkin:The path '/home/ale/Proyecto_CPR/rosbot_ws/install/husarion_components_description' in the environment variable CMAKE_PREFIX_PATH doesn't exist
[0.243s] WARNING:colcon.colcon_ros.prefix_path.catkin:The path '/home/ale/Proyecto_CPR/rosbot_ws/install/dynamixel_hardware_interface' in the environment variable CMAKE_PREFIX_PATH doesn't exist
[0.243s] WARNING:colcon.colcon_ros.prefix_path.catkin:The path '/home/ale/Proyecto_CPR/rosbot_ws/install/controldesc_pkg' in the environment variable CMAKE_PREFIX_PATH doesn't exist
[0.243s] DEBUG:colcon.colcon_installed_package_information.package_discovery:Found 0 installed packages in /home/ale/Proyecto_CPR/rosbot_ws/install
[0.244s] DEBUG:colcon.colcon_installed_package_information.package_discovery:Found 486 installed packages in /opt/ros/humble
[0.245s] Level 1:colcon.colcon_core.package_discovery:discover_packages(prefix_path) using defaults
[0.278s] WARNING:colcon.colcon_core.package_selection:Some selected packages are already built in one or more underlay workspaces:
	'mecanum_drive_controller' is in: /opt/ros/humble
If a package in a merged underlay workspace is overridden and it installs headers, then all packages in the overlay must sort their include directories by workspace order. Failure to do so may result in build failures or undefined behavior at run time.
If the overridden package is used by another package in any underlay, then the overriding package in the overlay must be API and ABI compatible or undefined behavior at run time may occur.

If you understand the risks and want to override a package anyways, add the following to the command line:
	--allow-overriding mecanum_drive_controller

This may be promoted to an error in a future release of colcon-override-check.
[0.279s] Level 5:colcon.colcon_core.verb:set package 'dynamixel_hardware_interface' build argument 'cmake_args' from command line to '['-DCMAKE_BUILD_TYPE=Release']'
[0.279s] Level 5:colcon.colcon_core.verb:set package 'dynamixel_hardware_interface' build argument 'cmake_target' from command line to 'None'
[0.279s] Level 5:colcon.colcon_core.verb:set package 'dynamixel_hardware_interface' build argument 'cmake_target_skip_unavailable' from command line to 'False'
[0.279s] Level 5:colcon.colcon_core.verb:set package 'dynamixel_hardware_interface' build argument 'cmake_clean_cache' from command line to 'False'
[0.279s] Level 5:colcon.colcon_core.verb:set package 'dynamixel_hardware_interface' build argument 'cmake_clean_first' from command line to 'False'
[0.279s] Level 5:colcon.colcon_core.verb:set package 'dynamixel_hardware_interface' build argument 'cmake_force_configure' from command line to 'False'
[0.279s] Level 5:colcon.colcon_core.verb:set package 'dynamixel_hardware_interface' build argument 'ament_cmake_args' from command line to 'None'
[0.279s] Level 5:colcon.colcon_core.verb:set package 'dynamixel_hardware_interface' build argument 'catkin_cmake_args' from command line to 'None'
[0.279s] Level 5:colcon.colcon_core.verb:set package 'dynamixel_hardware_interface' build argument 'catkin_skip_building_tests' from command line to 'False'
[0.279s] DEBUG:colcon.colcon_core.verb:Building package 'dynamixel_hardware_interface' with the following arguments: {'ament_cmake_args': None, 'build_base': '/home/ale/Proyecto_CPR/rosbot_ws/build/dynamixel_hardware_interface', 'catkin_cmake_args': None, 'catkin_skip_building_tests': False, 'cmake_args': ['-DCMAKE_BUILD_TYPE=Release'], 'cmake_clean_cache': False, 'cmake_clean_first': False, 'cmake_force_configure': False, 'cmake_target': None, 'cmake_target_skip_unavailable': False, 'install_base': '/home/ale/Proyecto_CPR/rosbot_ws/install/dynamixel_hardware_interface', 'merge_install': False, 'path': '/home/ale/Proyecto_CPR/rosbot_ws/src/dynamixel_hardware_interface', 'symlink_install': True, 'test_result_base': None}
[0.279s] Level 5:colcon.colcon_core.verb:set package 'husarion_components_description' build argument 'cmake_args' from command line to '['-DCMAKE_BUILD_TYPE=Release']'
[0.279s] Level 5:colcon.colcon_core.verb:set package 'husarion_components_description' build argument 'cmake_target' from command line to 'None'
[0.279s] Level 5:colcon.colcon_core.verb:set package 'husarion_components_description' build argument 'cmake_target_skip_unavailable' from command line to 'False'
[0.279s] Level 5:colcon.colcon_core.verb:set package 'husarion_components_description' build argument 'cmake_clean_cache' from command line to 'False'
[0.279s] Level 5:colcon.colcon_core.verb:set package 'husarion_components_description' build argument 'cmake_clean_first' from command line to 'False'
[0.279s] Level 5:colcon.colcon_core.verb:set package 'husarion_components_description' build argument 'cmake_force_configure' from command line to 'False'
[0.279s] Level 5:colcon.colcon_core.verb:set package 'husarion_components_description' build argument 'ament_cmake_args' from command line to 'None'
[0.279s] Level 5:colcon.colcon_core.verb:set package 'husarion_components_description' build argument 'catkin_cmake_args' from command line to 'None'
[0.279s] Level 5:colcon.colcon_core.verb:set package 'husarion_components_description' build argument 'catkin_skip_building_tests' from command line to 'False'
[0.279s] DEBUG:colcon.colcon_core.verb:Building package 'husarion_components_description' with the following arguments: {'ament_cmake_args': None, 'build_base': '/home/ale/Proyecto_CPR/rosbot_ws/build/husarion_components_description', 'catkin_cmake_args': None, 'catkin_skip_building_tests': False, 'cmake_args': ['-DCMAKE_BUILD_TYPE=Release'], 'cmake_clean_cache': False, 'cmake_clean_first': False, 'cmake_force_configure': False, 'cmake_target': None, 'cmake_target_skip_unavailable': False, 'install_base': '/home/ale/Proyecto_CPR/rosbot_ws/install/husarion_components_description', 'merge_install': False, 'path': '/home/ale/Proyecto_CPR/rosbot_ws/src/husarion_components_description', 'symlink_install': True, 'test_result_base': None}
[0.279s] Level 5:colcon.colcon_core.verb:set package 'husarion_gz_worlds' build argument 'cmake_args' from command line to '['-DCMAKE_BUILD_TYPE=Release']'
[0.279s] Level 5:colcon.colcon_core.verb:set package 'husarion_gz_worlds' build argument 'cmake_target' from command line to 'None'
[0.279s] Level 5:colcon.colcon_core.verb:set package 'husarion_gz_worlds' build argument 'cmake_target_skip_unavailable' from command line to 'False'
[0.279s] Level 5:colcon.colcon_core.verb:set package 'husarion_gz_worlds' build argument 'cmake_clean_cache' from command line to 'False'
[0.279s] Level 5:colcon.colcon_core.verb:set package 'husarion_gz_worlds' build argument 'cmake_clean_first' from command line to 'False'
[0.279s] Level 5:colcon.colcon_core.verb:set package 'husarion_gz_worlds' build argument 'cmake_force_configure' from command line to 'False'
[0.279s] Level 5:colcon.colcon_core.verb:set package 'husarion_gz_worlds' build argument 'ament_cmake_args' from command line to 'None'
[0.279s] Level 5:colcon.colcon_core.verb:set package 'husarion_gz_worlds' build argument 'catkin_cmake_args' from command line to 'None'
[0.279s] Level 5:colcon.colcon_core.verb:set package 'husarion_gz_worlds' build argument 'catkin_skip_building_tests' from command line to 'False'
[0.279s] DEBUG:colcon.colcon_core.verb:Building package 'husarion_gz_worlds' with the following arguments: {'ament_cmake_args': None, 'build_base': '/home/ale/Proyecto_CPR/rosbot_ws/build/husarion_gz_worlds', 'catkin_cmake_args': None, 'catkin_skip_building_tests': False, 'cmake_args': ['-DCMAKE_BUILD_TYPE=Release'], 'cmake_clean_cache': False, 'cmake_clean_first': False, 'cmake_force_configure': False, 'cmake_target': None, 'cmake_target_skip_unavailable': False, 'install_base': '/home/ale/Proyecto_CPR/rosbot_ws/install/husarion_gz_worlds', 'merge_install': False, 'path': '/home/ale/Proyecto_CPR/rosbot_ws/src/husarion_gz_worlds', 'symlink_install': True, 'test_result_base': None}
[0.280s] Level 5:colcon.colcon_core.verb:set package 'mecanum_drive_controller' build argument 'cmake_args' from command line to '['-DCMAKE_BUILD_TYPE=Release']'
[0.280s] Level 5:colcon.colcon_core.verb:set package 'mecanum_drive_controller' build argument 'cmake_target' from command line to 'None'
[0.280s] Level 5:colcon.colcon_core.verb:set package 'mecanum_drive_controller' build argument 'cmake_target_skip_unavailable' from command line to 'False'
[0.280s] Level 5:colcon.colcon_core.verb:set package 'mecanum_drive_controller' build argument 'cmake_clean_cache' from command line to 'False'
[0.280s] Level 5:colcon.colcon_core.verb:set package 'mecanum_drive_controller' build argument 'cmake_clean_first' from command line to 'False'
[0.280s] Level 5:colcon.colcon_core.verb:set package 'mecanum_drive_controller' build argument 'cmake_force_configure' from command line to 'False'
[0.280s] Level 5:colcon.colcon_core.verb:set package 'mecanum_drive_controller' build argument 'ament_cmake_args' from command line to 'None'
[0.280s] Level 5:colcon.colcon_core.verb:set package 'mecanum_drive_controller' build argument 'catkin_cmake_args' from command line to 'None'
[0.280s] Level 5:colcon.colcon_core.verb:set package 'mecanum_drive_controller' build argument 'catkin_skip_building_tests' from command line to 'False'
[0.280s] DEBUG:colcon.colcon_core.verb:Building package 'mecanum_drive_controller' with the following arguments: {'ament_cmake_args': None, 'build_base': '/home/ale/Proyecto_CPR/rosbot_ws/build/mecanum_drive_controller', 'catkin_cmake_args': None, 'catkin_skip_building_tests': False, 'cmake_args': ['-DCMAKE_BUILD_TYPE=Release'], 'cmake_clean_cache': False, 'cmake_clean_first': False, 'cmake_force_configure': False, 'cmake_target': None, 'cmake_target_skip_unavailable': False, 'install_base': '/home/ale/Proyecto_CPR/rosbot_ws/install/mecanum_drive_controller', 'merge_install': False, 'path': '/home/ale/Proyecto_CPR/rosbot_ws/src/husarion_controllers/mecanum_drive_controller', 'symlink_install': True, 'test_result_base': None}
[0.280s] Level 5:colcon.colcon_core.verb:set package 'open_manipulator_x_joy' build argument 'cmake_args' from command line to '['-DCMAKE_BUILD_TYPE=Release']'
[0.280s] Level 5:colcon.colcon_core.verb:set package 'open_manipulator_x_joy' build argument 'cmake_target' from command line to 'None'
[0.280s] Level 5:colcon.colcon_core.verb:set package 'open_manipulator_x_joy' build argument 'cmake_target_skip_unavailable' from command line to 'False'
[0.280s] Level 5:colcon.colcon_core.verb:set package 'open_manipulator_x_joy' build argument 'cmake_clean_cache' from command line to 'False'
[0.280s] Level 5:colcon.colcon_core.verb:set package 'open_manipulator_x_joy' build argument 'cmake_clean_first' from command line to 'False'
[0.280s] Level 5:colcon.colcon_core.verb:set package 'open_manipulator_x_joy' build argument 'cmake_force_configure' from command line to 'False'
[0.280s] Level 5:colcon.colcon_core.verb:set package 'open_manipulator_x_joy' build argument 'ament_cmake_args' from command line to 'None'
[0.280s] Level 5:colcon.colcon_core.verb:set package 'open_manipulator_x_joy' build argument 'catkin_cmake_args' from command line to 'None'
[0.280s] Level 5:colcon.colcon_core.verb:set package 'open_manipulator_x_joy' build argument 'catkin_skip_building_tests' from command line to 'False'
[0.280s] DEBUG:colcon.colcon_core.verb:Building package 'open_manipulator_x_joy' with the following arguments: {'ament_cmake_args': None, 'build_base': '/home/ale/Proyecto_CPR/rosbot_ws/build/open_manipulator_x_joy', 'catkin_cmake_args': None, 'catkin_skip_building_tests': False, 'cmake_args': ['-DCMAKE_BUILD_TYPE=Release'], 'cmake_clean_cache': False, 'cmake_clean_first': False, 'cmake_force_configure': False, 'cmake_target': None, 'cmake_target_skip_unavailable': False, 'install_base': '/home/ale/Proyecto_CPR/rosbot_ws/install/open_manipulator_x_joy', 'merge_install': False, 'path': '/home/ale/Proyecto_CPR/rosbot_ws/src/open_manipulator_x/open_manipulator_x_joy', 'symlink_install': True, 'test_result_base': None}
[0.280s] Level 5:colcon.colcon_core.verb:set package 'rosbot_localization' build argument 'cmake_args' from command line to '['-DCMAKE_BUILD_TYPE=Release']'
[0.280s] Level 5:colcon.colcon_core.verb:set package 'rosbot_localization' build argument 'cmake_target' from command line to 'None'
[0.280s] Level 5:colcon.colcon_core.verb:set package 'rosbot_localization' build argument 'cmake_target_skip_unavailable' from command line to 'False'
[0.280s] Level 5:colcon.colcon_core.verb:set package 'rosbot_localization' build argument 'cmake_clean_cache' from command line to 'False'
[0.280s] Level 5:colcon.colcon_core.verb:set package 'rosbot_localization' build argument 'cmake_clean_first' from command line to 'False'
[0.280s] Level 5:colcon.colcon_core.verb:set package 'rosbot_localization' build argument 'cmake_force_configure' from command line to 'False'
[0.280s] Level 5:colcon.colcon_core.verb:set package 'rosbot_localization' build argument 'ament_cmake_args' from command line to 'None'
[0.280s] Level 5:colcon.colcon_core.verb:set package 'rosbot_localization' build argument 'catkin_cmake_args' from command line to 'None'
[0.280s] Level 5:colcon.colcon_core.verb:set package 'rosbot_localization' build argument 'catkin_skip_building_tests' from command line to 'False'
[0.280s] DEBUG:colcon.colcon_core.verb:Building package 'rosbot_localization' with the following arguments: {'ament_cmake_args': None, 'build_base': '/home/ale/Proyecto_CPR/rosbot_ws/build/rosbot_localization', 'catkin_cmake_args': None, 'catkin_skip_building_tests': False, 'cmake_args': ['-DCMAKE_BUILD_TYPE=Release'], 'cmake_clean_cache': False, 'cmake_clean_first': False, 'cmake_force_configure': False, 'cmake_target': None, 'cmake_target_skip_unavailable': False, 'install_base': '/home/ale/Proyecto_CPR/rosbot_ws/install/rosbot_localization', 'merge_install': False, 'path': '/home/ale/Proyecto_CPR/rosbot_ws/src/rosbot_ros/rosbot_localization', 'symlink_install': True, 'test_result_base': None}
[0.281s] Level 5:colcon.colcon_core.verb:set package 'rosbot_utils' build argument 'cmake_args' from command line to '['-DCMAKE_BUILD_TYPE=Release']'
[0.281s] Level 5:colcon.colcon_core.verb:set package 'rosbot_utils' build argument 'cmake_target' from command line to 'None'
[0.281s] Level 5:colcon.colcon_core.verb:set package 'rosbot_utils' build argument 'cmake_target_skip_unavailable' from command line to 'False'
[0.281s] Level 5:colcon.colcon_core.verb:set package 'rosbot_utils' build argument 'cmake_clean_cache' from command line to 'False'
[0.281s] Level 5:colcon.colcon_core.verb:set package 'rosbot_utils' build argument 'cmake_clean_first' from command line to 'False'
[0.281s] Level 5:colcon.colcon_core.verb:set package 'rosbot_utils' build argument 'cmake_force_configure' from command line to 'False'
[0.281s] Level 5:colcon.colcon_core.verb:set package 'rosbot_utils' build argument 'ament_cmake_args' from command line to 'None'
[0.281s] Level 5:colcon.colcon_core.verb:set package 'rosbot_utils' build argument 'catkin_cmake_args' from command line to 'None'
[0.281s] Level 5:colcon.colcon_core.verb:set package 'rosbot_utils' build argument 'catkin_skip_building_tests' from command line to 'False'
[0.281s] DEBUG:colcon.colcon_core.verb:Building package 'rosbot_utils' with the following arguments: {'ament_cmake_args': None, 'build_base': '/home/ale/Proyecto_CPR/rosbot_ws/build/rosbot_utils', 'catkin_cmake_args': None, 'catkin_skip_building_tests': False, 'cmake_args': ['-DCMAKE_BUILD_TYPE=Release'], 'cmake_clean_cache': False, 'cmake_clean_first': False, 'cmake_force_configure': False, 'cmake_target': None, 'cmake_target_skip_unavailable': False, 'install_base': '/home/ale/Proyecto_CPR/rosbot_ws/install/rosbot_utils', 'merge_install': False, 'path': '/home/ale/Proyecto_CPR/rosbot_ws/src/rosbot_ros/rosbot_utils', 'symlink_install': True, 'test_result_base': None}
[0.281s] Level 5:colcon.colcon_core.verb:set package 'open_manipulator_x_description' build argument 'cmake_args' from command line to '['-DCMAKE_BUILD_TYPE=Release']'
[0.281s] Level 5:colcon.colcon_core.verb:set package 'open_manipulator_x_description' build argument 'cmake_target' from command line to 'None'
[0.281s] Level 5:colcon.colcon_core.verb:set package 'open_manipulator_x_description' build argument 'cmake_target_skip_unavailable' from command line to 'False'
[0.281s] Level 5:colcon.colcon_core.verb:set package 'open_manipulator_x_description' build argument 'cmake_clean_cache' from command line to 'False'
[0.281s] Level 5:colcon.colcon_core.verb:set package 'open_manipulator_x_description' build argument 'cmake_clean_first' from command line to 'False'
[0.281s] Level 5:colcon.colcon_core.verb:set package 'open_manipulator_x_description' build argument 'cmake_force_configure' from command line to 'False'
[0.281s] Level 5:colcon.colcon_core.verb:set package 'open_manipulator_x_description' build argument 'ament_cmake_args' from command line to 'None'
[0.281s] Level 5:colcon.colcon_core.verb:set package 'open_manipulator_x_description' build argument 'catkin_cmake_args' from command line to 'None'
[0.281s] Level 5:colcon.colcon_core.verb:set package 'open_manipulator_x_description' build argument 'catkin_skip_building_tests' from command line to 'False'
[0.281s] DEBUG:colcon.colcon_core.verb:Building package 'open_manipulator_x_description' with the following arguments: {'ament_cmake_args': None, 'build_base': '/home/ale/Proyecto_CPR/rosbot_ws/build/open_manipulator_x_description', 'catkin_cmake_args': None, 'catkin_skip_building_tests': False, 'cmake_args': ['-DCMAKE_BUILD_TYPE=Release'], 'cmake_clean_cache': False, 'cmake_clean_first': False, 'cmake_force_configure': False, 'cmake_target': None, 'cmake_target_skip_unavailable': False, 'install_base': '/home/ale/Proyecto_CPR/rosbot_ws/install/open_manipulator_x_description', 'merge_install': False, 'path': '/home/ale/Proyecto_CPR/rosbot_ws/src/open_manipulator_x/open_manipulator_x_description', 'symlink_install': True, 'test_result_base': None}
[0.281s] Level 5:colcon.colcon_core.verb:set package 'rosbot_description' build argument 'cmake_args' from command line to '['-DCMAKE_BUILD_TYPE=Release']'
[0.281s] Level 5:colcon.colcon_core.verb:set package 'rosbot_description' build argument 'cmake_target' from command line to 'None'
[0.281s] Level 5:colcon.colcon_core.verb:set package 'rosbot_description' build argument 'cmake_target_skip_unavailable' from command line to 'False'
[0.281s] Level 5:colcon.colcon_core.verb:set package 'rosbot_description' build argument 'cmake_clean_cache' from command line to 'False'
[0.281s] Level 5:colcon.colcon_core.verb:set package 'rosbot_description' build argument 'cmake_clean_first' from command line to 'False'
[0.281s] Level 5:colcon.colcon_core.verb:set package 'rosbot_description' build argument 'cmake_force_configure' from command line to 'False'
[0.281s] Level 5:colcon.colcon_core.verb:set package 'rosbot_description' build argument 'ament_cmake_args' from command line to 'None'
[0.281s] Level 5:colcon.colcon_core.verb:set package 'rosbot_description' build argument 'catkin_cmake_args' from command line to 'None'
[0.281s] Level 5:colcon.colcon_core.verb:set package 'rosbot_description' build argument 'catkin_skip_building_tests' from command line to 'False'
[0.281s] DEBUG:colcon.colcon_core.verb:Building package 'rosbot_description' with the following arguments: {'ament_cmake_args': None, 'build_base': '/home/ale/Proyecto_CPR/rosbot_ws/build/rosbot_description', 'catkin_cmake_args': None, 'catkin_skip_building_tests': False, 'cmake_args': ['-DCMAKE_BUILD_TYPE=Release'], 'cmake_clean_cache': False, 'cmake_clean_first': False, 'cmake_force_configure': False, 'cmake_target': None, 'cmake_target_skip_unavailable': False, 'install_base': '/home/ale/Proyecto_CPR/rosbot_ws/install/rosbot_description', 'merge_install': False, 'path': '/home/ale/Proyecto_CPR/rosbot_ws/src/rosbot_ros/rosbot_description', 'symlink_install': True, 'test_result_base': None}
[0.282s] Level 5:colcon.colcon_core.verb:set package 'open_manipulator_x_moveit' build argument 'cmake_args' from command line to '['-DCMAKE_BUILD_TYPE=Release']'
[0.282s] Level 5:colcon.colcon_core.verb:set package 'open_manipulator_x_moveit' build argument 'cmake_target' from command line to 'None'
[0.282s] Level 5:colcon.colcon_core.verb:set package 'open_manipulator_x_moveit' build argument 'cmake_target_skip_unavailable' from command line to 'False'
[0.282s] Level 5:colcon.colcon_core.verb:set package 'open_manipulator_x_moveit' build argument 'cmake_clean_cache' from command line to 'False'
[0.282s] Level 5:colcon.colcon_core.verb:set package 'open_manipulator_x_moveit' build argument 'cmake_clean_first' from command line to 'False'
[0.282s] Level 5:colcon.colcon_core.verb:set package 'open_manipulator_x_moveit' build argument 'cmake_force_configure' from command line to 'False'
[0.282s] Level 5:colcon.colcon_core.verb:set package 'open_manipulator_x_moveit' build argument 'ament_cmake_args' from command line to 'None'
[0.282s] Level 5:colcon.colcon_core.verb:set package 'open_manipulator_x_moveit' build argument 'catkin_cmake_args' from command line to 'None'
[0.282s] Level 5:colcon.colcon_core.verb:set package 'open_manipulator_x_moveit' build argument 'catkin_skip_building_tests' from command line to 'False'
[0.282s] DEBUG:colcon.colcon_core.verb:Building package 'open_manipulator_x_moveit' with the following arguments: {'ament_cmake_args': None, 'build_base': '/home/ale/Proyecto_CPR/rosbot_ws/build/open_manipulator_x_moveit', 'catkin_cmake_args': None, 'catkin_skip_building_tests': False, 'cmake_args': ['-DCMAKE_BUILD_TYPE=Release'], 'cmake_clean_cache': False, 'cmake_clean_first': False, 'cmake_force_configure': False, 'cmake_target': None, 'cmake_target_skip_unavailable': False, 'install_base': '/home/ale/Proyecto_CPR/rosbot_ws/install/open_manipulator_x_moveit', 'merge_install': False, 'path': '/home/ale/Proyecto_CPR/rosbot_ws/src/open_manipulator_x/open_manipulator_x_moveit', 'symlink_install': True, 'test_result_base': None}
[0.282s] Level 5:colcon.colcon_core.verb:set package 'rosbot_controller' build argument 'cmake_args' from command line to '['-DCMAKE_BUILD_TYPE=Release']'
[0.282s] Level 5:colcon.colcon_core.verb:set package 'rosbot_controller' build argument 'cmake_target' from command line to 'None'
[0.282s] Level 5:colcon.colcon_core.verb:set package 'rosbot_controller' build argument 'cmake_target_skip_unavailable' from command line to 'False'
[0.282s] Level 5:colcon.colcon_core.verb:set package 'rosbot_controller' build argument 'cmake_clean_cache' from command line to 'False'
[0.282s] Level 5:colcon.colcon_core.verb:set package 'rosbot_controller' build argument 'cmake_clean_first' from command line to 'False'
[0.282s] Level 5:colcon.colcon_core.verb:set package 'rosbot_controller' build argument 'cmake_force_configure' from command line to 'False'
[0.282s] Level 5:colcon.colcon_core.verb:set package 'rosbot_controller' build argument 'ament_cmake_args' from command line to 'None'
[0.282s] Level 5:colcon.colcon_core.verb:set package 'rosbot_controller' build argument 'catkin_cmake_args' from command line to 'None'
[0.282s] Level 5:colcon.colcon_core.verb:set package 'rosbot_controller' build argument 'catkin_skip_building_tests' from command line to 'False'
[0.282s] DEBUG:colcon.colcon_core.verb:Building package 'rosbot_controller' with the following arguments: {'ament_cmake_args': None, 'build_base': '/home/ale/Proyecto_CPR/rosbot_ws/build/rosbot_controller', 'catkin_cmake_args': None, 'catkin_skip_building_tests': False, 'cmake_args': ['-DCMAKE_BUILD_TYPE=Release'], 'cmake_clean_cache': False, 'cmake_clean_first': False, 'cmake_force_configure': False, 'cmake_target': None, 'cmake_target_skip_unavailable': False, 'install_base': '/home/ale/Proyecto_CPR/rosbot_ws/install/rosbot_controller', 'merge_install': False, 'path': '/home/ale/Proyecto_CPR/rosbot_ws/src/rosbot_ros/rosbot_controller', 'symlink_install': True, 'test_result_base': None}
[0.282s] Level 5:colcon.colcon_core.verb:set package 'rosbot_gazebo' build argument 'cmake_args' from command line to '['-DCMAKE_BUILD_TYPE=Release']'
[0.282s] Level 5:colcon.colcon_core.verb:set package 'rosbot_gazebo' build argument 'cmake_target' from command line to 'None'
[0.282s] Level 5:colcon.colcon_core.verb:set package 'rosbot_gazebo' build argument 'cmake_target_skip_unavailable' from command line to 'False'
[0.282s] Level 5:colcon.colcon_core.verb:set package 'rosbot_gazebo' build argument 'cmake_clean_cache' from command line to 'False'
[0.282s] Level 5:colcon.colcon_core.verb:set package 'rosbot_gazebo' build argument 'cmake_clean_first' from command line to 'False'
[0.282s] Level 5:colcon.colcon_core.verb:set package 'rosbot_gazebo' build argument 'cmake_force_configure' from command line to 'False'
[0.282s] Level 5:colcon.colcon_core.verb:set package 'rosbot_gazebo' build argument 'ament_cmake_args' from command line to 'None'
[0.282s] Level 5:colcon.colcon_core.verb:set package 'rosbot_gazebo' build argument 'catkin_cmake_args' from command line to 'None'
[0.282s] Level 5:colcon.colcon_core.verb:set package 'rosbot_gazebo' build argument 'catkin_skip_building_tests' from command line to 'False'
[0.282s] DEBUG:colcon.colcon_core.verb:Building package 'rosbot_gazebo' with the following arguments: {'ament_cmake_args': None, 'build_base': '/home/ale/Proyecto_CPR/rosbot_ws/build/rosbot_gazebo', 'catkin_cmake_args': None, 'catkin_skip_building_tests': False, 'cmake_args': ['-DCMAKE_BUILD_TYPE=Release'], 'cmake_clean_cache': False, 'cmake_clean_first': False, 'cmake_force_configure': False, 'cmake_target': None, 'cmake_target_skip_unavailable': False, 'install_base': '/home/ale/Proyecto_CPR/rosbot_ws/install/rosbot_gazebo', 'merge_install': False, 'path': '/home/ale/Proyecto_CPR/rosbot_ws/src/rosbot_ros/rosbot_gazebo', 'symlink_install': True, 'test_result_base': None}
[0.283s] Level 5:colcon.colcon_core.verb:set package 'rosbot' build argument 'cmake_args' from command line to '['-DCMAKE_BUILD_TYPE=Release']'
[0.283s] Level 5:colcon.colcon_core.verb:set package 'rosbot' build argument 'cmake_target' from command line to 'None'
[0.283s] Level 5:colcon.colcon_core.verb:set package 'rosbot' build argument 'cmake_target_skip_unavailable' from command line to 'False'
[0.283s] Level 5:colcon.colcon_core.verb:set package 'rosbot' build argument 'cmake_clean_cache' from command line to 'False'
[0.283s] Level 5:colcon.colcon_core.verb:set package 'rosbot' build argument 'cmake_clean_first' from command line to 'False'
[0.283s] Level 5:colcon.colcon_core.verb:set package 'rosbot' build argument 'cmake_force_configure' from command line to 'False'
[0.283s] Level 5:colcon.colcon_core.verb:set package 'rosbot' build argument 'ament_cmake_args' from command line to 'None'
[0.283s] Level 5:colcon.colcon_core.verb:set package 'rosbot' build argument 'catkin_cmake_args' from command line to 'None'
[0.283s] Level 5:colcon.colcon_core.verb:set package 'rosbot' build argument 'catkin_skip_building_tests' from command line to 'False'
[0.283s] DEBUG:colcon.colcon_core.verb:Building package 'rosbot' with the following arguments: {'ament_cmake_args': None, 'build_base': '/home/ale/Proyecto_CPR/rosbot_ws/build/rosbot', 'catkin_cmake_args': None, 'catkin_skip_building_tests': False, 'cmake_args': ['-DCMAKE_BUILD_TYPE=Release'], 'cmake_clean_cache': False, 'cmake_clean_first': False, 'cmake_force_configure': False, 'cmake_target': None, 'cmake_target_skip_unavailable': False, 'install_base': '/home/ale/Proyecto_CPR/rosbot_ws/install/rosbot', 'merge_install': False, 'path': '/home/ale/Proyecto_CPR/rosbot_ws/src/rosbot_ros/rosbot', 'symlink_install': True, 'test_result_base': None}
[0.283s] INFO:colcon.colcon_core.executor:Executing jobs using 'parallel' executor
[0.284s] DEBUG:colcon.colcon_parallel_executor.executor.parallel:run_until_complete
[0.284s] INFO:colcon.colcon_ros.task.ament_cmake.build:Building ROS package in '/home/ale/Proyecto_CPR/rosbot_ws/src/dynamixel_hardware_interface' with build type 'ament_cmake'
[0.284s] INFO:colcon.colcon_cmake.task.cmake.build:Building CMake package in '/home/ale/Proyecto_CPR/rosbot_ws/src/dynamixel_hardware_interface'
[0.286s] INFO:colcon.colcon_core.plugin_system:Skipping extension 'colcon_core.shell.bat': Not used on non-Windows systems
[0.286s] INFO:colcon.colcon_core.shell:Skip shell extension 'powershell' for command environment: Not usable outside of PowerShell
[0.286s] DEBUG:colcon.colcon_core.shell:Skip shell extension 'dsv' for command environment
[0.288s] INFO:colcon.colcon_ros.task.ament_cmake.build:Building ROS package in '/home/ale/Proyecto_CPR/rosbot_ws/src/husarion_components_description' with build type 'ament_cmake'
[0.288s] INFO:colcon.colcon_cmake.task.cmake.build:Building CMake package in '/home/ale/Proyecto_CPR/rosbot_ws/src/husarion_components_description'
[0.288s] INFO:colcon.colcon_core.shell:Skip shell extension 'powershell' for command environment: Not usable outside of PowerShell
[0.288s] DEBUG:colcon.colcon_core.shell:Skip shell extension 'dsv' for command environment
[0.290s] INFO:colcon.colcon_ros.task.ament_cmake.build:Building ROS package in '/home/ale/Proyecto_CPR/rosbot_ws/src/open_manipulator_x/open_manipulator_x_joy' with build type 'ament_cmake'
[0.290s] INFO:colcon.colcon_cmake.task.cmake.build:Building CMake package in '/home/ale/Proyecto_CPR/rosbot_ws/src/open_manipulator_x/open_manipulator_x_joy'
[0.290s] INFO:colcon.colcon_core.shell:Skip shell extension 'powershell' for command environment: Not usable outside of PowerShell
[0.290s] DEBUG:colcon.colcon_core.shell:Skip shell extension 'dsv' for command environment
[0.292s] INFO:colcon.colcon_ros.task.ament_cmake.build:Building ROS package in '/home/ale/Proyecto_CPR/rosbot_ws/src/husarion_controllers/mecanum_drive_controller' with build type 'ament_cmake'
[0.293s] INFO:colcon.colcon_cmake.task.cmake.build:Building CMake package in '/home/ale/Proyecto_CPR/rosbot_ws/src/husarion_controllers/mecanum_drive_controller'
[0.293s] INFO:colcon.colcon_core.shell:Skip shell extension 'powershell' for command environment: Not usable outside of PowerShell
[0.293s] DEBUG:colcon.colcon_core.shell:Skip shell extension 'dsv' for command environment
[0.295s] INFO:colcon.colcon_ros.task.ament_python.build:Building ROS package in '/home/ale/Proyecto_CPR/rosbot_ws/src/rosbot_ros/rosbot_utils' with build type 'ament_python'
[0.295s] Level 1:colcon.colcon_core.shell:create_environment_hook('rosbot_utils', 'ament_prefix_path')
[0.295s] INFO:colcon.colcon_core.shell:Creating environment hook '/home/ale/Proyecto_CPR/rosbot_ws/install/rosbot_utils/share/rosbot_utils/hook/ament_prefix_path.ps1'
[0.295s] INFO:colcon.colcon_core.shell:Creating environment descriptor '/home/ale/Proyecto_CPR/rosbot_ws/install/rosbot_utils/share/rosbot_utils/hook/ament_prefix_path.dsv'
[0.296s] INFO:colcon.colcon_core.shell:Creating environment hook '/home/ale/Proyecto_CPR/rosbot_ws/install/rosbot_utils/share/rosbot_utils/hook/ament_prefix_path.sh'
[0.296s] INFO:colcon.colcon_core.shell:Skip shell extension 'powershell' for command environment: Not usable outside of PowerShell
[0.296s] DEBUG:colcon.colcon_core.shell:Skip shell extension 'dsv' for command environment
[0.298s] INFO:colcon.colcon_ros.task.ament_cmake.build:Building ROS package in '/home/ale/Proyecto_CPR/rosbot_ws/src/husarion_gz_worlds' with build type 'ament_cmake'
[0.298s] INFO:colcon.colcon_cmake.task.cmake.build:Building CMake package in '/home/ale/Proyecto_CPR/rosbot_ws/src/husarion_gz_worlds'
[0.298s] INFO:colcon.colcon_core.shell:Skip shell extension 'powershell' for command environment: Not usable outside of PowerShell
[0.298s] DEBUG:colcon.colcon_core.shell:Skip shell extension 'dsv' for command environment
[0.300s] INFO:colcon.colcon_ros.task.ament_cmake.build:Building ROS package in '/home/ale/Proyecto_CPR/rosbot_ws/src/rosbot_ros/rosbot_localization' with build type 'ament_cmake'
[0.300s] INFO:colcon.colcon_cmake.task.cmake.build:Building CMake package in '/home/ale/Proyecto_CPR/rosbot_ws/src/rosbot_ros/rosbot_localization'
[0.300s] INFO:colcon.colcon_core.shell:Skip shell extension 'powershell' for command environment: Not usable outside of PowerShell
[0.300s] DEBUG:colcon.colcon_core.shell:Skip shell extension 'dsv' for command environment
[0.306s] DEBUG:colcon.colcon_core.event_handler.log_command:Invoking command in '/home/ale/Proyecto_CPR/rosbot_ws/build/dynamixel_hardware_interface': CMAKE_PREFIX_PATH=${CMAKE_PREFIX_PATH}:/home/ale/Proyecto_CPR/rosbot_ws/install/rosbot_gazebo:/home/ale/Proyecto_CPR/rosbot_ws/install/rosbot_controller:/home/ale/Proyecto_CPR/rosbot_ws/install/rosbot_utils:/opt/ros/humble /usr/bin/cmake /home/ale/Proyecto_CPR/rosbot_ws/src/dynamixel_hardware_interface -DCMAKE_BUILD_TYPE=Release -DAMENT_CMAKE_SYMLINK_INSTALL=1 -DCMAKE_INSTALL_PREFIX=/home/ale/Proyecto_CPR/rosbot_ws/install/dynamixel_hardware_interface
[0.307s] DEBUG:colcon.colcon_core.event_handler.log_command:Invoking command in '/home/ale/Proyecto_CPR/rosbot_ws/build/husarion_components_description': CMAKE_PREFIX_PATH=${CMAKE_PREFIX_PATH}:/home/ale/Proyecto_CPR/rosbot_ws/install/rosbot_gazebo:/home/ale/Proyecto_CPR/rosbot_ws/install/rosbot_controller:/home/ale/Proyecto_CPR/rosbot_ws/install/rosbot_utils:/opt/ros/humble /usr/bin/cmake /home/ale/Proyecto_CPR/rosbot_ws/src/husarion_components_description -DCMAKE_BUILD_TYPE=Release -DAMENT_CMAKE_SYMLINK_INSTALL=1 -DCMAKE_INSTALL_PREFIX=/home/ale/Proyecto_CPR/rosbot_ws/install/husarion_components_description
[0.308s] DEBUG:colcon.colcon_core.event_handler.log_command:Invoking command in '/home/ale/Proyecto_CPR/rosbot_ws/build/open_manipulator_x_joy': CMAKE_PREFIX_PATH=${CMAKE_PREFIX_PATH}:/home/ale/Proyecto_CPR/rosbot_ws/install/rosbot_gazebo:/home/ale/Proyecto_CPR/rosbot_ws/install/rosbot_controller:/home/ale/Proyecto_CPR/rosbot_ws/install/rosbot_utils:/opt/ros/humble /usr/bin/cmake /home/ale/Proyecto_CPR/rosbot_ws/src/open_manipulator_x/open_manipulator_x_joy -DCMAKE_BUILD_TYPE=Release -DAMENT_CMAKE_SYMLINK_INSTALL=1 -DCMAKE_INSTALL_PREFIX=/home/ale/Proyecto_CPR/rosbot_ws/install/open_manipulator_x_joy
[0.310s] DEBUG:colcon.colcon_core.event_handler.log_command:Invoking command in '/home/ale/Proyecto_CPR/rosbot_ws/build/mecanum_drive_controller': CMAKE_PREFIX_PATH=${CMAKE_PREFIX_PATH}:/home/ale/Proyecto_CPR/rosbot_ws/install/rosbot_gazebo:/home/ale/Proyecto_CPR/rosbot_ws/install/rosbot_controller:/home/ale/Proyecto_CPR/rosbot_ws/install/rosbot_utils:/opt/ros/humble /usr/bin/cmake /home/ale/Proyecto_CPR/rosbot_ws/src/husarion_controllers/mecanum_drive_controller -DCMAKE_BUILD_TYPE=Release -DAMENT_CMAKE_SYMLINK_INSTALL=1 -DCMAKE_INSTALL_PREFIX=/home/ale/Proyecto_CPR/rosbot_ws/install/mecanum_drive_controller
[0.485s] INFO:colcon.colcon_core.task.python.build:Building Python package in '/home/ale/Proyecto_CPR/rosbot_ws/src/rosbot_ros/rosbot_utils'
[0.485s] INFO:colcon.colcon_core.shell:Skip shell extension 'powershell' for command environment: Not usable outside of PowerShell
[0.485s] DEBUG:colcon.colcon_core.shell:Skip shell extension 'dsv' for command environment
[0.490s] DEBUG:colcon.colcon_core.event_handler.log_command:Invoking command in '/home/ale/Proyecto_CPR/rosbot_ws/build/husarion_gz_worlds': CMAKE_PREFIX_PATH=${CMAKE_PREFIX_PATH}:/home/ale/Proyecto_CPR/rosbot_ws/install/rosbot_gazebo:/home/ale/Proyecto_CPR/rosbot_ws/install/rosbot_controller:/home/ale/Proyecto_CPR/rosbot_ws/install/rosbot_utils:/opt/ros/humble /usr/bin/cmake /home/ale/Proyecto_CPR/rosbot_ws/src/husarion_gz_worlds -DCMAKE_BUILD_TYPE=Release -DAMENT_CMAKE_SYMLINK_INSTALL=1 -DCMAKE_INSTALL_PREFIX=/home/ale/Proyecto_CPR/rosbot_ws/install/husarion_gz_worlds
[0.496s] DEBUG:colcon.colcon_core.event_handler.log_command:Invoking command in '/home/ale/Proyecto_CPR/rosbot_ws/build/rosbot_localization': CMAKE_PREFIX_PATH=${CMAKE_PREFIX_PATH}:/home/ale/Proyecto_CPR/rosbot_ws/install/rosbot_gazebo:/home/ale/Proyecto_CPR/rosbot_ws/install/rosbot_controller:/home/ale/Proyecto_CPR/rosbot_ws/install/rosbot_utils:/opt/ros/humble /usr/bin/cmake /home/ale/Proyecto_CPR/rosbot_ws/src/rosbot_ros/rosbot_localization -DCMAKE_BUILD_TYPE=Release -DAMENT_CMAKE_SYMLINK_INSTALL=1 -DCMAKE_INSTALL_PREFIX=/home/ale/Proyecto_CPR/rosbot_ws/install/rosbot_localization
[0.770s] DEBUG:colcon.colcon_core.event_handler.log_command:Invoking command in '/home/ale/Proyecto_CPR/rosbot_ws/build/rosbot_utils': PYTHONPATH=/home/ale/Proyecto_CPR/rosbot_ws/build/rosbot_utils/prefix_override:/usr/lib/python3/dist-packages/colcon_core/task/python/colcon_distutils_commands:/home/ale/Proyecto_CPR/rosbot_ws/install/rosbot_utils/lib/python3.10/site-packages:${PYTHONPATH} /usr/bin/python3 -W ignore:setup.py install is deprecated -W ignore:easy_install command is deprecated setup.py develop --editable --build-directory /home/ale/Proyecto_CPR/rosbot_ws/build/rosbot_utils/build --no-deps symlink_data
[1.033s] DEBUG:colcon.colcon_core.event_handler.log_command:Invoked command in '/home/ale/Proyecto_CPR/rosbot_ws/build/rosbot_localization' returned '0': CMAKE_PREFIX_PATH=${CMAKE_PREFIX_PATH}:/home/ale/Proyecto_CPR/rosbot_ws/install/rosbot_gazebo:/home/ale/Proyecto_CPR/rosbot_ws/install/rosbot_controller:/home/ale/Proyecto_CPR/rosbot_ws/install/rosbot_utils:/opt/ros/humble /usr/bin/cmake /home/ale/Proyecto_CPR/rosbot_ws/src/rosbot_ros/rosbot_localization -DCMAKE_BUILD_TYPE=Release -DAMENT_CMAKE_SYMLINK_INSTALL=1 -DCMAKE_INSTALL_PREFIX=/home/ale/Proyecto_CPR/rosbot_ws/install/rosbot_localization
[1.035s] DEBUG:colcon.colcon_core.event_handler.log_command:Invoking command in '/home/ale/Proyecto_CPR/rosbot_ws/build/rosbot_localization': CMAKE_PREFIX_PATH=${CMAKE_PREFIX_PATH}:/home/ale/Proyecto_CPR/rosbot_ws/install/rosbot_gazebo:/home/ale/Proyecto_CPR/rosbot_ws/install/rosbot_controller:/home/ale/Proyecto_CPR/rosbot_ws/install/rosbot_utils:/opt/ros/humble /usr/bin/cmake --build /home/ale/Proyecto_CPR/rosbot_ws/build/rosbot_localization -- -j16 -l16
[1.040s] DEBUG:colcon.colcon_core.event_handler.log_command:Invoked command in '/home/ale/Proyecto_CPR/rosbot_ws/build/husarion_components_description' returned '0': CMAKE_PREFIX_PATH=${CMAKE_PREFIX_PATH}:/home/ale/Proyecto_CPR/rosbot_ws/install/rosbot_gazebo:/home/ale/Proyecto_CPR/rosbot_ws/install/rosbot_controller:/home/ale/Proyecto_CPR/rosbot_ws/install/rosbot_utils:/opt/ros/humble /usr/bin/cmake /home/ale/Proyecto_CPR/rosbot_ws/src/husarion_components_description -DCMAKE_BUILD_TYPE=Release -DAMENT_CMAKE_SYMLINK_INSTALL=1 -DCMAKE_INSTALL_PREFIX=/home/ale/Proyecto_CPR/rosbot_ws/install/husarion_components_description
[1.042s] DEBUG:colcon.colcon_core.event_handler.log_command:Invoking command in '/home/ale/Proyecto_CPR/rosbot_ws/build/husarion_components_description': CMAKE_PREFIX_PATH=${CMAKE_PREFIX_PATH}:/home/ale/Proyecto_CPR/rosbot_ws/install/rosbot_gazebo:/home/ale/Proyecto_CPR/rosbot_ws/install/rosbot_controller:/home/ale/Proyecto_CPR/rosbot_ws/install/rosbot_utils:/opt/ros/humble /usr/bin/cmake --build /home/ale/Proyecto_CPR/rosbot_ws/build/husarion_components_description -- -j16 -l16
[1.059s] DEBUG:colcon.colcon_core.event_handler.log_command:Invoked command in '/home/ale/Proyecto_CPR/rosbot_ws/build/husarion_gz_worlds' returned '0': CMAKE_PREFIX_PATH=${CMAKE_PREFIX_PATH}:/home/ale/Proyecto_CPR/rosbot_ws/install/rosbot_gazebo:/home/ale/Proyecto_CPR/rosbot_ws/install/rosbot_controller:/home/ale/Proyecto_CPR/rosbot_ws/install/rosbot_utils:/opt/ros/humble /usr/bin/cmake /home/ale/Proyecto_CPR/rosbot_ws/src/husarion_gz_worlds -DCMAKE_BUILD_TYPE=Release -DAMENT_CMAKE_SYMLINK_INSTALL=1 -DCMAKE_INSTALL_PREFIX=/home/ale/Proyecto_CPR/rosbot_ws/install/husarion_gz_worlds
[1.061s] DEBUG:colcon.colcon_core.event_handler.log_command:Invoking command in '/home/ale/Proyecto_CPR/rosbot_ws/build/husarion_gz_worlds': CMAKE_PREFIX_PATH=${CMAKE_PREFIX_PATH}:/home/ale/Proyecto_CPR/rosbot_ws/install/rosbot_gazebo:/home/ale/Proyecto_CPR/rosbot_ws/install/rosbot_controller:/home/ale/Proyecto_CPR/rosbot_ws/install/rosbot_utils:/opt/ros/humble /usr/bin/cmake --build /home/ale/Proyecto_CPR/rosbot_ws/build/husarion_gz_worlds -- -j16 -l16
[1.068s] DEBUG:colcon.colcon_core.event_handler.log_command:Invoked command in '/home/ale/Proyecto_CPR/rosbot_ws/build/rosbot_localization' returned '0': CMAKE_PREFIX_PATH=${CMAKE_PREFIX_PATH}:/home/ale/Proyecto_CPR/rosbot_ws/install/rosbot_gazebo:/home/ale/Proyecto_CPR/rosbot_ws/install/rosbot_controller:/home/ale/Proyecto_CPR/rosbot_ws/install/rosbot_utils:/opt/ros/humble /usr/bin/cmake --build /home/ale/Proyecto_CPR/rosbot_ws/build/rosbot_localization -- -j16 -l16
[1.075s] DEBUG:colcon.colcon_core.event_handler.log_command:Invoking command in '/home/ale/Proyecto_CPR/rosbot_ws/build/rosbot_localization': CMAKE_PREFIX_PATH=${CMAKE_PREFIX_PATH}:/home/ale/Proyecto_CPR/rosbot_ws/install/rosbot_gazebo:/home/ale/Proyecto_CPR/rosbot_ws/install/rosbot_controller:/home/ale/Proyecto_CPR/rosbot_ws/install/rosbot_utils:/opt/ros/humble /usr/bin/cmake --install /home/ale/Proyecto_CPR/rosbot_ws/build/rosbot_localization
[1.076s] DEBUG:colcon.colcon_core.event_handler.log_command:Invoked command in '/home/ale/Proyecto_CPR/rosbot_ws/build/husarion_components_description' returned '0': CMAKE_PREFIX_PATH=${CMAKE_PREFIX_PATH}:/home/ale/Proyecto_CPR/rosbot_ws/install/rosbot_gazebo:/home/ale/Proyecto_CPR/rosbot_ws/install/rosbot_controller:/home/ale/Proyecto_CPR/rosbot_ws/install/rosbot_utils:/opt/ros/humble /usr/bin/cmake --build /home/ale/Proyecto_CPR/rosbot_ws/build/husarion_components_description -- -j16 -l16
[1.078s] DEBUG:colcon.colcon_core.event_handler.log_command:Invoking command in '/home/ale/Proyecto_CPR/rosbot_ws/build/husarion_components_description': CMAKE_PREFIX_PATH=${CMAKE_PREFIX_PATH}:/home/ale/Proyecto_CPR/rosbot_ws/install/rosbot_gazebo:/home/ale/Proyecto_CPR/rosbot_ws/install/rosbot_controller:/home/ale/Proyecto_CPR/rosbot_ws/install/rosbot_utils:/opt/ros/humble /usr/bin/cmake --install /home/ale/Proyecto_CPR/rosbot_ws/build/husarion_components_description
[1.091s] DEBUG:colcon.colcon_core.event_handler.log_command:Invoked command in '/home/ale/Proyecto_CPR/rosbot_ws/build/husarion_gz_worlds' returned '0': CMAKE_PREFIX_PATH=${CMAKE_PREFIX_PATH}:/home/ale/Proyecto_CPR/rosbot_ws/install/rosbot_gazebo:/home/ale/Proyecto_CPR/rosbot_ws/install/rosbot_controller:/home/ale/Proyecto_CPR/rosbot_ws/install/rosbot_utils:/opt/ros/humble /usr/bin/cmake --build /home/ale/Proyecto_CPR/rosbot_ws/build/husarion_gz_worlds -- -j16 -l16
[1.094s] DEBUG:colcon.colcon_core.event_handler.log_command:Invoking command in '/home/ale/Proyecto_CPR/rosbot_ws/build/husarion_gz_worlds': CMAKE_PREFIX_PATH=${CMAKE_PREFIX_PATH}:/home/ale/Proyecto_CPR/rosbot_ws/install/rosbot_gazebo:/home/ale/Proyecto_CPR/rosbot_ws/install/rosbot_controller:/home/ale/Proyecto_CPR/rosbot_ws/install/rosbot_utils:/opt/ros/humble /usr/bin/cmake --install /home/ale/Proyecto_CPR/rosbot_ws/build/husarion_gz_worlds
[1.165s] Level 1:colcon.colcon_core.shell:create_environment_hook('rosbot_utils', 'pythonpath_develop')
[1.166s] INFO:colcon.colcon_core.shell:Creating environment hook '/home/ale/Proyecto_CPR/rosbot_ws/build/rosbot_utils/share/rosbot_utils/hook/pythonpath_develop.ps1'
[1.166s] DEBUG:colcon.colcon_core.event_handler.log_command:Invoked command in '/home/ale/Proyecto_CPR/rosbot_ws/build/rosbot_utils' returned '0': PYTHONPATH=/home/ale/Proyecto_CPR/rosbot_ws/build/rosbot_utils/prefix_override:/usr/lib/python3/dist-packages/colcon_core/task/python/colcon_distutils_commands:/home/ale/Proyecto_CPR/rosbot_ws/install/rosbot_utils/lib/python3.10/site-packages:${PYTHONPATH} /usr/bin/python3 -W ignore:setup.py install is deprecated -W ignore:easy_install command is deprecated setup.py develop --editable --build-directory /home/ale/Proyecto_CPR/rosbot_ws/build/rosbot_utils/build --no-deps symlink_data
[1.167s] INFO:colcon.colcon_core.shell:Creating environment descriptor '/home/ale/Proyecto_CPR/rosbot_ws/build/rosbot_utils/share/rosbot_utils/hook/pythonpath_develop.dsv'
[1.167s] INFO:colcon.colcon_core.shell:Creating environment hook '/home/ale/Proyecto_CPR/rosbot_ws/build/rosbot_utils/share/rosbot_utils/hook/pythonpath_develop.sh'
[1.169s] Level 1:colcon.colcon_core.environment:checking '/home/ale/Proyecto_CPR/rosbot_ws/install/rosbot_utils' for CMake module files
[1.170s] Level 1:colcon.colcon_core.environment:checking '/home/ale/Proyecto_CPR/rosbot_ws/install/rosbot_utils' for CMake config files
[1.170s] Level 1:colcon.colcon_core.environment:checking '/home/ale/Proyecto_CPR/rosbot_ws/install/rosbot_utils/lib'
[1.171s] Level 1:colcon.colcon_core.environment:checking '/home/ale/Proyecto_CPR/rosbot_ws/install/rosbot_utils/bin'
[1.171s] Level 1:colcon.colcon_core.environment:checking '/home/ale/Proyecto_CPR/rosbot_ws/install/rosbot_utils/lib/pkgconfig/rosbot_utils.pc'
[1.171s] Level 1:colcon.colcon_core.environment:checking '/home/ale/Proyecto_CPR/rosbot_ws/install/rosbot_utils/lib/python3.10/site-packages'
[1.171s] Level 1:colcon.colcon_core.shell:create_environment_hook('rosbot_utils', 'pythonpath')
[1.171s] INFO:colcon.colcon_core.shell:Creating environment hook '/home/ale/Proyecto_CPR/rosbot_ws/install/rosbot_utils/share/rosbot_utils/hook/pythonpath.ps1'
[1.171s] INFO:colcon.colcon_core.shell:Creating environment descriptor '/home/ale/Proyecto_CPR/rosbot_ws/install/rosbot_utils/share/rosbot_utils/hook/pythonpath.dsv'
[1.172s] INFO:colcon.colcon_core.shell:Creating environment hook '/home/ale/Proyecto_CPR/rosbot_ws/install/rosbot_utils/share/rosbot_utils/hook/pythonpath.sh'
[1.172s] Level 1:colcon.colcon_core.environment:checking '/home/ale/Proyecto_CPR/rosbot_ws/install/rosbot_utils/bin'
[1.172s] Level 1:colcon.colcon_core.environment:create_environment_scripts_only(rosbot_utils)
[1.172s] INFO:colcon.colcon_core.shell:Creating package script '/home/ale/Proyecto_CPR/rosbot_ws/install/rosbot_utils/share/rosbot_utils/package.ps1'
[1.173s] INFO:colcon.colcon_core.shell:Creating package descriptor '/home/ale/Proyecto_CPR/rosbot_ws/install/rosbot_utils/share/rosbot_utils/package.dsv'
[1.174s] INFO:colcon.colcon_core.shell:Creating package script '/home/ale/Proyecto_CPR/rosbot_ws/install/rosbot_utils/share/rosbot_utils/package.sh'
[1.174s] INFO:colcon.colcon_core.shell:Creating package script '/home/ale/Proyecto_CPR/rosbot_ws/install/rosbot_utils/share/rosbot_utils/package.bash'
[1.175s] INFO:colcon.colcon_core.shell:Creating package script '/home/ale/Proyecto_CPR/rosbot_ws/install/rosbot_utils/share/rosbot_utils/package.zsh'
[1.175s] Level 1:colcon.colcon_core.environment:create_file_with_runtime_dependencies(/home/ale/Proyecto_CPR/rosbot_ws/install/rosbot_utils/share/colcon-core/packages/rosbot_utils)
[1.194s] Level 1:colcon.colcon_core.environment:create_environment_scripts_only(rosbot_localization)
[1.194s] DEBUG:colcon.colcon_core.event_handler.log_command:Invoked command in '/home/ale/Proyecto_CPR/rosbot_ws/build/rosbot_localization' returned '0': CMAKE_PREFIX_PATH=${CMAKE_PREFIX_PATH}:/home/ale/Proyecto_CPR/rosbot_ws/install/rosbot_gazebo:/home/ale/Proyecto_CPR/rosbot_ws/install/rosbot_controller:/home/ale/Proyecto_CPR/rosbot_ws/install/rosbot_utils:/opt/ros/humble /usr/bin/cmake --install /home/ale/Proyecto_CPR/rosbot_ws/build/rosbot_localization
[1.195s] Level 1:colcon.colcon_core.environment:checking '/home/ale/Proyecto_CPR/rosbot_ws/install/rosbot_localization' for CMake module files
[1.195s] Level 1:colcon.colcon_core.environment:checking '/home/ale/Proyecto_CPR/rosbot_ws/install/rosbot_localization' for CMake config files
[1.196s] Level 1:colcon.colcon_core.shell:create_environment_hook('rosbot_localization', 'cmake_prefix_path')
[1.196s] INFO:colcon.colcon_core.shell:Creating environment hook '/home/ale/Proyecto_CPR/rosbot_ws/install/rosbot_localization/share/rosbot_localization/hook/cmake_prefix_path.ps1'
[1.197s] INFO:colcon.colcon_core.shell:Creating environment descriptor '/home/ale/Proyecto_CPR/rosbot_ws/install/rosbot_localization/share/rosbot_localization/hook/cmake_prefix_path.dsv'
[1.197s] INFO:colcon.colcon_core.shell:Creating environment hook '/home/ale/Proyecto_CPR/rosbot_ws/install/rosbot_localization/share/rosbot_localization/hook/cmake_prefix_path.sh'
[1.198s] Level 1:colcon.colcon_core.environment:checking '/home/ale/Proyecto_CPR/rosbot_ws/install/rosbot_localization/bin'
[1.198s] Level 1:colcon.colcon_core.environment:checking '/home/ale/Proyecto_CPR/rosbot_ws/install/rosbot_localization/lib/pkgconfig/rosbot_localization.pc'
[1.198s] Level 1:colcon.colcon_core.environment:checking '/home/ale/Proyecto_CPR/rosbot_ws/install/rosbot_localization/lib/python3.10/site-packages'
[1.199s] Level 1:colcon.colcon_core.environment:checking '/home/ale/Proyecto_CPR/rosbot_ws/install/rosbot_localization/bin'
[1.199s] INFO:colcon.colcon_core.shell:Creating package script '/home/ale/Proyecto_CPR/rosbot_ws/install/rosbot_localization/share/rosbot_localization/package.ps1'
[1.200s] INFO:colcon.colcon_core.shell:Creating package descriptor '/home/ale/Proyecto_CPR/rosbot_ws/install/rosbot_localization/share/rosbot_localization/package.dsv'
[1.200s] INFO:colcon.colcon_core.shell:Creating package script '/home/ale/Proyecto_CPR/rosbot_ws/install/rosbot_localization/share/rosbot_localization/package.sh'
[1.201s] INFO:colcon.colcon_core.shell:Creating package script '/home/ale/Proyecto_CPR/rosbot_ws/install/rosbot_localization/share/rosbot_localization/package.bash'
[1.201s] INFO:colcon.colcon_core.shell:Creating package script '/home/ale/Proyecto_CPR/rosbot_ws/install/rosbot_localization/share/rosbot_localization/package.zsh'
[1.202s] Level 1:colcon.colcon_core.environment:create_file_with_runtime_dependencies(/home/ale/Proyecto_CPR/rosbot_ws/install/rosbot_localization/share/colcon-core/packages/rosbot_localization)
[1.202s] Level 1:colcon.colcon_core.environment:create_environment_scripts_only(rosbot_localization)
[1.203s] Level 1:colcon.colcon_core.environment:checking '/home/ale/Proyecto_CPR/rosbot_ws/install/rosbot_localization' for CMake module files
[1.204s] Level 1:colcon.colcon_core.environment:checking '/home/ale/Proyecto_CPR/rosbot_ws/install/rosbot_localization' for CMake config files
[1.204s] Level 1:colcon.colcon_core.shell:create_environment_hook('rosbot_localization', 'cmake_prefix_path')
[1.204s] INFO:colcon.colcon_core.shell:Creating environment hook '/home/ale/Proyecto_CPR/rosbot_ws/install/rosbot_localization/share/rosbot_localization/hook/cmake_prefix_path.ps1'
[1.205s] INFO:colcon.colcon_core.shell:Creating environment descriptor '/home/ale/Proyecto_CPR/rosbot_ws/install/rosbot_localization/share/rosbot_localization/hook/cmake_prefix_path.dsv'
[1.205s] INFO:colcon.colcon_core.shell:Creating environment hook '/home/ale/Proyecto_CPR/rosbot_ws/install/rosbot_localization/share/rosbot_localization/hook/cmake_prefix_path.sh'
[1.206s] Level 1:colcon.colcon_core.environment:checking '/home/ale/Proyecto_CPR/rosbot_ws/install/rosbot_localization/bin'
[1.206s] Level 1:colcon.colcon_core.environment:checking '/home/ale/Proyecto_CPR/rosbot_ws/install/rosbot_localization/lib/pkgconfig/rosbot_localization.pc'
[1.206s] Level 1:colcon.colcon_core.environment:checking '/home/ale/Proyecto_CPR/rosbot_ws/install/rosbot_localization/lib/python3.10/site-packages'
[1.207s] Level 1:colcon.colcon_core.environment:checking '/home/ale/Proyecto_CPR/rosbot_ws/install/rosbot_localization/bin'
[1.207s] INFO:colcon.colcon_core.shell:Creating package script '/home/ale/Proyecto_CPR/rosbot_ws/install/rosbot_localization/share/rosbot_localization/package.ps1'
[1.208s] INFO:colcon.colcon_core.shell:Creating package descriptor '/home/ale/Proyecto_CPR/rosbot_ws/install/rosbot_localization/share/rosbot_localization/package.dsv'
[1.208s] INFO:colcon.colcon_core.shell:Creating package script '/home/ale/Proyecto_CPR/rosbot_ws/install/rosbot_localization/share/rosbot_localization/package.sh'
[1.209s] INFO:colcon.colcon_core.shell:Creating package script '/home/ale/Proyecto_CPR/rosbot_ws/install/rosbot_localization/share/rosbot_localization/package.bash'
[1.210s] INFO:colcon.colcon_core.shell:Creating package script '/home/ale/Proyecto_CPR/rosbot_ws/install/rosbot_localization/share/rosbot_localization/package.zsh'
[1.210s] Level 1:colcon.colcon_core.environment:create_file_with_runtime_dependencies(/home/ale/Proyecto_CPR/rosbot_ws/install/rosbot_localization/share/colcon-core/packages/rosbot_localization)
[1.349s] DEBUG:colcon.colcon_core.event_handler.log_command:Invoked command in '/home/ale/Proyecto_CPR/rosbot_ws/build/dynamixel_hardware_interface' returned '0': CMAKE_PREFIX_PATH=${CMAKE_PREFIX_PATH}:/home/ale/Proyecto_CPR/rosbot_ws/install/rosbot_gazebo:/home/ale/Proyecto_CPR/rosbot_ws/install/rosbot_controller:/home/ale/Proyecto_CPR/rosbot_ws/install/rosbot_utils:/opt/ros/humble /usr/bin/cmake /home/ale/Proyecto_CPR/rosbot_ws/src/dynamixel_hardware_interface -DCMAKE_BUILD_TYPE=Release -DAMENT_CMAKE_SYMLINK_INSTALL=1 -DCMAKE_INSTALL_PREFIX=/home/ale/Proyecto_CPR/rosbot_ws/install/dynamixel_hardware_interface
[1.350s] DEBUG:colcon.colcon_core.event_handler.log_command:Invoking command in '/home/ale/Proyecto_CPR/rosbot_ws/build/dynamixel_hardware_interface': CMAKE_PREFIX_PATH=${CMAKE_PREFIX_PATH}:/home/ale/Proyecto_CPR/rosbot_ws/install/rosbot_gazebo:/home/ale/Proyecto_CPR/rosbot_ws/install/rosbot_controller:/home/ale/Proyecto_CPR/rosbot_ws/install/rosbot_utils:/opt/ros/humble /usr/bin/cmake --build /home/ale/Proyecto_CPR/rosbot_ws/build/dynamixel_hardware_interface -- -j16 -l16
[1.386s] DEBUG:colcon.colcon_core.event_handler.log_command:Invoked command in '/home/ale/Proyecto_CPR/rosbot_ws/build/mecanum_drive_controller' returned '0': CMAKE_PREFIX_PATH=${CMAKE_PREFIX_PATH}:/home/ale/Proyecto_CPR/rosbot_ws/install/rosbot_gazebo:/home/ale/Proyecto_CPR/rosbot_ws/install/rosbot_controller:/home/ale/Proyecto_CPR/rosbot_ws/install/rosbot_utils:/opt/ros/humble /usr/bin/cmake /home/ale/Proyecto_CPR/rosbot_ws/src/husarion_controllers/mecanum_drive_controller -DCMAKE_BUILD_TYPE=Release -DAMENT_CMAKE_SYMLINK_INSTALL=1 -DCMAKE_INSTALL_PREFIX=/home/ale/Proyecto_CPR/rosbot_ws/install/mecanum_drive_controller
[1.386s] DEBUG:colcon.colcon_core.event_handler.log_command:Invoking command in '/home/ale/Proyecto_CPR/rosbot_ws/build/mecanum_drive_controller': CMAKE_PREFIX_PATH=${CMAKE_PREFIX_PATH}:/home/ale/Proyecto_CPR/rosbot_ws/install/rosbot_gazebo:/home/ale/Proyecto_CPR/rosbot_ws/install/rosbot_controller:/home/ale/Proyecto_CPR/rosbot_ws/install/rosbot_utils:/opt/ros/humble /usr/bin/cmake --build /home/ale/Proyecto_CPR/rosbot_ws/build/mecanum_drive_controller -- -j16 -l16
[1.594s] Level 1:colcon.colcon_core.environment:create_environment_scripts_only(husarion_components_description)
[1.594s] Level 1:colcon.colcon_core.environment:checking '/home/ale/Proyecto_CPR/rosbot_ws/install/husarion_components_description' for CMake module files
[1.595s] DEBUG:colcon.colcon_core.event_handler.log_command:Invoked command in '/home/ale/Proyecto_CPR/rosbot_ws/build/husarion_components_description' returned '0': CMAKE_PREFIX_PATH=${CMAKE_PREFIX_PATH}:/home/ale/Proyecto_CPR/rosbot_ws/install/rosbot_gazebo:/home/ale/Proyecto_CPR/rosbot_ws/install/rosbot_controller:/home/ale/Proyecto_CPR/rosbot_ws/install/rosbot_utils:/opt/ros/humble /usr/bin/cmake --install /home/ale/Proyecto_CPR/rosbot_ws/build/husarion_components_description
[1.595s] Level 1:colcon.colcon_core.environment:checking '/home/ale/Proyecto_CPR/rosbot_ws/install/husarion_components_description' for CMake config files
[1.596s] Level 1:colcon.colcon_core.shell:create_environment_hook('husarion_components_description', 'cmake_prefix_path')
[1.596s] INFO:colcon.colcon_core.shell:Creating environment hook '/home/ale/Proyecto_CPR/rosbot_ws/install/husarion_components_description/share/husarion_components_description/hook/cmake_prefix_path.ps1'
[1.596s] INFO:colcon.colcon_core.shell:Creating environment descriptor '/home/ale/Proyecto_CPR/rosbot_ws/install/husarion_components_description/share/husarion_components_description/hook/cmake_prefix_path.dsv'
[1.596s] INFO:colcon.colcon_core.shell:Creating environment hook '/home/ale/Proyecto_CPR/rosbot_ws/install/husarion_components_description/share/husarion_components_description/hook/cmake_prefix_path.sh'
[1.597s] Level 1:colcon.colcon_core.environment:checking '/home/ale/Proyecto_CPR/rosbot_ws/install/husarion_components_description/bin'
[1.597s] Level 1:colcon.colcon_core.environment:checking '/home/ale/Proyecto_CPR/rosbot_ws/install/husarion_components_description/lib/pkgconfig/husarion_components_description.pc'
[1.597s] Level 1:colcon.colcon_core.environment:checking '/home/ale/Proyecto_CPR/rosbot_ws/install/husarion_components_description/lib/python3.10/site-packages'
[1.597s] Level 1:colcon.colcon_core.environment:checking '/home/ale/Proyecto_CPR/rosbot_ws/install/husarion_components_description/bin'
[1.598s] INFO:colcon.colcon_core.shell:Creating package script '/home/ale/Proyecto_CPR/rosbot_ws/install/husarion_components_description/share/husarion_components_description/package.ps1'
[1.598s] INFO:colcon.colcon_core.shell:Creating package descriptor '/home/ale/Proyecto_CPR/rosbot_ws/install/husarion_components_description/share/husarion_components_description/package.dsv'
[1.598s] INFO:colcon.colcon_core.shell:Creating package script '/home/ale/Proyecto_CPR/rosbot_ws/install/husarion_components_description/share/husarion_components_description/package.sh'
[1.599s] INFO:colcon.colcon_core.shell:Creating package script '/home/ale/Proyecto_CPR/rosbot_ws/install/husarion_components_description/share/husarion_components_description/package.bash'
[1.599s] INFO:colcon.colcon_core.shell:Creating package script '/home/ale/Proyecto_CPR/rosbot_ws/install/husarion_components_description/share/husarion_components_description/package.zsh'
[1.599s] Level 1:colcon.colcon_core.environment:create_file_with_runtime_dependencies(/home/ale/Proyecto_CPR/rosbot_ws/install/husarion_components_description/share/colcon-core/packages/husarion_components_description)
[1.599s] Level 1:colcon.colcon_core.environment:create_environment_scripts_only(husarion_components_description)
[1.600s] Level 1:colcon.colcon_core.environment:checking '/home/ale/Proyecto_CPR/rosbot_ws/install/husarion_components_description' for CMake module files
[1.600s] Level 1:colcon.colcon_core.environment:checking '/home/ale/Proyecto_CPR/rosbot_ws/install/husarion_components_description' for CMake config files
[1.600s] Level 1:colcon.colcon_core.shell:create_environment_hook('husarion_components_description', 'cmake_prefix_path')
[1.600s] INFO:colcon.colcon_core.shell:Creating environment hook '/home/ale/Proyecto_CPR/rosbot_ws/install/husarion_components_description/share/husarion_components_description/hook/cmake_prefix_path.ps1'
[1.600s] INFO:colcon.colcon_core.shell:Creating environment descriptor '/home/ale/Proyecto_CPR/rosbot_ws/install/husarion_components_description/share/husarion_components_description/hook/cmake_prefix_path.dsv'
[1.601s] INFO:colcon.colcon_core.shell:Creating environment hook '/home/ale/Proyecto_CPR/rosbot_ws/install/husarion_components_description/share/husarion_components_description/hook/cmake_prefix_path.sh'
[1.601s] Level 1:colcon.colcon_core.environment:checking '/home/ale/Proyecto_CPR/rosbot_ws/install/husarion_components_description/bin'
[1.601s] Level 1:colcon.colcon_core.environment:checking '/home/ale/Proyecto_CPR/rosbot_ws/install/husarion_components_description/lib/pkgconfig/husarion_components_description.pc'
[1.601s] Level 1:colcon.colcon_core.environment:checking '/home/ale/Proyecto_CPR/rosbot_ws/install/husarion_components_description/lib/python3.10/site-packages'
[1.601s] Level 1:colcon.colcon_core.environment:checking '/home/ale/Proyecto_CPR/rosbot_ws/install/husarion_components_description/bin'
[1.602s] INFO:colcon.colcon_core.shell:Creating package script '/home/ale/Proyecto_CPR/rosbot_ws/install/husarion_components_description/share/husarion_components_description/package.ps1'
[1.602s] INFO:colcon.colcon_core.shell:Creating package descriptor '/home/ale/Proyecto_CPR/rosbot_ws/install/husarion_components_description/share/husarion_components_description/package.dsv'
[1.602s] INFO:colcon.colcon_core.shell:Creating package script '/home/ale/Proyecto_CPR/rosbot_ws/install/husarion_components_description/share/husarion_components_description/package.sh'
[1.603s] INFO:colcon.colcon_core.shell:Creating package script '/home/ale/Proyecto_CPR/rosbot_ws/install/husarion_components_description/share/husarion_components_description/package.bash'
[1.603s] INFO:colcon.colcon_core.shell:Creating package script '/home/ale/Proyecto_CPR/rosbot_ws/install/husarion_components_description/share/husarion_components_description/package.zsh'
[1.603s] Level 1:colcon.colcon_core.environment:create_file_with_runtime_dependencies(/home/ale/Proyecto_CPR/rosbot_ws/install/husarion_components_description/share/colcon-core/packages/husarion_components_description)
[1.789s] DEBUG:colcon.colcon_core.event_handler.log_command:Invoked command in '/home/ale/Proyecto_CPR/rosbot_ws/build/open_manipulator_x_joy' returned '0': CMAKE_PREFIX_PATH=${CMAKE_PREFIX_PATH}:/home/ale/Proyecto_CPR/rosbot_ws/install/rosbot_gazebo:/home/ale/Proyecto_CPR/rosbot_ws/install/rosbot_controller:/home/ale/Proyecto_CPR/rosbot_ws/install/rosbot_utils:/opt/ros/humble /usr/bin/cmake /home/ale/Proyecto_CPR/rosbot_ws/src/open_manipulator_x/open_manipulator_x_joy -DCMAKE_BUILD_TYPE=Release -DAMENT_CMAKE_SYMLINK_INSTALL=1 -DCMAKE_INSTALL_PREFIX=/home/ale/Proyecto_CPR/rosbot_ws/install/open_manipulator_x_joy
[1.790s] DEBUG:colcon.colcon_core.event_handler.log_command:Invoking command in '/home/ale/Proyecto_CPR/rosbot_ws/build/open_manipulator_x_joy': CMAKE_PREFIX_PATH=${CMAKE_PREFIX_PATH}:/home/ale/Proyecto_CPR/rosbot_ws/install/rosbot_gazebo:/home/ale/Proyecto_CPR/rosbot_ws/install/rosbot_controller:/home/ale/Proyecto_CPR/rosbot_ws/install/rosbot_utils:/opt/ros/humble /usr/bin/cmake --build /home/ale/Proyecto_CPR/rosbot_ws/build/open_manipulator_x_joy -- -j16 -l16
[1.813s] Level 1:colcon.colcon_core.environment:create_environment_scripts_only(husarion_gz_worlds)
[1.813s] Level 1:colcon.colcon_core.environment:checking '/home/ale/Proyecto_CPR/rosbot_ws/install/husarion_gz_worlds' for CMake module files
[1.814s] DEBUG:colcon.colcon_core.event_handler.log_command:Invoked command in '/home/ale/Proyecto_CPR/rosbot_ws/build/husarion_gz_worlds' returned '0': CMAKE_PREFIX_PATH=${CMAKE_PREFIX_PATH}:/home/ale/Proyecto_CPR/rosbot_ws/install/rosbot_gazebo:/home/ale/Proyecto_CPR/rosbot_ws/install/rosbot_controller:/home/ale/Proyecto_CPR/rosbot_ws/install/rosbot_utils:/opt/ros/humble /usr/bin/cmake --install /home/ale/Proyecto_CPR/rosbot_ws/build/husarion_gz_worlds
[1.814s] Level 1:colcon.colcon_core.environment:checking '/home/ale/Proyecto_CPR/rosbot_ws/install/husarion_gz_worlds' for CMake config files
[1.815s] Level 1:colcon.colcon_core.shell:create_environment_hook('husarion_gz_worlds', 'cmake_prefix_path')
[1.816s] INFO:colcon.colcon_core.shell:Creating environment hook '/home/ale/Proyecto_CPR/rosbot_ws/install/husarion_gz_worlds/share/husarion_gz_worlds/hook/cmake_prefix_path.ps1'
[1.816s] INFO:colcon.colcon_core.shell:Creating environment descriptor '/home/ale/Proyecto_CPR/rosbot_ws/install/husarion_gz_worlds/share/husarion_gz_worlds/hook/cmake_prefix_path.dsv'
[1.817s] INFO:colcon.colcon_core.shell:Creating environment hook '/home/ale/Proyecto_CPR/rosbot_ws/install/husarion_gz_worlds/share/husarion_gz_worlds/hook/cmake_prefix_path.sh'
[1.817s] Level 1:colcon.colcon_core.environment:checking '/home/ale/Proyecto_CPR/rosbot_ws/install/husarion_gz_worlds/bin'
[1.817s] Level 1:colcon.colcon_core.environment:checking '/home/ale/Proyecto_CPR/rosbot_ws/install/husarion_gz_worlds/lib/pkgconfig/husarion_gz_worlds.pc'
[1.818s] Level 1:colcon.colcon_core.environment:checking '/home/ale/Proyecto_CPR/rosbot_ws/install/husarion_gz_worlds/lib/python3.10/site-packages'
[1.818s] Level 1:colcon.colcon_core.environment:checking '/home/ale/Proyecto_CPR/rosbot_ws/install/husarion_gz_worlds/bin'
[1.819s] INFO:colcon.colcon_core.shell:Creating package script '/home/ale/Proyecto_CPR/rosbot_ws/install/husarion_gz_worlds/share/husarion_gz_worlds/package.ps1'
[1.819s] INFO:colcon.colcon_core.shell:Creating package descriptor '/home/ale/Proyecto_CPR/rosbot_ws/install/husarion_gz_worlds/share/husarion_gz_worlds/package.dsv'
[1.820s] INFO:colcon.colcon_core.shell:Creating package script '/home/ale/Proyecto_CPR/rosbot_ws/install/husarion_gz_worlds/share/husarion_gz_worlds/package.sh'
[1.820s] INFO:colcon.colcon_core.shell:Creating package script '/home/ale/Proyecto_CPR/rosbot_ws/install/husarion_gz_worlds/share/husarion_gz_worlds/package.bash'
[1.820s] INFO:colcon.colcon_core.shell:Creating package script '/home/ale/Proyecto_CPR/rosbot_ws/install/husarion_gz_worlds/share/husarion_gz_worlds/package.zsh'
[1.821s] Level 1:colcon.colcon_core.environment:create_file_with_runtime_dependencies(/home/ale/Proyecto_CPR/rosbot_ws/install/husarion_gz_worlds/share/colcon-core/packages/husarion_gz_worlds)
[1.822s] Level 1:colcon.colcon_core.environment:create_environment_scripts_only(husarion_gz_worlds)
[1.822s] Level 1:colcon.colcon_core.environment:checking '/home/ale/Proyecto_CPR/rosbot_ws/install/husarion_gz_worlds' for CMake module files
[1.822s] Level 1:colcon.colcon_core.environment:checking '/home/ale/Proyecto_CPR/rosbot_ws/install/husarion_gz_worlds' for CMake config files
[1.824s] Level 1:colcon.colcon_core.shell:create_environment_hook('husarion_gz_worlds', 'cmake_prefix_path')
[1.824s] INFO:colcon.colcon_core.shell:Creating environment hook '/home/ale/Proyecto_CPR/rosbot_ws/install/husarion_gz_worlds/share/husarion_gz_worlds/hook/cmake_prefix_path.ps1'
[1.824s] INFO:colcon.colcon_core.shell:Creating environment descriptor '/home/ale/Proyecto_CPR/rosbot_ws/install/husarion_gz_worlds/share/husarion_gz_worlds/hook/cmake_prefix_path.dsv'
[1.825s] INFO:colcon.colcon_core.shell:Creating environment hook '/home/ale/Proyecto_CPR/rosbot_ws/install/husarion_gz_worlds/share/husarion_gz_worlds/hook/cmake_prefix_path.sh'
[1.825s] Level 1:colcon.colcon_core.environment:checking '/home/ale/Proyecto_CPR/rosbot_ws/install/husarion_gz_worlds/bin'
[1.825s] Level 1:colcon.colcon_core.environment:checking '/home/ale/Proyecto_CPR/rosbot_ws/install/husarion_gz_worlds/lib/pkgconfig/husarion_gz_worlds.pc'
[1.826s] Level 1:colcon.colcon_core.environment:checking '/home/ale/Proyecto_CPR/rosbot_ws/install/husarion_gz_worlds/lib/python3.10/site-packages'
[1.826s] Level 1:colcon.colcon_core.environment:checking '/home/ale/Proyecto_CPR/rosbot_ws/install/husarion_gz_worlds/bin'
[1.827s] INFO:colcon.colcon_core.shell:Creating package script '/home/ale/Proyecto_CPR/rosbot_ws/install/husarion_gz_worlds/share/husarion_gz_worlds/package.ps1'
[1.827s] INFO:colcon.colcon_core.shell:Creating package descriptor '/home/ale/Proyecto_CPR/rosbot_ws/install/husarion_gz_worlds/share/husarion_gz_worlds/package.dsv'
[1.827s] INFO:colcon.colcon_core.shell:Creating package script '/home/ale/Proyecto_CPR/rosbot_ws/install/husarion_gz_worlds/share/husarion_gz_worlds/package.sh'
[1.828s] INFO:colcon.colcon_core.shell:Creating package script '/home/ale/Proyecto_CPR/rosbot_ws/install/husarion_gz_worlds/share/husarion_gz_worlds/package.bash'
[1.828s] INFO:colcon.colcon_core.shell:Creating package script '/home/ale/Proyecto_CPR/rosbot_ws/install/husarion_gz_worlds/share/husarion_gz_worlds/package.zsh'
[1.828s] Level 1:colcon.colcon_core.environment:create_file_with_runtime_dependencies(/home/ale/Proyecto_CPR/rosbot_ws/install/husarion_gz_worlds/share/colcon-core/packages/husarion_gz_worlds)
[11.409s] DEBUG:colcon.colcon_core.event_handler.log_command:Invoked command in '/home/ale/Proyecto_CPR/rosbot_ws/build/dynamixel_hardware_interface' returned '0': CMAKE_PREFIX_PATH=${CMAKE_PREFIX_PATH}:/home/ale/Proyecto_CPR/rosbot_ws/install/rosbot_gazebo:/home/ale/Proyecto_CPR/rosbot_ws/install/rosbot_controller:/home/ale/Proyecto_CPR/rosbot_ws/install/rosbot_utils:/opt/ros/humble /usr/bin/cmake --build /home/ale/Proyecto_CPR/rosbot_ws/build/dynamixel_hardware_interface -- -j16 -l16
[11.410s] DEBUG:colcon.colcon_core.event_handler.log_command:Invoking command in '/home/ale/Proyecto_CPR/rosbot_ws/build/dynamixel_hardware_interface': CMAKE_PREFIX_PATH=${CMAKE_PREFIX_PATH}:/home/ale/Proyecto_CPR/rosbot_ws/install/rosbot_gazebo:/home/ale/Proyecto_CPR/rosbot_ws/install/rosbot_controller:/home/ale/Proyecto_CPR/rosbot_ws/install/rosbot_utils:/opt/ros/humble /usr/bin/cmake --install /home/ale/Proyecto_CPR/rosbot_ws/build/dynamixel_hardware_interface
[12.030s] Level 1:colcon.colcon_core.environment:create_environment_scripts_only(dynamixel_hardware_interface)
[12.030s] Level 1:colcon.colcon_core.environment:checking '/home/ale/Proyecto_CPR/rosbot_ws/install/dynamixel_hardware_interface' for CMake module files
[12.031s] DEBUG:colcon.colcon_core.event_handler.log_command:Invoked command in '/home/ale/Proyecto_CPR/rosbot_ws/build/dynamixel_hardware_interface' returned '0': CMAKE_PREFIX_PATH=${CMAKE_PREFIX_PATH}:/home/ale/Proyecto_CPR/rosbot_ws/install/rosbot_gazebo:/home/ale/Proyecto_CPR/rosbot_ws/install/rosbot_controller:/home/ale/Proyecto_CPR/rosbot_ws/install/rosbot_utils:/opt/ros/humble /usr/bin/cmake --install /home/ale/Proyecto_CPR/rosbot_ws/build/dynamixel_hardware_interface
[12.031s] Level 1:colcon.colcon_core.environment:checking '/home/ale/Proyecto_CPR/rosbot_ws/install/dynamixel_hardware_interface' for CMake config files
[12.031s] Level 1:colcon.colcon_core.shell:create_environment_hook('dynamixel_hardware_interface', 'cmake_prefix_path')
[12.032s] INFO:colcon.colcon_core.shell:Creating environment hook '/home/ale/Proyecto_CPR/rosbot_ws/install/dynamixel_hardware_interface/share/dynamixel_hardware_interface/hook/cmake_prefix_path.ps1'
[12.032s] INFO:colcon.colcon_core.shell:Creating environment descriptor '/home/ale/Proyecto_CPR/rosbot_ws/install/dynamixel_hardware_interface/share/dynamixel_hardware_interface/hook/cmake_prefix_path.dsv'
[12.033s] INFO:colcon.colcon_core.shell:Creating environment hook '/home/ale/Proyecto_CPR/rosbot_ws/install/dynamixel_hardware_interface/share/dynamixel_hardware_interface/hook/cmake_prefix_path.sh'
[12.033s] Level 1:colcon.colcon_core.environment:checking '/home/ale/Proyecto_CPR/rosbot_ws/install/dynamixel_hardware_interface/lib'
[12.033s] Level 1:colcon.colcon_core.shell:create_environment_hook('dynamixel_hardware_interface', 'ld_library_path_lib')
[12.033s] INFO:colcon.colcon_core.shell:Creating environment hook '/home/ale/Proyecto_CPR/rosbot_ws/install/dynamixel_hardware_interface/share/dynamixel_hardware_interface/hook/ld_library_path_lib.ps1'
[12.033s] INFO:colcon.colcon_core.shell:Creating environment descriptor '/home/ale/Proyecto_CPR/rosbot_ws/install/dynamixel_hardware_interface/share/dynamixel_hardware_interface/hook/ld_library_path_lib.dsv'
[12.034s] INFO:colcon.colcon_core.shell:Creating environment hook '/home/ale/Proyecto_CPR/rosbot_ws/install/dynamixel_hardware_interface/share/dynamixel_hardware_interface/hook/ld_library_path_lib.sh'
[12.034s] Level 1:colcon.colcon_core.environment:checking '/home/ale/Proyecto_CPR/rosbot_ws/install/dynamixel_hardware_interface/bin'
[12.034s] Level 1:colcon.colcon_core.environment:checking '/home/ale/Proyecto_CPR/rosbot_ws/install/dynamixel_hardware_interface/lib/pkgconfig/dynamixel_hardware_interface.pc'
[12.034s] Level 1:colcon.colcon_core.environment:checking '/home/ale/Proyecto_CPR/rosbot_ws/install/dynamixel_hardware_interface/lib/python3.10/site-packages'
[12.034s] Level 1:colcon.colcon_core.environment:checking '/home/ale/Proyecto_CPR/rosbot_ws/install/dynamixel_hardware_interface/bin'
[12.034s] INFO:colcon.colcon_core.shell:Creating package script '/home/ale/Proyecto_CPR/rosbot_ws/install/dynamixel_hardware_interface/share/dynamixel_hardware_interface/package.ps1'
[12.035s] INFO:colcon.colcon_core.shell:Creating package descriptor '/home/ale/Proyecto_CPR/rosbot_ws/install/dynamixel_hardware_interface/share/dynamixel_hardware_interface/package.dsv'
[12.035s] INFO:colcon.colcon_core.shell:Creating package script '/home/ale/Proyecto_CPR/rosbot_ws/install/dynamixel_hardware_interface/share/dynamixel_hardware_interface/package.sh'
[12.035s] INFO:colcon.colcon_core.shell:Creating package script '/home/ale/Proyecto_CPR/rosbot_ws/install/dynamixel_hardware_interface/share/dynamixel_hardware_interface/package.bash'
[12.035s] INFO:colcon.colcon_core.shell:Creating package script '/home/ale/Proyecto_CPR/rosbot_ws/install/dynamixel_hardware_interface/share/dynamixel_hardware_interface/package.zsh'
[12.035s] Level 1:colcon.colcon_core.environment:create_file_with_runtime_dependencies(/home/ale/Proyecto_CPR/rosbot_ws/install/dynamixel_hardware_interface/share/colcon-core/packages/dynamixel_hardware_interface)
[12.036s] Level 1:colcon.colcon_core.environment:create_environment_scripts_only(dynamixel_hardware_interface)
[12.036s] Level 1:colcon.colcon_core.environment:checking '/home/ale/Proyecto_CPR/rosbot_ws/install/dynamixel_hardware_interface' for CMake module files
[12.036s] Level 1:colcon.colcon_core.environment:checking '/home/ale/Proyecto_CPR/rosbot_ws/install/dynamixel_hardware_interface' for CMake config files
[12.036s] Level 1:colcon.colcon_core.shell:create_environment_hook('dynamixel_hardware_interface', 'cmake_prefix_path')
[12.036s] INFO:colcon.colcon_core.shell:Creating environment hook '/home/ale/Proyecto_CPR/rosbot_ws/install/dynamixel_hardware_interface/share/dynamixel_hardware_interface/hook/cmake_prefix_path.ps1'
[12.037s] INFO:colcon.colcon_core.shell:Creating environment descriptor '/home/ale/Proyecto_CPR/rosbot_ws/install/dynamixel_hardware_interface/share/dynamixel_hardware_interface/hook/cmake_prefix_path.dsv'
[12.037s] INFO:colcon.colcon_core.shell:Creating environment hook '/home/ale/Proyecto_CPR/rosbot_ws/install/dynamixel_hardware_interface/share/dynamixel_hardware_interface/hook/cmake_prefix_path.sh'
[12.037s] Level 1:colcon.colcon_core.environment:checking '/home/ale/Proyecto_CPR/rosbot_ws/install/dynamixel_hardware_interface/lib'
[12.037s] Level 1:colcon.colcon_core.shell:create_environment_hook('dynamixel_hardware_interface', 'ld_library_path_lib')
[12.037s] INFO:colcon.colcon_core.shell:Creating environment hook '/home/ale/Proyecto_CPR/rosbot_ws/install/dynamixel_hardware_interface/share/dynamixel_hardware_interface/hook/ld_library_path_lib.ps1'
[12.038s] INFO:colcon.colcon_core.shell:Creating environment descriptor '/home/ale/Proyecto_CPR/rosbot_ws/install/dynamixel_hardware_interface/share/dynamixel_hardware_interface/hook/ld_library_path_lib.dsv'
[12.038s] INFO:colcon.colcon_core.shell:Creating environment hook '/home/ale/Proyecto_CPR/rosbot_ws/install/dynamixel_hardware_interface/share/dynamixel_hardware_interface/hook/ld_library_path_lib.sh'
[12.038s] Level 1:colcon.colcon_core.environment:checking '/home/ale/Proyecto_CPR/rosbot_ws/install/dynamixel_hardware_interface/bin'
[12.038s] Level 1:colcon.colcon_core.environment:checking '/home/ale/Proyecto_CPR/rosbot_ws/install/dynamixel_hardware_interface/lib/pkgconfig/dynamixel_hardware_interface.pc'
[12.038s] Level 1:colcon.colcon_core.environment:checking '/home/ale/Proyecto_CPR/rosbot_ws/install/dynamixel_hardware_interface/lib/python3.10/site-packages'
[12.038s] Level 1:colcon.colcon_core.environment:checking '/home/ale/Proyecto_CPR/rosbot_ws/install/dynamixel_hardware_interface/bin'
[12.039s] INFO:colcon.colcon_core.shell:Creating package script '/home/ale/Proyecto_CPR/rosbot_ws/install/dynamixel_hardware_interface/share/dynamixel_hardware_interface/package.ps1'
[12.039s] INFO:colcon.colcon_core.shell:Creating package descriptor '/home/ale/Proyecto_CPR/rosbot_ws/install/dynamixel_hardware_interface/share/dynamixel_hardware_interface/package.dsv'
[12.039s] INFO:colcon.colcon_core.shell:Creating package script '/home/ale/Proyecto_CPR/rosbot_ws/install/dynamixel_hardware_interface/share/dynamixel_hardware_interface/package.sh'
[12.040s] INFO:colcon.colcon_core.shell:Creating package script '/home/ale/Proyecto_CPR/rosbot_ws/install/dynamixel_hardware_interface/share/dynamixel_hardware_interface/package.bash'
[12.040s] INFO:colcon.colcon_core.shell:Creating package script '/home/ale/Proyecto_CPR/rosbot_ws/install/dynamixel_hardware_interface/share/dynamixel_hardware_interface/package.zsh'
[12.040s] Level 1:colcon.colcon_core.environment:create_file_with_runtime_dependencies(/home/ale/Proyecto_CPR/rosbot_ws/install/dynamixel_hardware_interface/share/colcon-core/packages/dynamixel_hardware_interface)
[12.040s] INFO:colcon.colcon_ros.task.ament_cmake.build:Building ROS package in '/home/ale/Proyecto_CPR/rosbot_ws/src/open_manipulator_x/open_manipulator_x_description' with build type 'ament_cmake'
[12.040s] INFO:colcon.colcon_cmake.task.cmake.build:Building CMake package in '/home/ale/Proyecto_CPR/rosbot_ws/src/open_manipulator_x/open_manipulator_x_description'
[12.041s] INFO:colcon.colcon_core.shell:Skip shell extension 'powershell' for command environment: Not usable outside of PowerShell
[12.041s] DEBUG:colcon.colcon_core.shell:Skip shell extension 'dsv' for command environment
[12.049s] DEBUG:colcon.colcon_core.event_handler.log_command:Invoking command in '/home/ale/Proyecto_CPR/rosbot_ws/build/open_manipulator_x_description': CMAKE_PREFIX_PATH=/home/ale/Proyecto_CPR/rosbot_ws/install/dynamixel_hardware_interface:/home/ale/Proyecto_CPR/rosbot_ws/install/rosbot_localization:/home/ale/Proyecto_CPR/rosbot_ws/install/open_manipulator_x_moveit:/home/ale/Proyecto_CPR/rosbot_ws/install/rosbot_description:/home/ale/Proyecto_CPR/rosbot_ws/install/rosbot:/home/ale/Proyecto_CPR/rosbot_ws/install/open_manipulator_x_joy:/home/ale/Proyecto_CPR/rosbot_ws/install/open_manipulator_x_description:/home/ale/Proyecto_CPR/rosbot_ws/install/mecanum_drive_controller:/home/ale/Proyecto_CPR/rosbot_ws/install/husarion_gz_worlds:/home/ale/Proyecto_CPR/rosbot_ws/install/husarion_components_description:/home/ale/Proyecto_CPR/rosbot_ws/install/controldesc_pkg:/home/ale/Proyecto_CPR/rosbot_ws/install/rosbot_gazebo:/home/ale/Proyecto_CPR/rosbot_ws/install/rosbot_controller:/home/ale/Proyecto_CPR/rosbot_ws/install/rosbot_utils:/opt/ros/humble LD_LIBRARY_PATH=/home/ale/Proyecto_CPR/rosbot_ws/install/dynamixel_hardware_interface/lib:/home/ale/Proyecto_CPR/rosbot_ws/install/mecanum_drive_controller/lib:/usr/lib/x86_64-linux-gnu/gazebo-11/plugins:/opt/ros/humble/opt/rviz_ogre_vendor/lib:/opt/ros/humble/lib/x86_64-linux-gnu:/opt/ros/humble/opt/libphidget22/lib:/opt/ros/humble/lib:/usr/lib/x86_64-linux-gnu/gazebo-11/plugins /usr/bin/cmake /home/ale/Proyecto_CPR/rosbot_ws/src/open_manipulator_x/open_manipulator_x_description -DCMAKE_BUILD_TYPE=Release -DAMENT_CMAKE_SYMLINK_INSTALL=1 -DCMAKE_INSTALL_PREFIX=/home/ale/Proyecto_CPR/rosbot_ws/install/open_manipulator_x_description
[12.517s] DEBUG:colcon.colcon_core.event_handler.log_command:Invoked command in '/home/ale/Proyecto_CPR/rosbot_ws/build/open_manipulator_x_description' returned '0': CMAKE_PREFIX_PATH=/home/ale/Proyecto_CPR/rosbot_ws/install/dynamixel_hardware_interface:/home/ale/Proyecto_CPR/rosbot_ws/install/rosbot_localization:/home/ale/Proyecto_CPR/rosbot_ws/install/open_manipulator_x_moveit:/home/ale/Proyecto_CPR/rosbot_ws/install/rosbot_description:/home/ale/Proyecto_CPR/rosbot_ws/install/rosbot:/home/ale/Proyecto_CPR/rosbot_ws/install/open_manipulator_x_joy:/home/ale/Proyecto_CPR/rosbot_ws/install/open_manipulator_x_description:/home/ale/Proyecto_CPR/rosbot_ws/install/mecanum_drive_controller:/home/ale/Proyecto_CPR/rosbot_ws/install/husarion_gz_worlds:/home/ale/Proyecto_CPR/rosbot_ws/install/husarion_components_description:/home/ale/Proyecto_CPR/rosbot_ws/install/controldesc_pkg:/home/ale/Proyecto_CPR/rosbot_ws/install/rosbot_gazebo:/home/ale/Proyecto_CPR/rosbot_ws/install/rosbot_controller:/home/ale/Proyecto_CPR/rosbot_ws/install/rosbot_utils:/opt/ros/humble LD_LIBRARY_PATH=/home/ale/Proyecto_CPR/rosbot_ws/install/dynamixel_hardware_interface/lib:/home/ale/Proyecto_CPR/rosbot_ws/install/mecanum_drive_controller/lib:/usr/lib/x86_64-linux-gnu/gazebo-11/plugins:/opt/ros/humble/opt/rviz_ogre_vendor/lib:/opt/ros/humble/lib/x86_64-linux-gnu:/opt/ros/humble/opt/libphidget22/lib:/opt/ros/humble/lib:/usr/lib/x86_64-linux-gnu/gazebo-11/plugins /usr/bin/cmake /home/ale/Proyecto_CPR/rosbot_ws/src/open_manipulator_x/open_manipulator_x_description -DCMAKE_BUILD_TYPE=Release -DAMENT_CMAKE_SYMLINK_INSTALL=1 -DCMAKE_INSTALL_PREFIX=/home/ale/Proyecto_CPR/rosbot_ws/install/open_manipulator_x_description
[12.519s] DEBUG:colcon.colcon_core.event_handler.log_command:Invoking command in '/home/ale/Proyecto_CPR/rosbot_ws/build/open_manipulator_x_description': CMAKE_PREFIX_PATH=/home/ale/Proyecto_CPR/rosbot_ws/install/dynamixel_hardware_interface:/home/ale/Proyecto_CPR/rosbot_ws/install/rosbot_localization:/home/ale/Proyecto_CPR/rosbot_ws/install/open_manipulator_x_moveit:/home/ale/Proyecto_CPR/rosbot_ws/install/rosbot_description:/home/ale/Proyecto_CPR/rosbot_ws/install/rosbot:/home/ale/Proyecto_CPR/rosbot_ws/install/open_manipulator_x_joy:/home/ale/Proyecto_CPR/rosbot_ws/install/open_manipulator_x_description:/home/ale/Proyecto_CPR/rosbot_ws/install/mecanum_drive_controller:/home/ale/Proyecto_CPR/rosbot_ws/install/husarion_gz_worlds:/home/ale/Proyecto_CPR/rosbot_ws/install/husarion_components_description:/home/ale/Proyecto_CPR/rosbot_ws/install/controldesc_pkg:/home/ale/Proyecto_CPR/rosbot_ws/install/rosbot_gazebo:/home/ale/Proyecto_CPR/rosbot_ws/install/rosbot_controller:/home/ale/Proyecto_CPR/rosbot_ws/install/rosbot_utils:/opt/ros/humble LD_LIBRARY_PATH=/home/ale/Proyecto_CPR/rosbot_ws/install/dynamixel_hardware_interface/lib:/home/ale/Proyecto_CPR/rosbot_ws/install/mecanum_drive_controller/lib:/usr/lib/x86_64-linux-gnu/gazebo-11/plugins:/opt/ros/humble/opt/rviz_ogre_vendor/lib:/opt/ros/humble/lib/x86_64-linux-gnu:/opt/ros/humble/opt/libphidget22/lib:/opt/ros/humble/lib:/usr/lib/x86_64-linux-gnu/gazebo-11/plugins /usr/bin/cmake --build /home/ale/Proyecto_CPR/rosbot_ws/build/open_manipulator_x_description -- -j16 -l16
[12.545s] DEBUG:colcon.colcon_core.event_handler.log_command:Invoked command in '/home/ale/Proyecto_CPR/rosbot_ws/build/open_manipulator_x_description' returned '0': CMAKE_PREFIX_PATH=/home/ale/Proyecto_CPR/rosbot_ws/install/dynamixel_hardware_interface:/home/ale/Proyecto_CPR/rosbot_ws/install/rosbot_localization:/home/ale/Proyecto_CPR/rosbot_ws/install/open_manipulator_x_moveit:/home/ale/Proyecto_CPR/rosbot_ws/install/rosbot_description:/home/ale/Proyecto_CPR/rosbot_ws/install/rosbot:/home/ale/Proyecto_CPR/rosbot_ws/install/open_manipulator_x_joy:/home/ale/Proyecto_CPR/rosbot_ws/install/open_manipulator_x_description:/home/ale/Proyecto_CPR/rosbot_ws/install/mecanum_drive_controller:/home/ale/Proyecto_CPR/rosbot_ws/install/husarion_gz_worlds:/home/ale/Proyecto_CPR/rosbot_ws/install/husarion_components_description:/home/ale/Proyecto_CPR/rosbot_ws/install/controldesc_pkg:/home/ale/Proyecto_CPR/rosbot_ws/install/rosbot_gazebo:/home/ale/Proyecto_CPR/rosbot_ws/install/rosbot_controller:/home/ale/Proyecto_CPR/rosbot_ws/install/rosbot_utils:/opt/ros/humble LD_LIBRARY_PATH=/home/ale/Proyecto_CPR/rosbot_ws/install/dynamixel_hardware_interface/lib:/home/ale/Proyecto_CPR/rosbot_ws/install/mecanum_drive_controller/lib:/usr/lib/x86_64-linux-gnu/gazebo-11/plugins:/opt/ros/humble/opt/rviz_ogre_vendor/lib:/opt/ros/humble/lib/x86_64-linux-gnu:/opt/ros/humble/opt/libphidget22/lib:/opt/ros/humble/lib:/usr/lib/x86_64-linux-gnu/gazebo-11/plugins /usr/bin/cmake --build /home/ale/Proyecto_CPR/rosbot_ws/build/open_manipulator_x_description -- -j16 -l16
[12.547s] DEBUG:colcon.colcon_core.event_handler.log_command:Invoking command in '/home/ale/Proyecto_CPR/rosbot_ws/build/open_manipulator_x_description': CMAKE_PREFIX_PATH=/home/ale/Proyecto_CPR/rosbot_ws/install/dynamixel_hardware_interface:/home/ale/Proyecto_CPR/rosbot_ws/install/rosbot_localization:/home/ale/Proyecto_CPR/rosbot_ws/install/open_manipulator_x_moveit:/home/ale/Proyecto_CPR/rosbot_ws/install/rosbot_description:/home/ale/Proyecto_CPR/rosbot_ws/install/rosbot:/home/ale/Proyecto_CPR/rosbot_ws/install/open_manipulator_x_joy:/home/ale/Proyecto_CPR/rosbot_ws/install/open_manipulator_x_description:/home/ale/Proyecto_CPR/rosbot_ws/install/mecanum_drive_controller:/home/ale/Proyecto_CPR/rosbot_ws/install/husarion_gz_worlds:/home/ale/Proyecto_CPR/rosbot_ws/install/husarion_components_description:/home/ale/Proyecto_CPR/rosbot_ws/install/controldesc_pkg:/home/ale/Proyecto_CPR/rosbot_ws/install/rosbot_gazebo:/home/ale/Proyecto_CPR/rosbot_ws/install/rosbot_controller:/home/ale/Proyecto_CPR/rosbot_ws/install/rosbot_utils:/opt/ros/humble LD_LIBRARY_PATH=/home/ale/Proyecto_CPR/rosbot_ws/install/dynamixel_hardware_interface/lib:/home/ale/Proyecto_CPR/rosbot_ws/install/mecanum_drive_controller/lib:/usr/lib/x86_64-linux-gnu/gazebo-11/plugins:/opt/ros/humble/opt/rviz_ogre_vendor/lib:/opt/ros/humble/lib/x86_64-linux-gnu:/opt/ros/humble/opt/libphidget22/lib:/opt/ros/humble/lib:/usr/lib/x86_64-linux-gnu/gazebo-11/plugins /usr/bin/cmake --install /home/ale/Proyecto_CPR/rosbot_ws/build/open_manipulator_x_description
[12.736s] Level 1:colcon.colcon_core.environment:create_environment_scripts_only(open_manipulator_x_description)
[12.737s] Level 1:colcon.colcon_core.environment:checking '/home/ale/Proyecto_CPR/rosbot_ws/install/open_manipulator_x_description' for CMake module files
[12.737s] DEBUG:colcon.colcon_core.event_handler.log_command:Invoked command in '/home/ale/Proyecto_CPR/rosbot_ws/build/open_manipulator_x_description' returned '0': CMAKE_PREFIX_PATH=/home/ale/Proyecto_CPR/rosbot_ws/install/dynamixel_hardware_interface:/home/ale/Proyecto_CPR/rosbot_ws/install/rosbot_localization:/home/ale/Proyecto_CPR/rosbot_ws/install/open_manipulator_x_moveit:/home/ale/Proyecto_CPR/rosbot_ws/install/rosbot_description:/home/ale/Proyecto_CPR/rosbot_ws/install/rosbot:/home/ale/Proyecto_CPR/rosbot_ws/install/open_manipulator_x_joy:/home/ale/Proyecto_CPR/rosbot_ws/install/open_manipulator_x_description:/home/ale/Proyecto_CPR/rosbot_ws/install/mecanum_drive_controller:/home/ale/Proyecto_CPR/rosbot_ws/install/husarion_gz_worlds:/home/ale/Proyecto_CPR/rosbot_ws/install/husarion_components_description:/home/ale/Proyecto_CPR/rosbot_ws/install/controldesc_pkg:/home/ale/Proyecto_CPR/rosbot_ws/install/rosbot_gazebo:/home/ale/Proyecto_CPR/rosbot_ws/install/rosbot_controller:/home/ale/Proyecto_CPR/rosbot_ws/install/rosbot_utils:/opt/ros/humble LD_LIBRARY_PATH=/home/ale/Proyecto_CPR/rosbot_ws/install/dynamixel_hardware_interface/lib:/home/ale/Proyecto_CPR/rosbot_ws/install/mecanum_drive_controller/lib:/usr/lib/x86_64-linux-gnu/gazebo-11/plugins:/opt/ros/humble/opt/rviz_ogre_vendor/lib:/opt/ros/humble/lib/x86_64-linux-gnu:/opt/ros/humble/opt/libphidget22/lib:/opt/ros/humble/lib:/usr/lib/x86_64-linux-gnu/gazebo-11/plugins /usr/bin/cmake --install /home/ale/Proyecto_CPR/rosbot_ws/build/open_manipulator_x_description
[12.737s] Level 1:colcon.colcon_core.environment:checking '/home/ale/Proyecto_CPR/rosbot_ws/install/open_manipulator_x_description' for CMake config files
[12.738s] Level 1:colcon.colcon_core.shell:create_environment_hook('open_manipulator_x_description', 'cmake_prefix_path')
[12.738s] INFO:colcon.colcon_core.shell:Creating environment hook '/home/ale/Proyecto_CPR/rosbot_ws/install/open_manipulator_x_description/share/open_manipulator_x_description/hook/cmake_prefix_path.ps1'
[12.738s] INFO:colcon.colcon_core.shell:Creating environment descriptor '/home/ale/Proyecto_CPR/rosbot_ws/install/open_manipulator_x_description/share/open_manipulator_x_description/hook/cmake_prefix_path.dsv'
[12.739s] INFO:colcon.colcon_core.shell:Creating environment hook '/home/ale/Proyecto_CPR/rosbot_ws/install/open_manipulator_x_description/share/open_manipulator_x_description/hook/cmake_prefix_path.sh'
[12.739s] Level 1:colcon.colcon_core.environment:checking '/home/ale/Proyecto_CPR/rosbot_ws/install/open_manipulator_x_description/bin'
[12.739s] Level 1:colcon.colcon_core.environment:checking '/home/ale/Proyecto_CPR/rosbot_ws/install/open_manipulator_x_description/lib/pkgconfig/open_manipulator_x_description.pc'
[12.740s] Level 1:colcon.colcon_core.environment:checking '/home/ale/Proyecto_CPR/rosbot_ws/install/open_manipulator_x_description/lib/python3.10/site-packages'
[12.740s] Level 1:colcon.colcon_core.environment:checking '/home/ale/Proyecto_CPR/rosbot_ws/install/open_manipulator_x_description/bin'
[12.740s] INFO:colcon.colcon_core.shell:Creating package script '/home/ale/Proyecto_CPR/rosbot_ws/install/open_manipulator_x_description/share/open_manipulator_x_description/package.ps1'
[12.741s] INFO:colcon.colcon_core.shell:Creating package descriptor '/home/ale/Proyecto_CPR/rosbot_ws/install/open_manipulator_x_description/share/open_manipulator_x_description/package.dsv'
[12.741s] INFO:colcon.colcon_core.shell:Creating package script '/home/ale/Proyecto_CPR/rosbot_ws/install/open_manipulator_x_description/share/open_manipulator_x_description/package.sh'
[12.741s] INFO:colcon.colcon_core.shell:Creating package script '/home/ale/Proyecto_CPR/rosbot_ws/install/open_manipulator_x_description/share/open_manipulator_x_description/package.bash'
[12.742s] INFO:colcon.colcon_core.shell:Creating package script '/home/ale/Proyecto_CPR/rosbot_ws/install/open_manipulator_x_description/share/open_manipulator_x_description/package.zsh'
[12.742s] Level 1:colcon.colcon_core.environment:create_file_with_runtime_dependencies(/home/ale/Proyecto_CPR/rosbot_ws/install/open_manipulator_x_description/share/colcon-core/packages/open_manipulator_x_description)
[12.742s] Level 1:colcon.colcon_core.environment:create_environment_scripts_only(open_manipulator_x_description)
[12.742s] Level 1:colcon.colcon_core.environment:checking '/home/ale/Proyecto_CPR/rosbot_ws/install/open_manipulator_x_description' for CMake module files
[12.742s] Level 1:colcon.colcon_core.environment:checking '/home/ale/Proyecto_CPR/rosbot_ws/install/open_manipulator_x_description' for CMake config files
[12.743s] Level 1:colcon.colcon_core.shell:create_environment_hook('open_manipulator_x_description', 'cmake_prefix_path')
[12.743s] INFO:colcon.colcon_core.shell:Creating environment hook '/home/ale/Proyecto_CPR/rosbot_ws/install/open_manipulator_x_description/share/open_manipulator_x_description/hook/cmake_prefix_path.ps1'
[12.743s] INFO:colcon.colcon_core.shell:Creating environment descriptor '/home/ale/Proyecto_CPR/rosbot_ws/install/open_manipulator_x_description/share/open_manipulator_x_description/hook/cmake_prefix_path.dsv'
[12.743s] INFO:colcon.colcon_core.shell:Creating environment hook '/home/ale/Proyecto_CPR/rosbot_ws/install/open_manipulator_x_description/share/open_manipulator_x_description/hook/cmake_prefix_path.sh'
[12.743s] Level 1:colcon.colcon_core.environment:checking '/home/ale/Proyecto_CPR/rosbot_ws/install/open_manipulator_x_description/bin'
[12.744s] Level 1:colcon.colcon_core.environment:checking '/home/ale/Proyecto_CPR/rosbot_ws/install/open_manipulator_x_description/lib/pkgconfig/open_manipulator_x_description.pc'
[12.744s] Level 1:colcon.colcon_core.environment:checking '/home/ale/Proyecto_CPR/rosbot_ws/install/open_manipulator_x_description/lib/python3.10/site-packages'
[12.744s] Level 1:colcon.colcon_core.environment:checking '/home/ale/Proyecto_CPR/rosbot_ws/install/open_manipulator_x_description/bin'
[12.744s] INFO:colcon.colcon_core.shell:Creating package script '/home/ale/Proyecto_CPR/rosbot_ws/install/open_manipulator_x_description/share/open_manipulator_x_description/package.ps1'
[12.744s] INFO:colcon.colcon_core.shell:Creating package descriptor '/home/ale/Proyecto_CPR/rosbot_ws/install/open_manipulator_x_description/share/open_manipulator_x_description/package.dsv'
[12.745s] INFO:colcon.colcon_core.shell:Creating package script '/home/ale/Proyecto_CPR/rosbot_ws/install/open_manipulator_x_description/share/open_manipulator_x_description/package.sh'
[12.745s] INFO:colcon.colcon_core.shell:Creating package script '/home/ale/Proyecto_CPR/rosbot_ws/install/open_manipulator_x_description/share/open_manipulator_x_description/package.bash'
[12.745s] INFO:colcon.colcon_core.shell:Creating package script '/home/ale/Proyecto_CPR/rosbot_ws/install/open_manipulator_x_description/share/open_manipulator_x_description/package.zsh'
[12.745s] Level 1:colcon.colcon_core.environment:create_file_with_runtime_dependencies(/home/ale/Proyecto_CPR/rosbot_ws/install/open_manipulator_x_description/share/colcon-core/packages/open_manipulator_x_description)
[12.745s] INFO:colcon.colcon_ros.task.ament_cmake.build:Building ROS package in '/home/ale/Proyecto_CPR/rosbot_ws/src/rosbot_ros/rosbot_description' with build type 'ament_cmake'
[12.746s] INFO:colcon.colcon_cmake.task.cmake.build:Building CMake package in '/home/ale/Proyecto_CPR/rosbot_ws/src/rosbot_ros/rosbot_description'
[12.746s] INFO:colcon.colcon_core.shell:Skip shell extension 'powershell' for command environment: Not usable outside of PowerShell
[12.746s] DEBUG:colcon.colcon_core.shell:Skip shell extension 'dsv' for command environment
[12.756s] DEBUG:colcon.colcon_core.event_handler.log_command:Invoking command in '/home/ale/Proyecto_CPR/rosbot_ws/build/rosbot_description': CMAKE_PREFIX_PATH=/home/ale/Proyecto_CPR/rosbot_ws/install/open_manipulator_x_description:/home/ale/Proyecto_CPR/rosbot_ws/install/husarion_components_description:/home/ale/Proyecto_CPR/rosbot_ws/install/dynamixel_hardware_interface:/home/ale/Proyecto_CPR/rosbot_ws/install/rosbot_localization:/home/ale/Proyecto_CPR/rosbot_ws/install/open_manipulator_x_moveit:/home/ale/Proyecto_CPR/rosbot_ws/install/rosbot_description:/home/ale/Proyecto_CPR/rosbot_ws/install/rosbot:/home/ale/Proyecto_CPR/rosbot_ws/install/open_manipulator_x_joy:/home/ale/Proyecto_CPR/rosbot_ws/install/mecanum_drive_controller:/home/ale/Proyecto_CPR/rosbot_ws/install/husarion_gz_worlds:/home/ale/Proyecto_CPR/rosbot_ws/install/controldesc_pkg:/home/ale/Proyecto_CPR/rosbot_ws/install/rosbot_gazebo:/home/ale/Proyecto_CPR/rosbot_ws/install/rosbot_controller:/home/ale/Proyecto_CPR/rosbot_ws/install/rosbot_utils:/opt/ros/humble LD_LIBRARY_PATH=/home/ale/Proyecto_CPR/rosbot_ws/install/dynamixel_hardware_interface/lib:/home/ale/Proyecto_CPR/rosbot_ws/install/mecanum_drive_controller/lib:/usr/lib/x86_64-linux-gnu/gazebo-11/plugins:/opt/ros/humble/opt/rviz_ogre_vendor/lib:/opt/ros/humble/lib/x86_64-linux-gnu:/opt/ros/humble/opt/libphidget22/lib:/opt/ros/humble/lib:/usr/lib/x86_64-linux-gnu/gazebo-11/plugins /usr/bin/cmake /home/ale/Proyecto_CPR/rosbot_ws/src/rosbot_ros/rosbot_description -DCMAKE_BUILD_TYPE=Release -DAMENT_CMAKE_SYMLINK_INSTALL=1 -DCMAKE_INSTALL_PREFIX=/home/ale/Proyecto_CPR/rosbot_ws/install/rosbot_description
[13.697s] DEBUG:colcon.colcon_core.event_handler.log_command:Invoked command in '/home/ale/Proyecto_CPR/rosbot_ws/build/open_manipulator_x_joy' returned '0': CMAKE_PREFIX_PATH=${CMAKE_PREFIX_PATH}:/home/ale/Proyecto_CPR/rosbot_ws/install/rosbot_gazebo:/home/ale/Proyecto_CPR/rosbot_ws/install/rosbot_controller:/home/ale/Proyecto_CPR/rosbot_ws/install/rosbot_utils:/opt/ros/humble /usr/bin/cmake --build /home/ale/Proyecto_CPR/rosbot_ws/build/open_manipulator_x_joy -- -j16 -l16
[13.698s] DEBUG:colcon.colcon_core.event_handler.log_command:Invoking command in '/home/ale/Proyecto_CPR/rosbot_ws/build/open_manipulator_x_joy': CMAKE_PREFIX_PATH=${CMAKE_PREFIX_PATH}:/home/ale/Proyecto_CPR/rosbot_ws/install/rosbot_gazebo:/home/ale/Proyecto_CPR/rosbot_ws/install/rosbot_controller:/home/ale/Proyecto_CPR/rosbot_ws/install/rosbot_utils:/opt/ros/humble /usr/bin/cmake --install /home/ale/Proyecto_CPR/rosbot_ws/build/open_manipulator_x_joy
[13.746s] DEBUG:colcon.colcon_core.event_handler.log_command:Invoked command in '/home/ale/Proyecto_CPR/rosbot_ws/build/rosbot_description' returned '0': CMAKE_PREFIX_PATH=/home/ale/Proyecto_CPR/rosbot_ws/install/open_manipulator_x_description:/home/ale/Proyecto_CPR/rosbot_ws/install/husarion_components_description:/home/ale/Proyecto_CPR/rosbot_ws/install/dynamixel_hardware_interface:/home/ale/Proyecto_CPR/rosbot_ws/install/rosbot_localization:/home/ale/Proyecto_CPR/rosbot_ws/install/open_manipulator_x_moveit:/home/ale/Proyecto_CPR/rosbot_ws/install/rosbot_description:/home/ale/Proyecto_CPR/rosbot_ws/install/rosbot:/home/ale/Proyecto_CPR/rosbot_ws/install/open_manipulator_x_joy:/home/ale/Proyecto_CPR/rosbot_ws/install/mecanum_drive_controller:/home/ale/Proyecto_CPR/rosbot_ws/install/husarion_gz_worlds:/home/ale/Proyecto_CPR/rosbot_ws/install/controldesc_pkg:/home/ale/Proyecto_CPR/rosbot_ws/install/rosbot_gazebo:/home/ale/Proyecto_CPR/rosbot_ws/install/rosbot_controller:/home/ale/Proyecto_CPR/rosbot_ws/install/rosbot_utils:/opt/ros/humble LD_LIBRARY_PATH=/home/ale/Proyecto_CPR/rosbot_ws/install/dynamixel_hardware_interface/lib:/home/ale/Proyecto_CPR/rosbot_ws/install/mecanum_drive_controller/lib:/usr/lib/x86_64-linux-gnu/gazebo-11/plugins:/opt/ros/humble/opt/rviz_ogre_vendor/lib:/opt/ros/humble/lib/x86_64-linux-gnu:/opt/ros/humble/opt/libphidget22/lib:/opt/ros/humble/lib:/usr/lib/x86_64-linux-gnu/gazebo-11/plugins /usr/bin/cmake /home/ale/Proyecto_CPR/rosbot_ws/src/rosbot_ros/rosbot_description -DCMAKE_BUILD_TYPE=Release -DAMENT_CMAKE_SYMLINK_INSTALL=1 -DCMAKE_INSTALL_PREFIX=/home/ale/Proyecto_CPR/rosbot_ws/install/rosbot_description
[13.747s] DEBUG:colcon.colcon_core.event_handler.log_command:Invoking command in '/home/ale/Proyecto_CPR/rosbot_ws/build/rosbot_description': CMAKE_PREFIX_PATH=/home/ale/Proyecto_CPR/rosbot_ws/install/open_manipulator_x_description:/home/ale/Proyecto_CPR/rosbot_ws/install/husarion_components_description:/home/ale/Proyecto_CPR/rosbot_ws/install/dynamixel_hardware_interface:/home/ale/Proyecto_CPR/rosbot_ws/install/rosbot_localization:/home/ale/Proyecto_CPR/rosbot_ws/install/open_manipulator_x_moveit:/home/ale/Proyecto_CPR/rosbot_ws/install/rosbot_description:/home/ale/Proyecto_CPR/rosbot_ws/install/rosbot:/home/ale/Proyecto_CPR/rosbot_ws/install/open_manipulator_x_joy:/home/ale/Proyecto_CPR/rosbot_ws/install/mecanum_drive_controller:/home/ale/Proyecto_CPR/rosbot_ws/install/husarion_gz_worlds:/home/ale/Proyecto_CPR/rosbot_ws/install/controldesc_pkg:/home/ale/Proyecto_CPR/rosbot_ws/install/rosbot_gazebo:/home/ale/Proyecto_CPR/rosbot_ws/install/rosbot_controller:/home/ale/Proyecto_CPR/rosbot_ws/install/rosbot_utils:/opt/ros/humble LD_LIBRARY_PATH=/home/ale/Proyecto_CPR/rosbot_ws/install/dynamixel_hardware_interface/lib:/home/ale/Proyecto_CPR/rosbot_ws/install/mecanum_drive_controller/lib:/usr/lib/x86_64-linux-gnu/gazebo-11/plugins:/opt/ros/humble/opt/rviz_ogre_vendor/lib:/opt/ros/humble/lib/x86_64-linux-gnu:/opt/ros/humble/opt/libphidget22/lib:/opt/ros/humble/lib:/usr/lib/x86_64-linux-gnu/gazebo-11/plugins /usr/bin/cmake --build /home/ale/Proyecto_CPR/rosbot_ws/build/rosbot_description -- -j16 -l16
[13.777s] DEBUG:colcon.colcon_core.event_handler.log_command:Invoked command in '/home/ale/Proyecto_CPR/rosbot_ws/build/rosbot_description' returned '0': CMAKE_PREFIX_PATH=/home/ale/Proyecto_CPR/rosbot_ws/install/open_manipulator_x_description:/home/ale/Proyecto_CPR/rosbot_ws/install/husarion_components_description:/home/ale/Proyecto_CPR/rosbot_ws/install/dynamixel_hardware_interface:/home/ale/Proyecto_CPR/rosbot_ws/install/rosbot_localization:/home/ale/Proyecto_CPR/rosbot_ws/install/open_manipulator_x_moveit:/home/ale/Proyecto_CPR/rosbot_ws/install/rosbot_description:/home/ale/Proyecto_CPR/rosbot_ws/install/rosbot:/home/ale/Proyecto_CPR/rosbot_ws/install/open_manipulator_x_joy:/home/ale/Proyecto_CPR/rosbot_ws/install/mecanum_drive_controller:/home/ale/Proyecto_CPR/rosbot_ws/install/husarion_gz_worlds:/home/ale/Proyecto_CPR/rosbot_ws/install/controldesc_pkg:/home/ale/Proyecto_CPR/rosbot_ws/install/rosbot_gazebo:/home/ale/Proyecto_CPR/rosbot_ws/install/rosbot_controller:/home/ale/Proyecto_CPR/rosbot_ws/install/rosbot_utils:/opt/ros/humble LD_LIBRARY_PATH=/home/ale/Proyecto_CPR/rosbot_ws/install/dynamixel_hardware_interface/lib:/home/ale/Proyecto_CPR/rosbot_ws/install/mecanum_drive_controller/lib:/usr/lib/x86_64-linux-gnu/gazebo-11/plugins:/opt/ros/humble/opt/rviz_ogre_vendor/lib:/opt/ros/humble/lib/x86_64-linux-gnu:/opt/ros/humble/opt/libphidget22/lib:/opt/ros/humble/lib:/usr/lib/x86_64-linux-gnu/gazebo-11/plugins /usr/bin/cmake --build /home/ale/Proyecto_CPR/rosbot_ws/build/rosbot_description -- -j16 -l16
[13.778s] DEBUG:colcon.colcon_core.event_handler.log_command:Invoking command in '/home/ale/Proyecto_CPR/rosbot_ws/build/rosbot_description': CMAKE_PREFIX_PATH=/home/ale/Proyecto_CPR/rosbot_ws/install/open_manipulator_x_description:/home/ale/Proyecto_CPR/rosbot_ws/install/husarion_components_description:/home/ale/Proyecto_CPR/rosbot_ws/install/dynamixel_hardware_interface:/home/ale/Proyecto_CPR/rosbot_ws/install/rosbot_localization:/home/ale/Proyecto_CPR/rosbot_ws/install/open_manipulator_x_moveit:/home/ale/Proyecto_CPR/rosbot_ws/install/rosbot_description:/home/ale/Proyecto_CPR/rosbot_ws/install/rosbot:/home/ale/Proyecto_CPR/rosbot_ws/install/open_manipulator_x_joy:/home/ale/Proyecto_CPR/rosbot_ws/install/mecanum_drive_controller:/home/ale/Proyecto_CPR/rosbot_ws/install/husarion_gz_worlds:/home/ale/Proyecto_CPR/rosbot_ws/install/controldesc_pkg:/home/ale/Proyecto_CPR/rosbot_ws/install/rosbot_gazebo:/home/ale/Proyecto_CPR/rosbot_ws/install/rosbot_controller:/home/ale/Proyecto_CPR/rosbot_ws/install/rosbot_utils:/opt/ros/humble LD_LIBRARY_PATH=/home/ale/Proyecto_CPR/rosbot_ws/install/dynamixel_hardware_interface/lib:/home/ale/Proyecto_CPR/rosbot_ws/install/mecanum_drive_controller/lib:/usr/lib/x86_64-linux-gnu/gazebo-11/plugins:/opt/ros/humble/opt/rviz_ogre_vendor/lib:/opt/ros/humble/lib/x86_64-linux-gnu:/opt/ros/humble/opt/libphidget22/lib:/opt/ros/humble/lib:/usr/lib/x86_64-linux-gnu/gazebo-11/plugins /usr/bin/cmake --install /home/ale/Proyecto_CPR/rosbot_ws/build/rosbot_description
[13.867s] Level 1:colcon.colcon_core.environment:create_environment_scripts_only(open_manipulator_x_joy)
[13.868s] DEBUG:colcon.colcon_core.event_handler.log_command:Invoked command in '/home/ale/Proyecto_CPR/rosbot_ws/build/open_manipulator_x_joy' returned '0': CMAKE_PREFIX_PATH=${CMAKE_PREFIX_PATH}:/home/ale/Proyecto_CPR/rosbot_ws/install/rosbot_gazebo:/home/ale/Proyecto_CPR/rosbot_ws/install/rosbot_controller:/home/ale/Proyecto_CPR/rosbot_ws/install/rosbot_utils:/opt/ros/humble /usr/bin/cmake --install /home/ale/Proyecto_CPR/rosbot_ws/build/open_manipulator_x_joy
[13.868s] Level 1:colcon.colcon_core.environment:checking '/home/ale/Proyecto_CPR/rosbot_ws/install/open_manipulator_x_joy' for CMake module files
[13.869s] Level 1:colcon.colcon_core.environment:checking '/home/ale/Proyecto_CPR/rosbot_ws/install/open_manipulator_x_joy' for CMake config files
[13.869s] Level 1:colcon.colcon_core.shell:create_environment_hook('open_manipulator_x_joy', 'cmake_prefix_path')
[13.870s] INFO:colcon.colcon_core.shell:Creating environment hook '/home/ale/Proyecto_CPR/rosbot_ws/install/open_manipulator_x_joy/share/open_manipulator_x_joy/hook/cmake_prefix_path.ps1'
[13.870s] INFO:colcon.colcon_core.shell:Creating environment descriptor '/home/ale/Proyecto_CPR/rosbot_ws/install/open_manipulator_x_joy/share/open_manipulator_x_joy/hook/cmake_prefix_path.dsv'
[13.870s] INFO:colcon.colcon_core.shell:Creating environment hook '/home/ale/Proyecto_CPR/rosbot_ws/install/open_manipulator_x_joy/share/open_manipulator_x_joy/hook/cmake_prefix_path.sh'
[13.870s] Level 1:colcon.colcon_core.environment:checking '/home/ale/Proyecto_CPR/rosbot_ws/install/open_manipulator_x_joy/lib'
[13.871s] Level 1:colcon.colcon_core.environment:checking '/home/ale/Proyecto_CPR/rosbot_ws/install/open_manipulator_x_joy/bin'
[13.871s] Level 1:colcon.colcon_core.environment:checking '/home/ale/Proyecto_CPR/rosbot_ws/install/open_manipulator_x_joy/lib/pkgconfig/open_manipulator_x_joy.pc'
[13.871s] Level 1:colcon.colcon_core.environment:checking '/home/ale/Proyecto_CPR/rosbot_ws/install/open_manipulator_x_joy/lib/python3.10/site-packages'
[13.871s] Level 1:colcon.colcon_core.environment:checking '/home/ale/Proyecto_CPR/rosbot_ws/install/open_manipulator_x_joy/bin'
[13.871s] INFO:colcon.colcon_core.shell:Creating package script '/home/ale/Proyecto_CPR/rosbot_ws/install/open_manipulator_x_joy/share/open_manipulator_x_joy/package.ps1'
[13.872s] INFO:colcon.colcon_core.shell:Creating package descriptor '/home/ale/Proyecto_CPR/rosbot_ws/install/open_manipulator_x_joy/share/open_manipulator_x_joy/package.dsv'
[13.872s] INFO:colcon.colcon_core.shell:Creating package script '/home/ale/Proyecto_CPR/rosbot_ws/install/open_manipulator_x_joy/share/open_manipulator_x_joy/package.sh'
[13.872s] INFO:colcon.colcon_core.shell:Creating package script '/home/ale/Proyecto_CPR/rosbot_ws/install/open_manipulator_x_joy/share/open_manipulator_x_joy/package.bash'
[13.872s] INFO:colcon.colcon_core.shell:Creating package script '/home/ale/Proyecto_CPR/rosbot_ws/install/open_manipulator_x_joy/share/open_manipulator_x_joy/package.zsh'
[13.872s] Level 1:colcon.colcon_core.environment:create_file_with_runtime_dependencies(/home/ale/Proyecto_CPR/rosbot_ws/install/open_manipulator_x_joy/share/colcon-core/packages/open_manipulator_x_joy)
[13.873s] Level 1:colcon.colcon_core.environment:create_environment_scripts_only(open_manipulator_x_joy)
[13.873s] Level 1:colcon.colcon_core.environment:checking '/home/ale/Proyecto_CPR/rosbot_ws/install/open_manipulator_x_joy' for CMake module files
[13.873s] Level 1:colcon.colcon_core.environment:checking '/home/ale/Proyecto_CPR/rosbot_ws/install/open_manipulator_x_joy' for CMake config files
[13.873s] Level 1:colcon.colcon_core.shell:create_environment_hook('open_manipulator_x_joy', 'cmake_prefix_path')
[13.874s] INFO:colcon.colcon_core.shell:Creating environment hook '/home/ale/Proyecto_CPR/rosbot_ws/install/open_manipulator_x_joy/share/open_manipulator_x_joy/hook/cmake_prefix_path.ps1'
[13.874s] INFO:colcon.colcon_core.shell:Creating environment descriptor '/home/ale/Proyecto_CPR/rosbot_ws/install/open_manipulator_x_joy/share/open_manipulator_x_joy/hook/cmake_prefix_path.dsv'
[13.874s] INFO:colcon.colcon_core.shell:Creating environment hook '/home/ale/Proyecto_CPR/rosbot_ws/install/open_manipulator_x_joy/share/open_manipulator_x_joy/hook/cmake_prefix_path.sh'
[13.874s] Level 1:colcon.colcon_core.environment:checking '/home/ale/Proyecto_CPR/rosbot_ws/install/open_manipulator_x_joy/lib'
[13.874s] Level 1:colcon.colcon_core.environment:checking '/home/ale/Proyecto_CPR/rosbot_ws/install/open_manipulator_x_joy/bin'
[13.874s] Level 1:colcon.colcon_core.environment:checking '/home/ale/Proyecto_CPR/rosbot_ws/install/open_manipulator_x_joy/lib/pkgconfig/open_manipulator_x_joy.pc'
[13.875s] Level 1:colcon.colcon_core.environment:checking '/home/ale/Proyecto_CPR/rosbot_ws/install/open_manipulator_x_joy/lib/python3.10/site-packages'
[13.875s] Level 1:colcon.colcon_core.environment:checking '/home/ale/Proyecto_CPR/rosbot_ws/install/open_manipulator_x_joy/bin'
[13.875s] INFO:colcon.colcon_core.shell:Creating package script '/home/ale/Proyecto_CPR/rosbot_ws/install/open_manipulator_x_joy/share/open_manipulator_x_joy/package.ps1'
[13.875s] INFO:colcon.colcon_core.shell:Creating package descriptor '/home/ale/Proyecto_CPR/rosbot_ws/install/open_manipulator_x_joy/share/open_manipulator_x_joy/package.dsv'
[13.876s] INFO:colcon.colcon_core.shell:Creating package script '/home/ale/Proyecto_CPR/rosbot_ws/install/open_manipulator_x_joy/share/open_manipulator_x_joy/package.sh'
[13.876s] INFO:colcon.colcon_core.shell:Creating package script '/home/ale/Proyecto_CPR/rosbot_ws/install/open_manipulator_x_joy/share/open_manipulator_x_joy/package.bash'
[13.876s] INFO:colcon.colcon_core.shell:Creating package script '/home/ale/Proyecto_CPR/rosbot_ws/install/open_manipulator_x_joy/share/open_manipulator_x_joy/package.zsh'
[13.876s] Level 1:colcon.colcon_core.environment:create_file_with_runtime_dependencies(/home/ale/Proyecto_CPR/rosbot_ws/install/open_manipulator_x_joy/share/colcon-core/packages/open_manipulator_x_joy)
[14.120s] Level 1:colcon.colcon_core.environment:create_environment_scripts_only(rosbot_description)
[14.120s] Level 1:colcon.colcon_core.environment:checking '/home/ale/Proyecto_CPR/rosbot_ws/install/rosbot_description' for CMake module files
[14.121s] DEBUG:colcon.colcon_core.event_handler.log_command:Invoked command in '/home/ale/Proyecto_CPR/rosbot_ws/build/rosbot_description' returned '0': CMAKE_PREFIX_PATH=/home/ale/Proyecto_CPR/rosbot_ws/install/open_manipulator_x_description:/home/ale/Proyecto_CPR/rosbot_ws/install/husarion_components_description:/home/ale/Proyecto_CPR/rosbot_ws/install/dynamixel_hardware_interface:/home/ale/Proyecto_CPR/rosbot_ws/install/rosbot_localization:/home/ale/Proyecto_CPR/rosbot_ws/install/open_manipulator_x_moveit:/home/ale/Proyecto_CPR/rosbot_ws/install/rosbot_description:/home/ale/Proyecto_CPR/rosbot_ws/install/rosbot:/home/ale/Proyecto_CPR/rosbot_ws/install/open_manipulator_x_joy:/home/ale/Proyecto_CPR/rosbot_ws/install/mecanum_drive_controller:/home/ale/Proyecto_CPR/rosbot_ws/install/husarion_gz_worlds:/home/ale/Proyecto_CPR/rosbot_ws/install/controldesc_pkg:/home/ale/Proyecto_CPR/rosbot_ws/install/rosbot_gazebo:/home/ale/Proyecto_CPR/rosbot_ws/install/rosbot_controller:/home/ale/Proyecto_CPR/rosbot_ws/install/rosbot_utils:/opt/ros/humble LD_LIBRARY_PATH=/home/ale/Proyecto_CPR/rosbot_ws/install/dynamixel_hardware_interface/lib:/home/ale/Proyecto_CPR/rosbot_ws/install/mecanum_drive_controller/lib:/usr/lib/x86_64-linux-gnu/gazebo-11/plugins:/opt/ros/humble/opt/rviz_ogre_vendor/lib:/opt/ros/humble/lib/x86_64-linux-gnu:/opt/ros/humble/opt/libphidget22/lib:/opt/ros/humble/lib:/usr/lib/x86_64-linux-gnu/gazebo-11/plugins /usr/bin/cmake --install /home/ale/Proyecto_CPR/rosbot_ws/build/rosbot_description
[14.121s] Level 1:colcon.colcon_core.environment:checking '/home/ale/Proyecto_CPR/rosbot_ws/install/rosbot_description' for CMake config files
[14.121s] Level 1:colcon.colcon_core.shell:create_environment_hook('rosbot_description', 'cmake_prefix_path')
[14.121s] INFO:colcon.colcon_core.shell:Creating environment hook '/home/ale/Proyecto_CPR/rosbot_ws/install/rosbot_description/share/rosbot_description/hook/cmake_prefix_path.ps1'
[14.122s] INFO:colcon.colcon_core.shell:Creating environment descriptor '/home/ale/Proyecto_CPR/rosbot_ws/install/rosbot_description/share/rosbot_description/hook/cmake_prefix_path.dsv'
[14.122s] INFO:colcon.colcon_core.shell:Creating environment hook '/home/ale/Proyecto_CPR/rosbot_ws/install/rosbot_description/share/rosbot_description/hook/cmake_prefix_path.sh'
[14.122s] Level 1:colcon.colcon_core.environment:checking '/home/ale/Proyecto_CPR/rosbot_ws/install/rosbot_description/bin'
[14.122s] Level 1:colcon.colcon_core.environment:checking '/home/ale/Proyecto_CPR/rosbot_ws/install/rosbot_description/lib/pkgconfig/rosbot_description.pc'
[14.122s] Level 1:colcon.colcon_core.environment:checking '/home/ale/Proyecto_CPR/rosbot_ws/install/rosbot_description/lib/python3.10/site-packages'
[14.122s] Level 1:colcon.colcon_core.environment:checking '/home/ale/Proyecto_CPR/rosbot_ws/install/rosbot_description/bin'
[14.123s] INFO:colcon.colcon_core.shell:Creating package script '/home/ale/Proyecto_CPR/rosbot_ws/install/rosbot_description/share/rosbot_description/package.ps1'
[14.123s] INFO:colcon.colcon_core.shell:Creating package descriptor '/home/ale/Proyecto_CPR/rosbot_ws/install/rosbot_description/share/rosbot_description/package.dsv'
[14.123s] INFO:colcon.colcon_core.shell:Creating package script '/home/ale/Proyecto_CPR/rosbot_ws/install/rosbot_description/share/rosbot_description/package.sh'
[14.123s] INFO:colcon.colcon_core.shell:Creating package script '/home/ale/Proyecto_CPR/rosbot_ws/install/rosbot_description/share/rosbot_description/package.bash'
[14.124s] INFO:colcon.colcon_core.shell:Creating package script '/home/ale/Proyecto_CPR/rosbot_ws/install/rosbot_description/share/rosbot_description/package.zsh'
[14.124s] Level 1:colcon.colcon_core.environment:create_file_with_runtime_dependencies(/home/ale/Proyecto_CPR/rosbot_ws/install/rosbot_description/share/colcon-core/packages/rosbot_description)
[14.124s] Level 1:colcon.colcon_core.environment:create_environment_scripts_only(rosbot_description)
[14.124s] Level 1:colcon.colcon_core.environment:checking '/home/ale/Proyecto_CPR/rosbot_ws/install/rosbot_description' for CMake module files
[14.124s] Level 1:colcon.colcon_core.environment:checking '/home/ale/Proyecto_CPR/rosbot_ws/install/rosbot_description' for CMake config files
[14.125s] Level 1:colcon.colcon_core.shell:create_environment_hook('rosbot_description', 'cmake_prefix_path')
[14.125s] INFO:colcon.colcon_core.shell:Creating environment hook '/home/ale/Proyecto_CPR/rosbot_ws/install/rosbot_description/share/rosbot_description/hook/cmake_prefix_path.ps1'
[14.125s] INFO:colcon.colcon_core.shell:Creating environment descriptor '/home/ale/Proyecto_CPR/rosbot_ws/install/rosbot_description/share/rosbot_description/hook/cmake_prefix_path.dsv'
[14.125s] INFO:colcon.colcon_core.shell:Creating environment hook '/home/ale/Proyecto_CPR/rosbot_ws/install/rosbot_description/share/rosbot_description/hook/cmake_prefix_path.sh'
[14.126s] Level 1:colcon.colcon_core.environment:checking '/home/ale/Proyecto_CPR/rosbot_ws/install/rosbot_description/bin'
[14.126s] Level 1:colcon.colcon_core.environment:checking '/home/ale/Proyecto_CPR/rosbot_ws/install/rosbot_description/lib/pkgconfig/rosbot_description.pc'
[14.126s] Level 1:colcon.colcon_core.environment:checking '/home/ale/Proyecto_CPR/rosbot_ws/install/rosbot_description/lib/python3.10/site-packages'
[14.126s] Level 1:colcon.colcon_core.environment:checking '/home/ale/Proyecto_CPR/rosbot_ws/install/rosbot_description/bin'
[14.126s] INFO:colcon.colcon_core.shell:Creating package script '/home/ale/Proyecto_CPR/rosbot_ws/install/rosbot_description/share/rosbot_description/package.ps1'
[14.127s] INFO:colcon.colcon_core.shell:Creating package descriptor '/home/ale/Proyecto_CPR/rosbot_ws/install/rosbot_description/share/rosbot_description/package.dsv'
[14.127s] INFO:colcon.colcon_core.shell:Creating package script '/home/ale/Proyecto_CPR/rosbot_ws/install/rosbot_description/share/rosbot_description/package.sh'
[14.127s] INFO:colcon.colcon_core.shell:Creating package script '/home/ale/Proyecto_CPR/rosbot_ws/install/rosbot_description/share/rosbot_description/package.bash'
[14.128s] INFO:colcon.colcon_core.shell:Creating package script '/home/ale/Proyecto_CPR/rosbot_ws/install/rosbot_description/share/rosbot_description/package.zsh'
[14.128s] Level 1:colcon.colcon_core.environment:create_file_with_runtime_dependencies(/home/ale/Proyecto_CPR/rosbot_ws/install/rosbot_description/share/colcon-core/packages/rosbot_description)
[14.128s] INFO:colcon.colcon_ros.task.ament_cmake.build:Building ROS package in '/home/ale/Proyecto_CPR/rosbot_ws/src/open_manipulator_x/open_manipulator_x_moveit' with build type 'ament_cmake'
[14.128s] INFO:colcon.colcon_cmake.task.cmake.build:Building CMake package in '/home/ale/Proyecto_CPR/rosbot_ws/src/open_manipulator_x/open_manipulator_x_moveit'
[14.128s] INFO:colcon.colcon_core.shell:Skip shell extension 'powershell' for command environment: Not usable outside of PowerShell
[14.128s] DEBUG:colcon.colcon_core.shell:Skip shell extension 'dsv' for command environment
[14.139s] DEBUG:colcon.colcon_core.event_handler.log_command:Invoking command in '/home/ale/Proyecto_CPR/rosbot_ws/build/open_manipulator_x_moveit': CMAKE_PREFIX_PATH=/home/ale/Proyecto_CPR/rosbot_ws/install/rosbot_description:/home/ale/Proyecto_CPR/rosbot_ws/install/open_manipulator_x_description:/home/ale/Proyecto_CPR/rosbot_ws/install/open_manipulator_x_joy:/home/ale/Proyecto_CPR/rosbot_ws/install/husarion_components_description:/home/ale/Proyecto_CPR/rosbot_ws/install/dynamixel_hardware_interface:/home/ale/Proyecto_CPR/rosbot_ws/install/rosbot_localization:/home/ale/Proyecto_CPR/rosbot_ws/install/open_manipulator_x_moveit:/home/ale/Proyecto_CPR/rosbot_ws/install/rosbot:/home/ale/Proyecto_CPR/rosbot_ws/install/mecanum_drive_controller:/home/ale/Proyecto_CPR/rosbot_ws/install/husarion_gz_worlds:/home/ale/Proyecto_CPR/rosbot_ws/install/controldesc_pkg:/home/ale/Proyecto_CPR/rosbot_ws/install/rosbot_gazebo:/home/ale/Proyecto_CPR/rosbot_ws/install/rosbot_controller:/home/ale/Proyecto_CPR/rosbot_ws/install/rosbot_utils:/opt/ros/humble LD_LIBRARY_PATH=/home/ale/Proyecto_CPR/rosbot_ws/install/dynamixel_hardware_interface/lib:/home/ale/Proyecto_CPR/rosbot_ws/install/mecanum_drive_controller/lib:/usr/lib/x86_64-linux-gnu/gazebo-11/plugins:/opt/ros/humble/opt/rviz_ogre_vendor/lib:/opt/ros/humble/lib/x86_64-linux-gnu:/opt/ros/humble/opt/libphidget22/lib:/opt/ros/humble/lib:/usr/lib/x86_64-linux-gnu/gazebo-11/plugins /usr/bin/cmake /home/ale/Proyecto_CPR/rosbot_ws/src/open_manipulator_x/open_manipulator_x_moveit -DCMAKE_BUILD_TYPE=Release -DAMENT_CMAKE_SYMLINK_INSTALL=1 -DCMAKE_INSTALL_PREFIX=/home/ale/Proyecto_CPR/rosbot_ws/install/open_manipulator_x_moveit
[15.541s] DEBUG:colcon.colcon_core.event_handler.log_command:Invoked command in '/home/ale/Proyecto_CPR/rosbot_ws/build/open_manipulator_x_moveit' returned '0': CMAKE_PREFIX_PATH=/home/ale/Proyecto_CPR/rosbot_ws/install/rosbot_description:/home/ale/Proyecto_CPR/rosbot_ws/install/open_manipulator_x_description:/home/ale/Proyecto_CPR/rosbot_ws/install/open_manipulator_x_joy:/home/ale/Proyecto_CPR/rosbot_ws/install/husarion_components_description:/home/ale/Proyecto_CPR/rosbot_ws/install/dynamixel_hardware_interface:/home/ale/Proyecto_CPR/rosbot_ws/install/rosbot_localization:/home/ale/Proyecto_CPR/rosbot_ws/install/open_manipulator_x_moveit:/home/ale/Proyecto_CPR/rosbot_ws/install/rosbot:/home/ale/Proyecto_CPR/rosbot_ws/install/mecanum_drive_controller:/home/ale/Proyecto_CPR/rosbot_ws/install/husarion_gz_worlds:/home/ale/Proyecto_CPR/rosbot_ws/install/controldesc_pkg:/home/ale/Proyecto_CPR/rosbot_ws/install/rosbot_gazebo:/home/ale/Proyecto_CPR/rosbot_ws/install/rosbot_controller:/home/ale/Proyecto_CPR/rosbot_ws/install/rosbot_utils:/opt/ros/humble LD_LIBRARY_PATH=/home/ale/Proyecto_CPR/rosbot_ws/install/dynamixel_hardware_interface/lib:/home/ale/Proyecto_CPR/rosbot_ws/install/mecanum_drive_controller/lib:/usr/lib/x86_64-linux-gnu/gazebo-11/plugins:/opt/ros/humble/opt/rviz_ogre_vendor/lib:/opt/ros/humble/lib/x86_64-linux-gnu:/opt/ros/humble/opt/libphidget22/lib:/opt/ros/humble/lib:/usr/lib/x86_64-linux-gnu/gazebo-11/plugins /usr/bin/cmake /home/ale/Proyecto_CPR/rosbot_ws/src/open_manipulator_x/open_manipulator_x_moveit -DCMAKE_BUILD_TYPE=Release -DAMENT_CMAKE_SYMLINK_INSTALL=1 -DCMAKE_INSTALL_PREFIX=/home/ale/Proyecto_CPR/rosbot_ws/install/open_manipulator_x_moveit
[15.542s] DEBUG:colcon.colcon_core.event_handler.log_command:Invoking command in '/home/ale/Proyecto_CPR/rosbot_ws/build/open_manipulator_x_moveit': CMAKE_PREFIX_PATH=/home/ale/Proyecto_CPR/rosbot_ws/install/rosbot_description:/home/ale/Proyecto_CPR/rosbot_ws/install/open_manipulator_x_description:/home/ale/Proyecto_CPR/rosbot_ws/install/open_manipulator_x_joy:/home/ale/Proyecto_CPR/rosbot_ws/install/husarion_components_description:/home/ale/Proyecto_CPR/rosbot_ws/install/dynamixel_hardware_interface:/home/ale/Proyecto_CPR/rosbot_ws/install/rosbot_localization:/home/ale/Proyecto_CPR/rosbot_ws/install/open_manipulator_x_moveit:/home/ale/Proyecto_CPR/rosbot_ws/install/rosbot:/home/ale/Proyecto_CPR/rosbot_ws/install/mecanum_drive_controller:/home/ale/Proyecto_CPR/rosbot_ws/install/husarion_gz_worlds:/home/ale/Proyecto_CPR/rosbot_ws/install/controldesc_pkg:/home/ale/Proyecto_CPR/rosbot_ws/install/rosbot_gazebo:/home/ale/Proyecto_CPR/rosbot_ws/install/rosbot_controller:/home/ale/Proyecto_CPR/rosbot_ws/install/rosbot_utils:/opt/ros/humble LD_LIBRARY_PATH=/home/ale/Proyecto_CPR/rosbot_ws/install/dynamixel_hardware_interface/lib:/home/ale/Proyecto_CPR/rosbot_ws/install/mecanum_drive_controller/lib:/usr/lib/x86_64-linux-gnu/gazebo-11/plugins:/opt/ros/humble/opt/rviz_ogre_vendor/lib:/opt/ros/humble/lib/x86_64-linux-gnu:/opt/ros/humble/opt/libphidget22/lib:/opt/ros/humble/lib:/usr/lib/x86_64-linux-gnu/gazebo-11/plugins /usr/bin/cmake --build /home/ale/Proyecto_CPR/rosbot_ws/build/open_manipulator_x_moveit -- -j16 -l16
[17.078s] DEBUG:colcon.colcon_core.event_handler.log_command:Invoked command in '/home/ale/Proyecto_CPR/rosbot_ws/build/mecanum_drive_controller' returned '0': CMAKE_PREFIX_PATH=${CMAKE_PREFIX_PATH}:/home/ale/Proyecto_CPR/rosbot_ws/install/rosbot_gazebo:/home/ale/Proyecto_CPR/rosbot_ws/install/rosbot_controller:/home/ale/Proyecto_CPR/rosbot_ws/install/rosbot_utils:/opt/ros/humble /usr/bin/cmake --build /home/ale/Proyecto_CPR/rosbot_ws/build/mecanum_drive_controller -- -j16 -l16
[17.079s] DEBUG:colcon.colcon_core.event_handler.log_command:Invoking command in '/home/ale/Proyecto_CPR/rosbot_ws/build/mecanum_drive_controller': CMAKE_PREFIX_PATH=${CMAKE_PREFIX_PATH}:/home/ale/Proyecto_CPR/rosbot_ws/install/rosbot_gazebo:/home/ale/Proyecto_CPR/rosbot_ws/install/rosbot_controller:/home/ale/Proyecto_CPR/rosbot_ws/install/rosbot_utils:/opt/ros/humble /usr/bin/cmake --install /home/ale/Proyecto_CPR/rosbot_ws/build/mecanum_drive_controller
[17.278s] Level 1:colcon.colcon_core.environment:create_environment_scripts_only(mecanum_drive_controller)
[17.278s] Level 1:colcon.colcon_core.environment:checking '/home/ale/Proyecto_CPR/rosbot_ws/install/mecanum_drive_controller' for CMake module files
[17.279s] DEBUG:colcon.colcon_core.event_handler.log_command:Invoked command in '/home/ale/Proyecto_CPR/rosbot_ws/build/mecanum_drive_controller' returned '0': CMAKE_PREFIX_PATH=${CMAKE_PREFIX_PATH}:/home/ale/Proyecto_CPR/rosbot_ws/install/rosbot_gazebo:/home/ale/Proyecto_CPR/rosbot_ws/install/rosbot_controller:/home/ale/Proyecto_CPR/rosbot_ws/install/rosbot_utils:/opt/ros/humble /usr/bin/cmake --install /home/ale/Proyecto_CPR/rosbot_ws/build/mecanum_drive_controller
[17.279s] Level 1:colcon.colcon_core.environment:checking '/home/ale/Proyecto_CPR/rosbot_ws/install/mecanum_drive_controller' for CMake config files
[17.279s] Level 1:colcon.colcon_core.shell:create_environment_hook('mecanum_drive_controller', 'cmake_prefix_path')
[17.279s] INFO:colcon.colcon_core.shell:Creating environment hook '/home/ale/Proyecto_CPR/rosbot_ws/install/mecanum_drive_controller/share/mecanum_drive_controller/hook/cmake_prefix_path.ps1'
[17.280s] INFO:colcon.colcon_core.shell:Creating environment descriptor '/home/ale/Proyecto_CPR/rosbot_ws/install/mecanum_drive_controller/share/mecanum_drive_controller/hook/cmake_prefix_path.dsv'
[17.280s] INFO:colcon.colcon_core.shell:Creating environment hook '/home/ale/Proyecto_CPR/rosbot_ws/install/mecanum_drive_controller/share/mecanum_drive_controller/hook/cmake_prefix_path.sh'
[17.280s] Level 1:colcon.colcon_core.environment:checking '/home/ale/Proyecto_CPR/rosbot_ws/install/mecanum_drive_controller/lib'
[17.280s] Level 1:colcon.colcon_core.shell:create_environment_hook('mecanum_drive_controller', 'ld_library_path_lib')
[17.280s] INFO:colcon.colcon_core.shell:Creating environment hook '/home/ale/Proyecto_CPR/rosbot_ws/install/mecanum_drive_controller/share/mecanum_drive_controller/hook/ld_library_path_lib.ps1'
[17.281s] INFO:colcon.colcon_core.shell:Creating environment descriptor '/home/ale/Proyecto_CPR/rosbot_ws/install/mecanum_drive_controller/share/mecanum_drive_controller/hook/ld_library_path_lib.dsv'
[17.281s] INFO:colcon.colcon_core.shell:Creating environment hook '/home/ale/Proyecto_CPR/rosbot_ws/install/mecanum_drive_controller/share/mecanum_drive_controller/hook/ld_library_path_lib.sh'
[17.281s] Level 1:colcon.colcon_core.environment:checking '/home/ale/Proyecto_CPR/rosbot_ws/install/mecanum_drive_controller/bin'
[17.281s] Level 1:colcon.colcon_core.environment:checking '/home/ale/Proyecto_CPR/rosbot_ws/install/mecanum_drive_controller/lib/pkgconfig/mecanum_drive_controller.pc'
[17.281s] Level 1:colcon.colcon_core.environment:checking '/home/ale/Proyecto_CPR/rosbot_ws/install/mecanum_drive_controller/lib/python3.10/site-packages'
[17.281s] Level 1:colcon.colcon_core.environment:checking '/home/ale/Proyecto_CPR/rosbot_ws/install/mecanum_drive_controller/bin'
[17.282s] INFO:colcon.colcon_core.shell:Creating package script '/home/ale/Proyecto_CPR/rosbot_ws/install/mecanum_drive_controller/share/mecanum_drive_controller/package.ps1'
[17.282s] INFO:colcon.colcon_core.shell:Creating package descriptor '/home/ale/Proyecto_CPR/rosbot_ws/install/mecanum_drive_controller/share/mecanum_drive_controller/package.dsv'
[17.282s] INFO:colcon.colcon_core.shell:Creating package script '/home/ale/Proyecto_CPR/rosbot_ws/install/mecanum_drive_controller/share/mecanum_drive_controller/package.sh'
[17.282s] INFO:colcon.colcon_core.shell:Creating package script '/home/ale/Proyecto_CPR/rosbot_ws/install/mecanum_drive_controller/share/mecanum_drive_controller/package.bash'
[17.282s] INFO:colcon.colcon_core.shell:Creating package script '/home/ale/Proyecto_CPR/rosbot_ws/install/mecanum_drive_controller/share/mecanum_drive_controller/package.zsh'
[17.283s] Level 1:colcon.colcon_core.environment:create_file_with_runtime_dependencies(/home/ale/Proyecto_CPR/rosbot_ws/install/mecanum_drive_controller/share/colcon-core/packages/mecanum_drive_controller)
[17.283s] Level 1:colcon.colcon_core.environment:create_environment_scripts_only(mecanum_drive_controller)
[17.283s] Level 1:colcon.colcon_core.environment:checking '/home/ale/Proyecto_CPR/rosbot_ws/install/mecanum_drive_controller' for CMake module files
[17.283s] Level 1:colcon.colcon_core.environment:checking '/home/ale/Proyecto_CPR/rosbot_ws/install/mecanum_drive_controller' for CMake config files
[17.283s] Level 1:colcon.colcon_core.shell:create_environment_hook('mecanum_drive_controller', 'cmake_prefix_path')
[17.284s] INFO:colcon.colcon_core.shell:Creating environment hook '/home/ale/Proyecto_CPR/rosbot_ws/install/mecanum_drive_controller/share/mecanum_drive_controller/hook/cmake_prefix_path.ps1'
[17.284s] INFO:colcon.colcon_core.shell:Creating environment descriptor '/home/ale/Proyecto_CPR/rosbot_ws/install/mecanum_drive_controller/share/mecanum_drive_controller/hook/cmake_prefix_path.dsv'
[17.284s] INFO:colcon.colcon_core.shell:Creating environment hook '/home/ale/Proyecto_CPR/rosbot_ws/install/mecanum_drive_controller/share/mecanum_drive_controller/hook/cmake_prefix_path.sh'
[17.284s] Level 1:colcon.colcon_core.environment:checking '/home/ale/Proyecto_CPR/rosbot_ws/install/mecanum_drive_controller/lib'
[17.284s] Level 1:colcon.colcon_core.shell:create_environment_hook('mecanum_drive_controller', 'ld_library_path_lib')
[17.284s] INFO:colcon.colcon_core.shell:Creating environment hook '/home/ale/Proyecto_CPR/rosbot_ws/install/mecanum_drive_controller/share/mecanum_drive_controller/hook/ld_library_path_lib.ps1'
[17.285s] INFO:colcon.colcon_core.shell:Creating environment descriptor '/home/ale/Proyecto_CPR/rosbot_ws/install/mecanum_drive_controller/share/mecanum_drive_controller/hook/ld_library_path_lib.dsv'
[17.285s] INFO:colcon.colcon_core.shell:Creating environment hook '/home/ale/Proyecto_CPR/rosbot_ws/install/mecanum_drive_controller/share/mecanum_drive_controller/hook/ld_library_path_lib.sh'
[17.285s] Level 1:colcon.colcon_core.environment:checking '/home/ale/Proyecto_CPR/rosbot_ws/install/mecanum_drive_controller/bin'
[17.285s] Level 1:colcon.colcon_core.environment:checking '/home/ale/Proyecto_CPR/rosbot_ws/install/mecanum_drive_controller/lib/pkgconfig/mecanum_drive_controller.pc'
[17.285s] Level 1:colcon.colcon_core.environment:checking '/home/ale/Proyecto_CPR/rosbot_ws/install/mecanum_drive_controller/lib/python3.10/site-packages'
[17.285s] Level 1:colcon.colcon_core.environment:checking '/home/ale/Proyecto_CPR/rosbot_ws/install/mecanum_drive_controller/bin'
[17.285s] INFO:colcon.colcon_core.shell:Creating package script '/home/ale/Proyecto_CPR/rosbot_ws/install/mecanum_drive_controller/share/mecanum_drive_controller/package.ps1'
[17.286s] INFO:colcon.colcon_core.shell:Creating package descriptor '/home/ale/Proyecto_CPR/rosbot_ws/install/mecanum_drive_controller/share/mecanum_drive_controller/package.dsv'
[17.286s] INFO:colcon.colcon_core.shell:Creating package script '/home/ale/Proyecto_CPR/rosbot_ws/install/mecanum_drive_controller/share/mecanum_drive_controller/package.sh'
[17.286s] INFO:colcon.colcon_core.shell:Creating package script '/home/ale/Proyecto_CPR/rosbot_ws/install/mecanum_drive_controller/share/mecanum_drive_controller/package.bash'
[17.286s] INFO:colcon.colcon_core.shell:Creating package script '/home/ale/Proyecto_CPR/rosbot_ws/install/mecanum_drive_controller/share/mecanum_drive_controller/package.zsh'
[17.287s] Level 1:colcon.colcon_core.environment:create_file_with_runtime_dependencies(/home/ale/Proyecto_CPR/rosbot_ws/install/mecanum_drive_controller/share/colcon-core/packages/mecanum_drive_controller)
[20.941s] DEBUG:colcon.colcon_core.event_handler.log_command:Invoked command in '/home/ale/Proyecto_CPR/rosbot_ws/build/open_manipulator_x_moveit' returned '0': CMAKE_PREFIX_PATH=/home/ale/Proyecto_CPR/rosbot_ws/install/rosbot_description:/home/ale/Proyecto_CPR/rosbot_ws/install/open_manipulator_x_description:/home/ale/Proyecto_CPR/rosbot_ws/install/open_manipulator_x_joy:/home/ale/Proyecto_CPR/rosbot_ws/install/husarion_components_description:/home/ale/Proyecto_CPR/rosbot_ws/install/dynamixel_hardware_interface:/home/ale/Proyecto_CPR/rosbot_ws/install/rosbot_localization:/home/ale/Proyecto_CPR/rosbot_ws/install/open_manipulator_x_moveit:/home/ale/Proyecto_CPR/rosbot_ws/install/rosbot:/home/ale/Proyecto_CPR/rosbot_ws/install/mecanum_drive_controller:/home/ale/Proyecto_CPR/rosbot_ws/install/husarion_gz_worlds:/home/ale/Proyecto_CPR/rosbot_ws/install/controldesc_pkg:/home/ale/Proyecto_CPR/rosbot_ws/install/rosbot_gazebo:/home/ale/Proyecto_CPR/rosbot_ws/install/rosbot_controller:/home/ale/Proyecto_CPR/rosbot_ws/install/rosbot_utils:/opt/ros/humble LD_LIBRARY_PATH=/home/ale/Proyecto_CPR/rosbot_ws/install/dynamixel_hardware_interface/lib:/home/ale/Proyecto_CPR/rosbot_ws/install/mecanum_drive_controller/lib:/usr/lib/x86_64-linux-gnu/gazebo-11/plugins:/opt/ros/humble/opt/rviz_ogre_vendor/lib:/opt/ros/humble/lib/x86_64-linux-gnu:/opt/ros/humble/opt/libphidget22/lib:/opt/ros/humble/lib:/usr/lib/x86_64-linux-gnu/gazebo-11/plugins /usr/bin/cmake --build /home/ale/Proyecto_CPR/rosbot_ws/build/open_manipulator_x_moveit -- -j16 -l16
[20.942s] DEBUG:colcon.colcon_core.event_handler.log_command:Invoking command in '/home/ale/Proyecto_CPR/rosbot_ws/build/open_manipulator_x_moveit': CMAKE_PREFIX_PATH=/home/ale/Proyecto_CPR/rosbot_ws/install/rosbot_description:/home/ale/Proyecto_CPR/rosbot_ws/install/open_manipulator_x_description:/home/ale/Proyecto_CPR/rosbot_ws/install/open_manipulator_x_joy:/home/ale/Proyecto_CPR/rosbot_ws/install/husarion_components_description:/home/ale/Proyecto_CPR/rosbot_ws/install/dynamixel_hardware_interface:/home/ale/Proyecto_CPR/rosbot_ws/install/rosbot_localization:/home/ale/Proyecto_CPR/rosbot_ws/install/open_manipulator_x_moveit:/home/ale/Proyecto_CPR/rosbot_ws/install/rosbot:/home/ale/Proyecto_CPR/rosbot_ws/install/mecanum_drive_controller:/home/ale/Proyecto_CPR/rosbot_ws/install/husarion_gz_worlds:/home/ale/Proyecto_CPR/rosbot_ws/install/controldesc_pkg:/home/ale/Proyecto_CPR/rosbot_ws/install/rosbot_gazebo:/home/ale/Proyecto_CPR/rosbot_ws/install/rosbot_controller:/home/ale/Proyecto_CPR/rosbot_ws/install/rosbot_utils:/opt/ros/humble LD_LIBRARY_PATH=/home/ale/Proyecto_CPR/rosbot_ws/install/dynamixel_hardware_interface/lib:/home/ale/Proyecto_CPR/rosbot_ws/install/mecanum_drive_controller/lib:/usr/lib/x86_64-linux-gnu/gazebo-11/plugins:/opt/ros/humble/opt/rviz_ogre_vendor/lib:/opt/ros/humble/lib/x86_64-linux-gnu:/opt/ros/humble/opt/libphidget22/lib:/opt/ros/humble/lib:/usr/lib/x86_64-linux-gnu/gazebo-11/plugins /usr/bin/cmake --install /home/ale/Proyecto_CPR/rosbot_ws/build/open_manipulator_x_moveit
[21.107s] Level 1:colcon.colcon_core.environment:create_environment_scripts_only(open_manipulator_x_moveit)
[21.107s] Level 1:colcon.colcon_core.environment:checking '/home/ale/Proyecto_CPR/rosbot_ws/install/open_manipulator_x_moveit' for CMake module files
[21.107s] DEBUG:colcon.colcon_core.event_handler.log_command:Invoked command in '/home/ale/Proyecto_CPR/rosbot_ws/build/open_manipulator_x_moveit' returned '0': CMAKE_PREFIX_PATH=/home/ale/Proyecto_CPR/rosbot_ws/install/rosbot_description:/home/ale/Proyecto_CPR/rosbot_ws/install/open_manipulator_x_description:/home/ale/Proyecto_CPR/rosbot_ws/install/open_manipulator_x_joy:/home/ale/Proyecto_CPR/rosbot_ws/install/husarion_components_description:/home/ale/Proyecto_CPR/rosbot_ws/install/dynamixel_hardware_interface:/home/ale/Proyecto_CPR/rosbot_ws/install/rosbot_localization:/home/ale/Proyecto_CPR/rosbot_ws/install/open_manipulator_x_moveit:/home/ale/Proyecto_CPR/rosbot_ws/install/rosbot:/home/ale/Proyecto_CPR/rosbot_ws/install/mecanum_drive_controller:/home/ale/Proyecto_CPR/rosbot_ws/install/husarion_gz_worlds:/home/ale/Proyecto_CPR/rosbot_ws/install/controldesc_pkg:/home/ale/Proyecto_CPR/rosbot_ws/install/rosbot_gazebo:/home/ale/Proyecto_CPR/rosbot_ws/install/rosbot_controller:/home/ale/Proyecto_CPR/rosbot_ws/install/rosbot_utils:/opt/ros/humble LD_LIBRARY_PATH=/home/ale/Proyecto_CPR/rosbot_ws/install/dynamixel_hardware_interface/lib:/home/ale/Proyecto_CPR/rosbot_ws/install/mecanum_drive_controller/lib:/usr/lib/x86_64-linux-gnu/gazebo-11/plugins:/opt/ros/humble/opt/rviz_ogre_vendor/lib:/opt/ros/humble/lib/x86_64-linux-gnu:/opt/ros/humble/opt/libphidget22/lib:/opt/ros/humble/lib:/usr/lib/x86_64-linux-gnu/gazebo-11/plugins /usr/bin/cmake --install /home/ale/Proyecto_CPR/rosbot_ws/build/open_manipulator_x_moveit
[21.108s] Level 1:colcon.colcon_core.environment:checking '/home/ale/Proyecto_CPR/rosbot_ws/install/open_manipulator_x_moveit' for CMake config files
[21.108s] Level 1:colcon.colcon_core.shell:create_environment_hook('open_manipulator_x_moveit', 'cmake_prefix_path')
[21.108s] INFO:colcon.colcon_core.shell:Creating environment hook '/home/ale/Proyecto_CPR/rosbot_ws/install/open_manipulator_x_moveit/share/open_manipulator_x_moveit/hook/cmake_prefix_path.ps1'
[21.108s] INFO:colcon.colcon_core.shell:Creating environment descriptor '/home/ale/Proyecto_CPR/rosbot_ws/install/open_manipulator_x_moveit/share/open_manipulator_x_moveit/hook/cmake_prefix_path.dsv'
[21.108s] INFO:colcon.colcon_core.shell:Creating environment hook '/home/ale/Proyecto_CPR/rosbot_ws/install/open_manipulator_x_moveit/share/open_manipulator_x_moveit/hook/cmake_prefix_path.sh'
[21.108s] Level 1:colcon.colcon_core.environment:checking '/home/ale/Proyecto_CPR/rosbot_ws/install/open_manipulator_x_moveit/lib'
[21.109s] Level 1:colcon.colcon_core.environment:checking '/home/ale/Proyecto_CPR/rosbot_ws/install/open_manipulator_x_moveit/bin'
[21.109s] Level 1:colcon.colcon_core.environment:checking '/home/ale/Proyecto_CPR/rosbot_ws/install/open_manipulator_x_moveit/lib/pkgconfig/open_manipulator_x_moveit.pc'
[21.109s] Level 1:colcon.colcon_core.environment:checking '/home/ale/Proyecto_CPR/rosbot_ws/install/open_manipulator_x_moveit/lib/python3.10/site-packages'
[21.109s] Level 1:colcon.colcon_core.environment:checking '/home/ale/Proyecto_CPR/rosbot_ws/install/open_manipulator_x_moveit/bin'
[21.109s] INFO:colcon.colcon_core.shell:Creating package script '/home/ale/Proyecto_CPR/rosbot_ws/install/open_manipulator_x_moveit/share/open_manipulator_x_moveit/package.ps1'
[21.109s] INFO:colcon.colcon_core.shell:Creating package descriptor '/home/ale/Proyecto_CPR/rosbot_ws/install/open_manipulator_x_moveit/share/open_manipulator_x_moveit/package.dsv'
[21.109s] INFO:colcon.colcon_core.shell:Creating package script '/home/ale/Proyecto_CPR/rosbot_ws/install/open_manipulator_x_moveit/share/open_manipulator_x_moveit/package.sh'
[21.110s] INFO:colcon.colcon_core.shell:Creating package script '/home/ale/Proyecto_CPR/rosbot_ws/install/open_manipulator_x_moveit/share/open_manipulator_x_moveit/package.bash'
[21.110s] INFO:colcon.colcon_core.shell:Creating package script '/home/ale/Proyecto_CPR/rosbot_ws/install/open_manipulator_x_moveit/share/open_manipulator_x_moveit/package.zsh'
[21.110s] Level 1:colcon.colcon_core.environment:create_file_with_runtime_dependencies(/home/ale/Proyecto_CPR/rosbot_ws/install/open_manipulator_x_moveit/share/colcon-core/packages/open_manipulator_x_moveit)
[21.110s] Level 1:colcon.colcon_core.environment:create_environment_scripts_only(open_manipulator_x_moveit)
[21.110s] Level 1:colcon.colcon_core.environment:checking '/home/ale/Proyecto_CPR/rosbot_ws/install/open_manipulator_x_moveit' for CMake module files
[21.110s] Level 1:colcon.colcon_core.environment:checking '/home/ale/Proyecto_CPR/rosbot_ws/install/open_manipulator_x_moveit' for CMake config files
[21.111s] Level 1:colcon.colcon_core.shell:create_environment_hook('open_manipulator_x_moveit', 'cmake_prefix_path')
[21.111s] INFO:colcon.colcon_core.shell:Creating environment hook '/home/ale/Proyecto_CPR/rosbot_ws/install/open_manipulator_x_moveit/share/open_manipulator_x_moveit/hook/cmake_prefix_path.ps1'
[21.111s] INFO:colcon.colcon_core.shell:Creating environment descriptor '/home/ale/Proyecto_CPR/rosbot_ws/install/open_manipulator_x_moveit/share/open_manipulator_x_moveit/hook/cmake_prefix_path.dsv'
[21.111s] INFO:colcon.colcon_core.shell:Creating environment hook '/home/ale/Proyecto_CPR/rosbot_ws/install/open_manipulator_x_moveit/share/open_manipulator_x_moveit/hook/cmake_prefix_path.sh'
[21.111s] Level 1:colcon.colcon_core.environment:checking '/home/ale/Proyecto_CPR/rosbot_ws/install/open_manipulator_x_moveit/lib'
[21.111s] Level 1:colcon.colcon_core.environment:checking '/home/ale/Proyecto_CPR/rosbot_ws/install/open_manipulator_x_moveit/bin'
[21.111s] Level 1:colcon.colcon_core.environment:checking '/home/ale/Proyecto_CPR/rosbot_ws/install/open_manipulator_x_moveit/lib/pkgconfig/open_manipulator_x_moveit.pc'
[21.111s] Level 1:colcon.colcon_core.environment:checking '/home/ale/Proyecto_CPR/rosbot_ws/install/open_manipulator_x_moveit/lib/python3.10/site-packages'
[21.112s] Level 1:colcon.colcon_core.environment:checking '/home/ale/Proyecto_CPR/rosbot_ws/install/open_manipulator_x_moveit/bin'
[21.112s] INFO:colcon.colcon_core.shell:Creating package script '/home/ale/Proyecto_CPR/rosbot_ws/install/open_manipulator_x_moveit/share/open_manipulator_x_moveit/package.ps1'
[21.112s] INFO:colcon.colcon_core.shell:Creating package descriptor '/home/ale/Proyecto_CPR/rosbot_ws/install/open_manipulator_x_moveit/share/open_manipulator_x_moveit/package.dsv'
[21.112s] INFO:colcon.colcon_core.shell:Creating package script '/home/ale/Proyecto_CPR/rosbot_ws/install/open_manipulator_x_moveit/share/open_manipulator_x_moveit/package.sh'
[21.113s] INFO:colcon.colcon_core.shell:Creating package script '/home/ale/Proyecto_CPR/rosbot_ws/install/open_manipulator_x_moveit/share/open_manipulator_x_moveit/package.bash'
[21.113s] INFO:colcon.colcon_core.shell:Creating package script '/home/ale/Proyecto_CPR/rosbot_ws/install/open_manipulator_x_moveit/share/open_manipulator_x_moveit/package.zsh'
[21.113s] Level 1:colcon.colcon_core.environment:create_file_with_runtime_dependencies(/home/ale/Proyecto_CPR/rosbot_ws/install/open_manipulator_x_moveit/share/colcon-core/packages/open_manipulator_x_moveit)
[21.113s] INFO:colcon.colcon_ros.task.ament_python.build:Building ROS package in '/home/ale/Proyecto_CPR/rosbot_ws/src/rosbot_ros/rosbot_controller' with build type 'ament_python'
[21.113s] Level 1:colcon.colcon_core.shell:create_environment_hook('rosbot_controller', 'ament_prefix_path')
[21.113s] INFO:colcon.colcon_core.shell:Creating environment hook '/home/ale/Proyecto_CPR/rosbot_ws/install/rosbot_controller/share/rosbot_controller/hook/ament_prefix_path.ps1'
[21.114s] INFO:colcon.colcon_core.shell:Creating environment descriptor '/home/ale/Proyecto_CPR/rosbot_ws/install/rosbot_controller/share/rosbot_controller/hook/ament_prefix_path.dsv'
[21.114s] INFO:colcon.colcon_core.shell:Creating environment hook '/home/ale/Proyecto_CPR/rosbot_ws/install/rosbot_controller/share/rosbot_controller/hook/ament_prefix_path.sh'
[21.114s] INFO:colcon.colcon_core.shell:Skip shell extension 'powershell' for command environment: Not usable outside of PowerShell
[21.114s] DEBUG:colcon.colcon_core.shell:Skip shell extension 'dsv' for command environment
[21.301s] INFO:colcon.colcon_core.task.python.build:Building Python package in '/home/ale/Proyecto_CPR/rosbot_ws/src/rosbot_ros/rosbot_controller'
[21.301s] INFO:colcon.colcon_core.shell:Skip shell extension 'powershell' for command environment: Not usable outside of PowerShell
[21.301s] DEBUG:colcon.colcon_core.shell:Skip shell extension 'dsv' for command environment
[21.550s] DEBUG:colcon.colcon_core.event_handler.log_command:Invoking command in '/home/ale/Proyecto_CPR/rosbot_ws/build/rosbot_controller': AMENT_PREFIX_PATH=/home/ale/Proyecto_CPR/rosbot_ws/install/rosbot_utils:/home/ale/Proyecto_CPR/rosbot_ws/install/rosbot:/home/ale/Proyecto_CPR/rosbot_ws/install/rosbot_localization:/home/ale/Proyecto_CPR/rosbot_ws/install/open_manipulator_x_moveit:/home/ale/Proyecto_CPR/rosbot_ws/install/rosbot_description:/home/ale/Proyecto_CPR/rosbot_ws/install/open_manipulator_x_joy:/home/ale/Proyecto_CPR/rosbot_ws/install/open_manipulator_x_description:/home/ale/Proyecto_CPR/rosbot_ws/install/mecanum_drive_controller:/home/ale/Proyecto_CPR/rosbot_ws/install/husarion_gz_worlds:/home/ale/Proyecto_CPR/rosbot_ws/install/husarion_components_description:/home/ale/Proyecto_CPR/rosbot_ws/install/dynamixel_hardware_interface:/home/ale/Proyecto_CPR/rosbot_ws/install/rosbot_gazebo:/home/ale/Proyecto_CPR/rosbot_ws/install/rosbot_controller:/home/ale/Proyecto_CPR/rosbot_ws/install/controldesc_pkg:/opt/ros/humble CMAKE_PREFIX_PATH=/home/ale/Proyecto_CPR/rosbot_ws/install/open_manipulator_x_moveit:/home/ale/Proyecto_CPR/rosbot_ws/install/rosbot_description:/home/ale/Proyecto_CPR/rosbot_ws/install/open_manipulator_x_description:/home/ale/Proyecto_CPR/rosbot_ws/install/open_manipulator_x_joy:/home/ale/Proyecto_CPR/rosbot_ws/install/mecanum_drive_controller:/home/ale/Proyecto_CPR/rosbot_ws/install/husarion_components_description:/home/ale/Proyecto_CPR/rosbot_ws/install/dynamixel_hardware_interface:/home/ale/Proyecto_CPR/rosbot_ws/install/rosbot_localization:/home/ale/Proyecto_CPR/rosbot_ws/install/rosbot:/home/ale/Proyecto_CPR/rosbot_ws/install/husarion_gz_worlds:/home/ale/Proyecto_CPR/rosbot_ws/install/controldesc_pkg LD_LIBRARY_PATH=/home/ale/Proyecto_CPR/rosbot_ws/install/mecanum_drive_controller/lib:/home/ale/Proyecto_CPR/rosbot_ws/install/dynamixel_hardware_interface/lib:/usr/lib/x86_64-linux-gnu/gazebo-11/plugins:/opt/ros/humble/opt/rviz_ogre_vendor/lib:/opt/ros/humble/lib/x86_64-linux-gnu:/opt/ros/humble/opt/libphidget22/lib:/opt/ros/humble/lib:/usr/lib/x86_64-linux-gnu/gazebo-11/plugins PYTHONPATH=/home/ale/Proyecto_CPR/rosbot_ws/build/rosbot_controller/prefix_override:/usr/lib/python3/dist-packages/colcon_core/task/python/colcon_distutils_commands:/home/ale/Proyecto_CPR/rosbot_ws/install/rosbot_controller/lib/python3.10/site-packages:/home/ale/Proyecto_CPR/rosbot_ws/build/rosbot_utils:/home/ale/Proyecto_CPR/rosbot_ws/install/rosbot_utils/lib/python3.10/site-packages:/home/ale/Proyecto_CPR/rosbot_ws/build/rosbot_gazebo:/home/ale/Proyecto_CPR/rosbot_ws/build/rosbot_controller:/home/ana/rosbot_ws/build/rosbot_gazebo:/home/ale/Proyecto_CPR/rosbot_ws/install/rosbot_gazebo/lib/python3.10/site-packages:/home/ana/rosbot_ws/build/rosbot_controller:/home/ale/Proyecto_CPR/rosbot_ws/install/rosbot_controller/lib/python3.10/site-packages:/home/ana/rosbot_ws/build/rosbot_utils:/opt/ros/humble/lib/python3.10/site-packages:/opt/ros/humble/local/lib/python3.10/dist-packages /usr/bin/python3 -W ignore:setup.py install is deprecated -W ignore:easy_install command is deprecated setup.py develop --editable --build-directory /home/ale/Proyecto_CPR/rosbot_ws/build/rosbot_controller/build --no-deps symlink_data
[21.884s] Level 1:colcon.colcon_core.shell:create_environment_hook('rosbot_controller', 'pythonpath_develop')
[21.884s] INFO:colcon.colcon_core.shell:Creating environment hook '/home/ale/Proyecto_CPR/rosbot_ws/build/rosbot_controller/share/rosbot_controller/hook/pythonpath_develop.ps1'
[21.885s] DEBUG:colcon.colcon_core.event_handler.log_command:Invoked command in '/home/ale/Proyecto_CPR/rosbot_ws/build/rosbot_controller' returned '0': AMENT_PREFIX_PATH=/home/ale/Proyecto_CPR/rosbot_ws/install/rosbot_utils:/home/ale/Proyecto_CPR/rosbot_ws/install/rosbot:/home/ale/Proyecto_CPR/rosbot_ws/install/rosbot_localization:/home/ale/Proyecto_CPR/rosbot_ws/install/open_manipulator_x_moveit:/home/ale/Proyecto_CPR/rosbot_ws/install/rosbot_description:/home/ale/Proyecto_CPR/rosbot_ws/install/open_manipulator_x_joy:/home/ale/Proyecto_CPR/rosbot_ws/install/open_manipulator_x_description:/home/ale/Proyecto_CPR/rosbot_ws/install/mecanum_drive_controller:/home/ale/Proyecto_CPR/rosbot_ws/install/husarion_gz_worlds:/home/ale/Proyecto_CPR/rosbot_ws/install/husarion_components_description:/home/ale/Proyecto_CPR/rosbot_ws/install/dynamixel_hardware_interface:/home/ale/Proyecto_CPR/rosbot_ws/install/rosbot_gazebo:/home/ale/Proyecto_CPR/rosbot_ws/install/rosbot_controller:/home/ale/Proyecto_CPR/rosbot_ws/install/controldesc_pkg:/opt/ros/humble CMAKE_PREFIX_PATH=/home/ale/Proyecto_CPR/rosbot_ws/install/open_manipulator_x_moveit:/home/ale/Proyecto_CPR/rosbot_ws/install/rosbot_description:/home/ale/Proyecto_CPR/rosbot_ws/install/open_manipulator_x_description:/home/ale/Proyecto_CPR/rosbot_ws/install/open_manipulator_x_joy:/home/ale/Proyecto_CPR/rosbot_ws/install/mecanum_drive_controller:/home/ale/Proyecto_CPR/rosbot_ws/install/husarion_components_description:/home/ale/Proyecto_CPR/rosbot_ws/install/dynamixel_hardware_interface:/home/ale/Proyecto_CPR/rosbot_ws/install/rosbot_localization:/home/ale/Proyecto_CPR/rosbot_ws/install/rosbot:/home/ale/Proyecto_CPR/rosbot_ws/install/husarion_gz_worlds:/home/ale/Proyecto_CPR/rosbot_ws/install/controldesc_pkg LD_LIBRARY_PATH=/home/ale/Proyecto_CPR/rosbot_ws/install/mecanum_drive_controller/lib:/home/ale/Proyecto_CPR/rosbot_ws/install/dynamixel_hardware_interface/lib:/usr/lib/x86_64-linux-gnu/gazebo-11/plugins:/opt/ros/humble/opt/rviz_ogre_vendor/lib:/opt/ros/humble/lib/x86_64-linux-gnu:/opt/ros/humble/opt/libphidget22/lib:/opt/ros/humble/lib:/usr/lib/x86_64-linux-gnu/gazebo-11/plugins PYTHONPATH=/home/ale/Proyecto_CPR/rosbot_ws/build/rosbot_controller/prefix_override:/usr/lib/python3/dist-packages/colcon_core/task/python/colcon_distutils_commands:/home/ale/Proyecto_CPR/rosbot_ws/install/rosbot_controller/lib/python3.10/site-packages:/home/ale/Proyecto_CPR/rosbot_ws/build/rosbot_utils:/home/ale/Proyecto_CPR/rosbot_ws/install/rosbot_utils/lib/python3.10/site-packages:/home/ale/Proyecto_CPR/rosbot_ws/build/rosbot_gazebo:/home/ale/Proyecto_CPR/rosbot_ws/build/rosbot_controller:/home/ana/rosbot_ws/build/rosbot_gazebo:/home/ale/Proyecto_CPR/rosbot_ws/install/rosbot_gazebo/lib/python3.10/site-packages:/home/ana/rosbot_ws/build/rosbot_controller:/home/ale/Proyecto_CPR/rosbot_ws/install/rosbot_controller/lib/python3.10/site-packages:/home/ana/rosbot_ws/build/rosbot_utils:/opt/ros/humble/lib/python3.10/site-packages:/opt/ros/humble/local/lib/python3.10/dist-packages /usr/bin/python3 -W ignore:setup.py install is deprecated -W ignore:easy_install command is deprecated setup.py develop --editable --build-directory /home/ale/Proyecto_CPR/rosbot_ws/build/rosbot_controller/build --no-deps symlink_data
[21.885s] INFO:colcon.colcon_core.shell:Creating environment descriptor '/home/ale/Proyecto_CPR/rosbot_ws/build/rosbot_controller/share/rosbot_controller/hook/pythonpath_develop.dsv'
[21.886s] INFO:colcon.colcon_core.shell:Creating environment hook '/home/ale/Proyecto_CPR/rosbot_ws/build/rosbot_controller/share/rosbot_controller/hook/pythonpath_develop.sh'
[21.886s] Level 1:colcon.colcon_core.environment:checking '/home/ale/Proyecto_CPR/rosbot_ws/install/rosbot_controller' for CMake module files
[21.886s] Level 1:colcon.colcon_core.environment:checking '/home/ale/Proyecto_CPR/rosbot_ws/install/rosbot_controller' for CMake config files
[21.887s] Level 1:colcon.colcon_core.environment:checking '/home/ale/Proyecto_CPR/rosbot_ws/install/rosbot_controller/lib'
[21.887s] Level 1:colcon.colcon_core.environment:checking '/home/ale/Proyecto_CPR/rosbot_ws/install/rosbot_controller/bin'
[21.887s] Level 1:colcon.colcon_core.environment:checking '/home/ale/Proyecto_CPR/rosbot_ws/install/rosbot_controller/lib/pkgconfig/rosbot_controller.pc'
[21.887s] Level 1:colcon.colcon_core.environment:checking '/home/ale/Proyecto_CPR/rosbot_ws/install/rosbot_controller/lib/python3.10/site-packages'
[21.887s] Level 1:colcon.colcon_core.shell:create_environment_hook('rosbot_controller', 'pythonpath')
[21.888s] INFO:colcon.colcon_core.shell:Creating environment hook '/home/ale/Proyecto_CPR/rosbot_ws/install/rosbot_controller/share/rosbot_controller/hook/pythonpath.ps1'
[21.888s] INFO:colcon.colcon_core.shell:Creating environment descriptor '/home/ale/Proyecto_CPR/rosbot_ws/install/rosbot_controller/share/rosbot_controller/hook/pythonpath.dsv'
[21.888s] INFO:colcon.colcon_core.shell:Creating environment hook '/home/ale/Proyecto_CPR/rosbot_ws/install/rosbot_controller/share/rosbot_controller/hook/pythonpath.sh'
[21.889s] Level 1:colcon.colcon_core.environment:checking '/home/ale/Proyecto_CPR/rosbot_ws/install/rosbot_controller/bin'
[21.889s] Level 1:colcon.colcon_core.environment:create_environment_scripts_only(rosbot_controller)
[21.889s] INFO:colcon.colcon_core.shell:Creating package script '/home/ale/Proyecto_CPR/rosbot_ws/install/rosbot_controller/share/rosbot_controller/package.ps1'
[21.890s] INFO:colcon.colcon_core.shell:Creating package descriptor '/home/ale/Proyecto_CPR/rosbot_ws/install/rosbot_controller/share/rosbot_controller/package.dsv'
[21.890s] INFO:colcon.colcon_core.shell:Creating package script '/home/ale/Proyecto_CPR/rosbot_ws/install/rosbot_controller/share/rosbot_controller/package.sh'
[21.890s] INFO:colcon.colcon_core.shell:Creating package script '/home/ale/Proyecto_CPR/rosbot_ws/install/rosbot_controller/share/rosbot_controller/package.bash'
[21.891s] INFO:colcon.colcon_core.shell:Creating package script '/home/ale/Proyecto_CPR/rosbot_ws/install/rosbot_controller/share/rosbot_controller/package.zsh'
[21.891s] Level 1:colcon.colcon_core.environment:create_file_with_runtime_dependencies(/home/ale/Proyecto_CPR/rosbot_ws/install/rosbot_controller/share/colcon-core/packages/rosbot_controller)
[21.891s] INFO:colcon.colcon_ros.task.ament_python.build:Building ROS package in '/home/ale/Proyecto_CPR/rosbot_ws/src/rosbot_ros/rosbot_gazebo' with build type 'ament_python'
[21.891s] Level 1:colcon.colcon_core.shell:create_environment_hook('rosbot_gazebo', 'ament_prefix_path')
[21.892s] INFO:colcon.colcon_core.shell:Creating environment hook '/home/ale/Proyecto_CPR/rosbot_ws/install/rosbot_gazebo/share/rosbot_gazebo/hook/ament_prefix_path.ps1'
[21.892s] INFO:colcon.colcon_core.shell:Creating environment descriptor '/home/ale/Proyecto_CPR/rosbot_ws/install/rosbot_gazebo/share/rosbot_gazebo/hook/ament_prefix_path.dsv'
[21.892s] INFO:colcon.colcon_core.shell:Creating environment hook '/home/ale/Proyecto_CPR/rosbot_ws/install/rosbot_gazebo/share/rosbot_gazebo/hook/ament_prefix_path.sh'
[21.893s] INFO:colcon.colcon_core.shell:Skip shell extension 'powershell' for command environment: Not usable outside of PowerShell
[21.893s] DEBUG:colcon.colcon_core.shell:Skip shell extension 'dsv' for command environment
[22.082s] INFO:colcon.colcon_core.task.python.build:Building Python package in '/home/ale/Proyecto_CPR/rosbot_ws/src/rosbot_ros/rosbot_gazebo'
[22.082s] INFO:colcon.colcon_core.shell:Skip shell extension 'powershell' for command environment: Not usable outside of PowerShell
[22.082s] DEBUG:colcon.colcon_core.shell:Skip shell extension 'dsv' for command environment
[22.331s] DEBUG:colcon.colcon_core.event_handler.log_command:Invoking command in '/home/ale/Proyecto_CPR/rosbot_ws/build/rosbot_gazebo': AMENT_PREFIX_PATH=/home/ale/Proyecto_CPR/rosbot_ws/install/rosbot_controller:/home/ale/Proyecto_CPR/rosbot_ws/install/rosbot_utils:/home/ale/Proyecto_CPR/rosbot_ws/install/rosbot:/home/ale/Proyecto_CPR/rosbot_ws/install/rosbot_localization:/home/ale/Proyecto_CPR/rosbot_ws/install/open_manipulator_x_moveit:/home/ale/Proyecto_CPR/rosbot_ws/install/rosbot_description:/home/ale/Proyecto_CPR/rosbot_ws/install/open_manipulator_x_joy:/home/ale/Proyecto_CPR/rosbot_ws/install/open_manipulator_x_description:/home/ale/Proyecto_CPR/rosbot_ws/install/mecanum_drive_controller:/home/ale/Proyecto_CPR/rosbot_ws/install/husarion_gz_worlds:/home/ale/Proyecto_CPR/rosbot_ws/install/husarion_components_description:/home/ale/Proyecto_CPR/rosbot_ws/install/dynamixel_hardware_interface:/home/ale/Proyecto_CPR/rosbot_ws/install/rosbot_gazebo:/home/ale/Proyecto_CPR/rosbot_ws/install/controldesc_pkg:/opt/ros/humble CMAKE_PREFIX_PATH=/home/ale/Proyecto_CPR/rosbot_ws/install/open_manipulator_x_moveit:/home/ale/Proyecto_CPR/rosbot_ws/install/rosbot_description:/home/ale/Proyecto_CPR/rosbot_ws/install/open_manipulator_x_description:/home/ale/Proyecto_CPR/rosbot_ws/install/rosbot_localization:/home/ale/Proyecto_CPR/rosbot_ws/install/open_manipulator_x_joy:/home/ale/Proyecto_CPR/rosbot_ws/install/mecanum_drive_controller:/home/ale/Proyecto_CPR/rosbot_ws/install/husarion_gz_worlds:/home/ale/Proyecto_CPR/rosbot_ws/install/husarion_components_description:/home/ale/Proyecto_CPR/rosbot_ws/install/dynamixel_hardware_interface:/home/ale/Proyecto_CPR/rosbot_ws/install/rosbot:/home/ale/Proyecto_CPR/rosbot_ws/install/controldesc_pkg LD_LIBRARY_PATH=/home/ale/Proyecto_CPR/rosbot_ws/install/mecanum_drive_controller/lib:/home/ale/Proyecto_CPR/rosbot_ws/install/dynamixel_hardware_interface/lib:/usr/lib/x86_64-linux-gnu/gazebo-11/plugins:/opt/ros/humble/opt/rviz_ogre_vendor/lib:/opt/ros/humble/lib/x86_64-linux-gnu:/opt/ros/humble/opt/libphidget22/lib:/opt/ros/humble/lib:/usr/lib/x86_64-linux-gnu/gazebo-11/plugins PYTHONPATH=/home/ale/Proyecto_CPR/rosbot_ws/build/rosbot_gazebo/prefix_override:/usr/lib/python3/dist-packages/colcon_core/task/python/colcon_distutils_commands:/home/ale/Proyecto_CPR/rosbot_ws/install/rosbot_gazebo/lib/python3.10/site-packages:/home/ale/Proyecto_CPR/rosbot_ws/build/rosbot_controller:/home/ale/Proyecto_CPR/rosbot_ws/install/rosbot_controller/lib/python3.10/site-packages:/home/ale/Proyecto_CPR/rosbot_ws/build/rosbot_utils:/home/ale/Proyecto_CPR/rosbot_ws/install/rosbot_utils/lib/python3.10/site-packages:/home/ale/Proyecto_CPR/rosbot_ws/build/rosbot_gazebo:/home/ana/rosbot_ws/build/rosbot_gazebo:/home/ale/Proyecto_CPR/rosbot_ws/install/rosbot_gazebo/lib/python3.10/site-packages:/home/ana/rosbot_ws/build/rosbot_controller:/home/ana/rosbot_ws/build/rosbot_utils:/opt/ros/humble/lib/python3.10/site-packages:/opt/ros/humble/local/lib/python3.10/dist-packages /usr/bin/python3 -W ignore:setup.py install is deprecated -W ignore:easy_install command is deprecated setup.py develop --editable --build-directory /home/ale/Proyecto_CPR/rosbot_ws/build/rosbot_gazebo/build --no-deps symlink_data
[22.659s] Level 1:colcon.colcon_core.shell:create_environment_hook('rosbot_gazebo', 'pythonpath_develop')
[22.659s] INFO:colcon.colcon_core.shell:Creating environment hook '/home/ale/Proyecto_CPR/rosbot_ws/build/rosbot_gazebo/share/rosbot_gazebo/hook/pythonpath_develop.ps1'
[22.659s] DEBUG:colcon.colcon_core.event_handler.log_command:Invoked command in '/home/ale/Proyecto_CPR/rosbot_ws/build/rosbot_gazebo' returned '0': AMENT_PREFIX_PATH=/home/ale/Proyecto_CPR/rosbot_ws/install/rosbot_controller:/home/ale/Proyecto_CPR/rosbot_ws/install/rosbot_utils:/home/ale/Proyecto_CPR/rosbot_ws/install/rosbot:/home/ale/Proyecto_CPR/rosbot_ws/install/rosbot_localization:/home/ale/Proyecto_CPR/rosbot_ws/install/open_manipulator_x_moveit:/home/ale/Proyecto_CPR/rosbot_ws/install/rosbot_description:/home/ale/Proyecto_CPR/rosbot_ws/install/open_manipulator_x_joy:/home/ale/Proyecto_CPR/rosbot_ws/install/open_manipulator_x_description:/home/ale/Proyecto_CPR/rosbot_ws/install/mecanum_drive_controller:/home/ale/Proyecto_CPR/rosbot_ws/install/husarion_gz_worlds:/home/ale/Proyecto_CPR/rosbot_ws/install/husarion_components_description:/home/ale/Proyecto_CPR/rosbot_ws/install/dynamixel_hardware_interface:/home/ale/Proyecto_CPR/rosbot_ws/install/rosbot_gazebo:/home/ale/Proyecto_CPR/rosbot_ws/install/controldesc_pkg:/opt/ros/humble CMAKE_PREFIX_PATH=/home/ale/Proyecto_CPR/rosbot_ws/install/open_manipulator_x_moveit:/home/ale/Proyecto_CPR/rosbot_ws/install/rosbot_description:/home/ale/Proyecto_CPR/rosbot_ws/install/open_manipulator_x_description:/home/ale/Proyecto_CPR/rosbot_ws/install/rosbot_localization:/home/ale/Proyecto_CPR/rosbot_ws/install/open_manipulator_x_joy:/home/ale/Proyecto_CPR/rosbot_ws/install/mecanum_drive_controller:/home/ale/Proyecto_CPR/rosbot_ws/install/husarion_gz_worlds:/home/ale/Proyecto_CPR/rosbot_ws/install/husarion_components_description:/home/ale/Proyecto_CPR/rosbot_ws/install/dynamixel_hardware_interface:/home/ale/Proyecto_CPR/rosbot_ws/install/rosbot:/home/ale/Proyecto_CPR/rosbot_ws/install/controldesc_pkg LD_LIBRARY_PATH=/home/ale/Proyecto_CPR/rosbot_ws/install/mecanum_drive_controller/lib:/home/ale/Proyecto_CPR/rosbot_ws/install/dynamixel_hardware_interface/lib:/usr/lib/x86_64-linux-gnu/gazebo-11/plugins:/opt/ros/humble/opt/rviz_ogre_vendor/lib:/opt/ros/humble/lib/x86_64-linux-gnu:/opt/ros/humble/opt/libphidget22/lib:/opt/ros/humble/lib:/usr/lib/x86_64-linux-gnu/gazebo-11/plugins PYTHONPATH=/home/ale/Proyecto_CPR/rosbot_ws/build/rosbot_gazebo/prefix_override:/usr/lib/python3/dist-packages/colcon_core/task/python/colcon_distutils_commands:/home/ale/Proyecto_CPR/rosbot_ws/install/rosbot_gazebo/lib/python3.10/site-packages:/home/ale/Proyecto_CPR/rosbot_ws/build/rosbot_controller:/home/ale/Proyecto_CPR/rosbot_ws/install/rosbot_controller/lib/python3.10/site-packages:/home/ale/Proyecto_CPR/rosbot_ws/build/rosbot_utils:/home/ale/Proyecto_CPR/rosbot_ws/install/rosbot_utils/lib/python3.10/site-packages:/home/ale/Proyecto_CPR/rosbot_ws/build/rosbot_gazebo:/home/ana/rosbot_ws/build/rosbot_gazebo:/home/ale/Proyecto_CPR/rosbot_ws/install/rosbot_gazebo/lib/python3.10/site-packages:/home/ana/rosbot_ws/build/rosbot_controller:/home/ana/rosbot_ws/build/rosbot_utils:/opt/ros/humble/lib/python3.10/site-packages:/opt/ros/humble/local/lib/python3.10/dist-packages /usr/bin/python3 -W ignore:setup.py install is deprecated -W ignore:easy_install command is deprecated setup.py develop --editable --build-directory /home/ale/Proyecto_CPR/rosbot_ws/build/rosbot_gazebo/build --no-deps symlink_data
[22.659s] INFO:colcon.colcon_core.shell:Creating environment descriptor '/home/ale/Proyecto_CPR/rosbot_ws/build/rosbot_gazebo/share/rosbot_gazebo/hook/pythonpath_develop.dsv'
[22.660s] INFO:colcon.colcon_core.shell:Creating environment hook '/home/ale/Proyecto_CPR/rosbot_ws/build/rosbot_gazebo/share/rosbot_gazebo/hook/pythonpath_develop.sh'
[22.660s] Level 1:colcon.colcon_core.environment:checking '/home/ale/Proyecto_CPR/rosbot_ws/install/rosbot_gazebo' for CMake module files
[22.660s] Level 1:colcon.colcon_core.environment:checking '/home/ale/Proyecto_CPR/rosbot_ws/install/rosbot_gazebo' for CMake config files
[22.661s] Level 1:colcon.colcon_core.environment:checking '/home/ale/Proyecto_CPR/rosbot_ws/install/rosbot_gazebo/lib'
[22.661s] Level 1:colcon.colcon_core.environment:checking '/home/ale/Proyecto_CPR/rosbot_ws/install/rosbot_gazebo/bin'
[22.661s] Level 1:colcon.colcon_core.environment:checking '/home/ale/Proyecto_CPR/rosbot_ws/install/rosbot_gazebo/lib/pkgconfig/rosbot_gazebo.pc'
[22.661s] Level 1:colcon.colcon_core.environment:checking '/home/ale/Proyecto_CPR/rosbot_ws/install/rosbot_gazebo/lib/python3.10/site-packages'
[22.661s] Level 1:colcon.colcon_core.shell:create_environment_hook('rosbot_gazebo', 'pythonpath')
[22.661s] INFO:colcon.colcon_core.shell:Creating environment hook '/home/ale/Proyecto_CPR/rosbot_ws/install/rosbot_gazebo/share/rosbot_gazebo/hook/pythonpath.ps1'
[22.661s] INFO:colcon.colcon_core.shell:Creating environment descriptor '/home/ale/Proyecto_CPR/rosbot_ws/install/rosbot_gazebo/share/rosbot_gazebo/hook/pythonpath.dsv'
[22.661s] INFO:colcon.colcon_core.shell:Creating environment hook '/home/ale/Proyecto_CPR/rosbot_ws/install/rosbot_gazebo/share/rosbot_gazebo/hook/pythonpath.sh'
[22.662s] Level 1:colcon.colcon_core.environment:checking '/home/ale/Proyecto_CPR/rosbot_ws/install/rosbot_gazebo/bin'
[22.662s] Level 1:colcon.colcon_core.environment:create_environment_scripts_only(rosbot_gazebo)
[22.662s] INFO:colcon.colcon_core.shell:Creating package script '/home/ale/Proyecto_CPR/rosbot_ws/install/rosbot_gazebo/share/rosbot_gazebo/package.ps1'
[22.662s] INFO:colcon.colcon_core.shell:Creating package descriptor '/home/ale/Proyecto_CPR/rosbot_ws/install/rosbot_gazebo/share/rosbot_gazebo/package.dsv'
[22.662s] INFO:colcon.colcon_core.shell:Creating package script '/home/ale/Proyecto_CPR/rosbot_ws/install/rosbot_gazebo/share/rosbot_gazebo/package.sh'
[22.662s] INFO:colcon.colcon_core.shell:Creating package script '/home/ale/Proyecto_CPR/rosbot_ws/install/rosbot_gazebo/share/rosbot_gazebo/package.bash'
[22.663s] INFO:colcon.colcon_core.shell:Creating package script '/home/ale/Proyecto_CPR/rosbot_ws/install/rosbot_gazebo/share/rosbot_gazebo/package.zsh'
[22.663s] Level 1:colcon.colcon_core.environment:create_file_with_runtime_dependencies(/home/ale/Proyecto_CPR/rosbot_ws/install/rosbot_gazebo/share/colcon-core/packages/rosbot_gazebo)
[22.663s] INFO:colcon.colcon_ros.task.ament_cmake.build:Building ROS package in '/home/ale/Proyecto_CPR/rosbot_ws/src/rosbot_ros/rosbot' with build type 'ament_cmake'
[22.663s] INFO:colcon.colcon_cmake.task.cmake.build:Building CMake package in '/home/ale/Proyecto_CPR/rosbot_ws/src/rosbot_ros/rosbot'
[22.663s] INFO:colcon.colcon_core.shell:Skip shell extension 'powershell' for command environment: Not usable outside of PowerShell
[22.663s] DEBUG:colcon.colcon_core.shell:Skip shell extension 'dsv' for command environment
[22.679s] DEBUG:colcon.colcon_core.event_handler.log_command:Invoking command in '/home/ale/Proyecto_CPR/rosbot_ws/build/rosbot': AMENT_PREFIX_PATH=/home/ale/Proyecto_CPR/rosbot_ws/install/rosbot_gazebo:/home/ale/Proyecto_CPR/rosbot_ws/install/rosbot_controller:/home/ale/Proyecto_CPR/rosbot_ws/install/rosbot_utils:/home/ale/Proyecto_CPR/rosbot_ws/install/rosbot:/home/ale/Proyecto_CPR/rosbot_ws/install/rosbot_localization:/home/ale/Proyecto_CPR/rosbot_ws/install/open_manipulator_x_moveit:/home/ale/Proyecto_CPR/rosbot_ws/install/rosbot_description:/home/ale/Proyecto_CPR/rosbot_ws/install/open_manipulator_x_joy:/home/ale/Proyecto_CPR/rosbot_ws/install/open_manipulator_x_description:/home/ale/Proyecto_CPR/rosbot_ws/install/mecanum_drive_controller:/home/ale/Proyecto_CPR/rosbot_ws/install/husarion_gz_worlds:/home/ale/Proyecto_CPR/rosbot_ws/install/husarion_components_description:/home/ale/Proyecto_CPR/rosbot_ws/install/dynamixel_hardware_interface:/home/ale/Proyecto_CPR/rosbot_ws/install/controldesc_pkg:/opt/ros/humble CMAKE_PREFIX_PATH=/home/ale/Proyecto_CPR/rosbot_ws/install/open_manipulator_x_moveit:/home/ale/Proyecto_CPR/rosbot_ws/install/rosbot_description:/home/ale/Proyecto_CPR/rosbot_ws/install/open_manipulator_x_description:/home/ale/Proyecto_CPR/rosbot_ws/install/rosbot_localization:/home/ale/Proyecto_CPR/rosbot_ws/install/open_manipulator_x_joy:/home/ale/Proyecto_CPR/rosbot_ws/install/mecanum_drive_controller:/home/ale/Proyecto_CPR/rosbot_ws/install/husarion_gz_worlds:/home/ale/Proyecto_CPR/rosbot_ws/install/husarion_components_description:/home/ale/Proyecto_CPR/rosbot_ws/install/dynamixel_hardware_interface:/home/ale/Proyecto_CPR/rosbot_ws/install/rosbot:/home/ale/Proyecto_CPR/rosbot_ws/install/controldesc_pkg:/home/ale/Proyecto_CPR/rosbot_ws/install/rosbot_gazebo:/home/ale/Proyecto_CPR/rosbot_ws/install/rosbot_controller:/home/ale/Proyecto_CPR/rosbot_ws/install/rosbot_utils:/opt/ros/humble LD_LIBRARY_PATH=/home/ale/Proyecto_CPR/rosbot_ws/install/mecanum_drive_controller/lib:/home/ale/Proyecto_CPR/rosbot_ws/install/dynamixel_hardware_interface/lib:/usr/lib/x86_64-linux-gnu/gazebo-11/plugins:/opt/ros/humble/opt/rviz_ogre_vendor/lib:/opt/ros/humble/lib/x86_64-linux-gnu:/opt/ros/humble/opt/libphidget22/lib:/opt/ros/humble/lib:/usr/lib/x86_64-linux-gnu/gazebo-11/plugins PYTHONPATH=/home/ale/Proyecto_CPR/rosbot_ws/build/rosbot_gazebo:/home/ale/Proyecto_CPR/rosbot_ws/install/rosbot_gazebo/lib/python3.10/site-packages:/home/ale/Proyecto_CPR/rosbot_ws/build/rosbot_controller:/home/ale/Proyecto_CPR/rosbot_ws/install/rosbot_controller/lib/python3.10/site-packages:/home/ale/Proyecto_CPR/rosbot_ws/build/rosbot_utils:/home/ale/Proyecto_CPR/rosbot_ws/install/rosbot_utils/lib/python3.10/site-packages:/home/ana/rosbot_ws/build/rosbot_gazebo:/home/ana/rosbot_ws/build/rosbot_controller:/home/ana/rosbot_ws/build/rosbot_utils:/opt/ros/humble/lib/python3.10/site-packages:/opt/ros/humble/local/lib/python3.10/dist-packages /usr/bin/cmake /home/ale/Proyecto_CPR/rosbot_ws/src/rosbot_ros/rosbot -DCMAKE_BUILD_TYPE=Release -DAMENT_CMAKE_SYMLINK_INSTALL=1 -DCMAKE_INSTALL_PREFIX=/home/ale/Proyecto_CPR/rosbot_ws/install/rosbot
[23.114s] DEBUG:colcon.colcon_core.event_handler.log_command:Invoked command in '/home/ale/Proyecto_CPR/rosbot_ws/build/rosbot' returned '0': AMENT_PREFIX_PATH=/home/ale/Proyecto_CPR/rosbot_ws/install/rosbot_gazebo:/home/ale/Proyecto_CPR/rosbot_ws/install/rosbot_controller:/home/ale/Proyecto_CPR/rosbot_ws/install/rosbot_utils:/home/ale/Proyecto_CPR/rosbot_ws/install/rosbot:/home/ale/Proyecto_CPR/rosbot_ws/install/rosbot_localization:/home/ale/Proyecto_CPR/rosbot_ws/install/open_manipulator_x_moveit:/home/ale/Proyecto_CPR/rosbot_ws/install/rosbot_description:/home/ale/Proyecto_CPR/rosbot_ws/install/open_manipulator_x_joy:/home/ale/Proyecto_CPR/rosbot_ws/install/open_manipulator_x_description:/home/ale/Proyecto_CPR/rosbot_ws/install/mecanum_drive_controller:/home/ale/Proyecto_CPR/rosbot_ws/install/husarion_gz_worlds:/home/ale/Proyecto_CPR/rosbot_ws/install/husarion_components_description:/home/ale/Proyecto_CPR/rosbot_ws/install/dynamixel_hardware_interface:/home/ale/Proyecto_CPR/rosbot_ws/install/controldesc_pkg:/opt/ros/humble CMAKE_PREFIX_PATH=/home/ale/Proyecto_CPR/rosbot_ws/install/open_manipulator_x_moveit:/home/ale/Proyecto_CPR/rosbot_ws/install/rosbot_description:/home/ale/Proyecto_CPR/rosbot_ws/install/open_manipulator_x_description:/home/ale/Proyecto_CPR/rosbot_ws/install/rosbot_localization:/home/ale/Proyecto_CPR/rosbot_ws/install/open_manipulator_x_joy:/home/ale/Proyecto_CPR/rosbot_ws/install/mecanum_drive_controller:/home/ale/Proyecto_CPR/rosbot_ws/install/husarion_gz_worlds:/home/ale/Proyecto_CPR/rosbot_ws/install/husarion_components_description:/home/ale/Proyecto_CPR/rosbot_ws/install/dynamixel_hardware_interface:/home/ale/Proyecto_CPR/rosbot_ws/install/rosbot:/home/ale/Proyecto_CPR/rosbot_ws/install/controldesc_pkg:/home/ale/Proyecto_CPR/rosbot_ws/install/rosbot_gazebo:/home/ale/Proyecto_CPR/rosbot_ws/install/rosbot_controller:/home/ale/Proyecto_CPR/rosbot_ws/install/rosbot_utils:/opt/ros/humble LD_LIBRARY_PATH=/home/ale/Proyecto_CPR/rosbot_ws/install/mecanum_drive_controller/lib:/home/ale/Proyecto_CPR/rosbot_ws/install/dynamixel_hardware_interface/lib:/usr/lib/x86_64-linux-gnu/gazebo-11/plugins:/opt/ros/humble/opt/rviz_ogre_vendor/lib:/opt/ros/humble/lib/x86_64-linux-gnu:/opt/ros/humble/opt/libphidget22/lib:/opt/ros/humble/lib:/usr/lib/x86_64-linux-gnu/gazebo-11/plugins PYTHONPATH=/home/ale/Proyecto_CPR/rosbot_ws/build/rosbot_gazebo:/home/ale/Proyecto_CPR/rosbot_ws/install/rosbot_gazebo/lib/python3.10/site-packages:/home/ale/Proyecto_CPR/rosbot_ws/build/rosbot_controller:/home/ale/Proyecto_CPR/rosbot_ws/install/rosbot_controller/lib/python3.10/site-packages:/home/ale/Proyecto_CPR/rosbot_ws/build/rosbot_utils:/home/ale/Proyecto_CPR/rosbot_ws/install/rosbot_utils/lib/python3.10/site-packages:/home/ana/rosbot_ws/build/rosbot_gazebo:/home/ana/rosbot_ws/build/rosbot_controller:/home/ana/rosbot_ws/build/rosbot_utils:/opt/ros/humble/lib/python3.10/site-packages:/opt/ros/humble/local/lib/python3.10/dist-packages /usr/bin/cmake /home/ale/Proyecto_CPR/rosbot_ws/src/rosbot_ros/rosbot -DCMAKE_BUILD_TYPE=Release -DAMENT_CMAKE_SYMLINK_INSTALL=1 -DCMAKE_INSTALL_PREFIX=/home/ale/Proyecto_CPR/rosbot_ws/install/rosbot
[23.115s] DEBUG:colcon.colcon_core.event_handler.log_command:Invoking command in '/home/ale/Proyecto_CPR/rosbot_ws/build/rosbot': AMENT_PREFIX_PATH=/home/ale/Proyecto_CPR/rosbot_ws/install/rosbot_gazebo:/home/ale/Proyecto_CPR/rosbot_ws/install/rosbot_controller:/home/ale/Proyecto_CPR/rosbot_ws/install/rosbot_utils:/home/ale/Proyecto_CPR/rosbot_ws/install/rosbot:/home/ale/Proyecto_CPR/rosbot_ws/install/rosbot_localization:/home/ale/Proyecto_CPR/rosbot_ws/install/open_manipulator_x_moveit:/home/ale/Proyecto_CPR/rosbot_ws/install/rosbot_description:/home/ale/Proyecto_CPR/rosbot_ws/install/open_manipulator_x_joy:/home/ale/Proyecto_CPR/rosbot_ws/install/open_manipulator_x_description:/home/ale/Proyecto_CPR/rosbot_ws/install/mecanum_drive_controller:/home/ale/Proyecto_CPR/rosbot_ws/install/husarion_gz_worlds:/home/ale/Proyecto_CPR/rosbot_ws/install/husarion_components_description:/home/ale/Proyecto_CPR/rosbot_ws/install/dynamixel_hardware_interface:/home/ale/Proyecto_CPR/rosbot_ws/install/controldesc_pkg:/opt/ros/humble CMAKE_PREFIX_PATH=/home/ale/Proyecto_CPR/rosbot_ws/install/open_manipulator_x_moveit:/home/ale/Proyecto_CPR/rosbot_ws/install/rosbot_description:/home/ale/Proyecto_CPR/rosbot_ws/install/open_manipulator_x_description:/home/ale/Proyecto_CPR/rosbot_ws/install/rosbot_localization:/home/ale/Proyecto_CPR/rosbot_ws/install/open_manipulator_x_joy:/home/ale/Proyecto_CPR/rosbot_ws/install/mecanum_drive_controller:/home/ale/Proyecto_CPR/rosbot_ws/install/husarion_gz_worlds:/home/ale/Proyecto_CPR/rosbot_ws/install/husarion_components_description:/home/ale/Proyecto_CPR/rosbot_ws/install/dynamixel_hardware_interface:/home/ale/Proyecto_CPR/rosbot_ws/install/rosbot:/home/ale/Proyecto_CPR/rosbot_ws/install/controldesc_pkg:/home/ale/Proyecto_CPR/rosbot_ws/install/rosbot_gazebo:/home/ale/Proyecto_CPR/rosbot_ws/install/rosbot_controller:/home/ale/Proyecto_CPR/rosbot_ws/install/rosbot_utils:/opt/ros/humble LD_LIBRARY_PATH=/home/ale/Proyecto_CPR/rosbot_ws/install/mecanum_drive_controller/lib:/home/ale/Proyecto_CPR/rosbot_ws/install/dynamixel_hardware_interface/lib:/usr/lib/x86_64-linux-gnu/gazebo-11/plugins:/opt/ros/humble/opt/rviz_ogre_vendor/lib:/opt/ros/humble/lib/x86_64-linux-gnu:/opt/ros/humble/opt/libphidget22/lib:/opt/ros/humble/lib:/usr/lib/x86_64-linux-gnu/gazebo-11/plugins PYTHONPATH=/home/ale/Proyecto_CPR/rosbot_ws/build/rosbot_gazebo:/home/ale/Proyecto_CPR/rosbot_ws/install/rosbot_gazebo/lib/python3.10/site-packages:/home/ale/Proyecto_CPR/rosbot_ws/build/rosbot_controller:/home/ale/Proyecto_CPR/rosbot_ws/install/rosbot_controller/lib/python3.10/site-packages:/home/ale/Proyecto_CPR/rosbot_ws/build/rosbot_utils:/home/ale/Proyecto_CPR/rosbot_ws/install/rosbot_utils/lib/python3.10/site-packages:/home/ana/rosbot_ws/build/rosbot_gazebo:/home/ana/rosbot_ws/build/rosbot_controller:/home/ana/rosbot_ws/build/rosbot_utils:/opt/ros/humble/lib/python3.10/site-packages:/opt/ros/humble/local/lib/python3.10/dist-packages /usr/bin/cmake --build /home/ale/Proyecto_CPR/rosbot_ws/build/rosbot -- -j16 -l16
[23.141s] DEBUG:colcon.colcon_core.event_handler.log_command:Invoked command in '/home/ale/Proyecto_CPR/rosbot_ws/build/rosbot' returned '0': AMENT_PREFIX_PATH=/home/ale/Proyecto_CPR/rosbot_ws/install/rosbot_gazebo:/home/ale/Proyecto_CPR/rosbot_ws/install/rosbot_controller:/home/ale/Proyecto_CPR/rosbot_ws/install/rosbot_utils:/home/ale/Proyecto_CPR/rosbot_ws/install/rosbot:/home/ale/Proyecto_CPR/rosbot_ws/install/rosbot_localization:/home/ale/Proyecto_CPR/rosbot_ws/install/open_manipulator_x_moveit:/home/ale/Proyecto_CPR/rosbot_ws/install/rosbot_description:/home/ale/Proyecto_CPR/rosbot_ws/install/open_manipulator_x_joy:/home/ale/Proyecto_CPR/rosbot_ws/install/open_manipulator_x_description:/home/ale/Proyecto_CPR/rosbot_ws/install/mecanum_drive_controller:/home/ale/Proyecto_CPR/rosbot_ws/install/husarion_gz_worlds:/home/ale/Proyecto_CPR/rosbot_ws/install/husarion_components_description:/home/ale/Proyecto_CPR/rosbot_ws/install/dynamixel_hardware_interface:/home/ale/Proyecto_CPR/rosbot_ws/install/controldesc_pkg:/opt/ros/humble CMAKE_PREFIX_PATH=/home/ale/Proyecto_CPR/rosbot_ws/install/open_manipulator_x_moveit:/home/ale/Proyecto_CPR/rosbot_ws/install/rosbot_description:/home/ale/Proyecto_CPR/rosbot_ws/install/open_manipulator_x_description:/home/ale/Proyecto_CPR/rosbot_ws/install/rosbot_localization:/home/ale/Proyecto_CPR/rosbot_ws/install/open_manipulator_x_joy:/home/ale/Proyecto_CPR/rosbot_ws/install/mecanum_drive_controller:/home/ale/Proyecto_CPR/rosbot_ws/install/husarion_gz_worlds:/home/ale/Proyecto_CPR/rosbot_ws/install/husarion_components_description:/home/ale/Proyecto_CPR/rosbot_ws/install/dynamixel_hardware_interface:/home/ale/Proyecto_CPR/rosbot_ws/install/rosbot:/home/ale/Proyecto_CPR/rosbot_ws/install/controldesc_pkg:/home/ale/Proyecto_CPR/rosbot_ws/install/rosbot_gazebo:/home/ale/Proyecto_CPR/rosbot_ws/install/rosbot_controller:/home/ale/Proyecto_CPR/rosbot_ws/install/rosbot_utils:/opt/ros/humble LD_LIBRARY_PATH=/home/ale/Proyecto_CPR/rosbot_ws/install/mecanum_drive_controller/lib:/home/ale/Proyecto_CPR/rosbot_ws/install/dynamixel_hardware_interface/lib:/usr/lib/x86_64-linux-gnu/gazebo-11/plugins:/opt/ros/humble/opt/rviz_ogre_vendor/lib:/opt/ros/humble/lib/x86_64-linux-gnu:/opt/ros/humble/opt/libphidget22/lib:/opt/ros/humble/lib:/usr/lib/x86_64-linux-gnu/gazebo-11/plugins PYTHONPATH=/home/ale/Proyecto_CPR/rosbot_ws/build/rosbot_gazebo:/home/ale/Proyecto_CPR/rosbot_ws/install/rosbot_gazebo/lib/python3.10/site-packages:/home/ale/Proyecto_CPR/rosbot_ws/build/rosbot_controller:/home/ale/Proyecto_CPR/rosbot_ws/install/rosbot_controller/lib/python3.10/site-packages:/home/ale/Proyecto_CPR/rosbot_ws/build/rosbot_utils:/home/ale/Proyecto_CPR/rosbot_ws/install/rosbot_utils/lib/python3.10/site-packages:/home/ana/rosbot_ws/build/rosbot_gazebo:/home/ana/rosbot_ws/build/rosbot_controller:/home/ana/rosbot_ws/build/rosbot_utils:/opt/ros/humble/lib/python3.10/site-packages:/opt/ros/humble/local/lib/python3.10/dist-packages /usr/bin/cmake --build /home/ale/Proyecto_CPR/rosbot_ws/build/rosbot -- -j16 -l16
[23.142s] DEBUG:colcon.colcon_core.event_handler.log_command:Invoking command in '/home/ale/Proyecto_CPR/rosbot_ws/build/rosbot': AMENT_PREFIX_PATH=/home/ale/Proyecto_CPR/rosbot_ws/install/rosbot_gazebo:/home/ale/Proyecto_CPR/rosbot_ws/install/rosbot_controller:/home/ale/Proyecto_CPR/rosbot_ws/install/rosbot_utils:/home/ale/Proyecto_CPR/rosbot_ws/install/rosbot:/home/ale/Proyecto_CPR/rosbot_ws/install/rosbot_localization:/home/ale/Proyecto_CPR/rosbot_ws/install/open_manipulator_x_moveit:/home/ale/Proyecto_CPR/rosbot_ws/install/rosbot_description:/home/ale/Proyecto_CPR/rosbot_ws/install/open_manipulator_x_joy:/home/ale/Proyecto_CPR/rosbot_ws/install/open_manipulator_x_description:/home/ale/Proyecto_CPR/rosbot_ws/install/mecanum_drive_controller:/home/ale/Proyecto_CPR/rosbot_ws/install/husarion_gz_worlds:/home/ale/Proyecto_CPR/rosbot_ws/install/husarion_components_description:/home/ale/Proyecto_CPR/rosbot_ws/install/dynamixel_hardware_interface:/home/ale/Proyecto_CPR/rosbot_ws/install/controldesc_pkg:/opt/ros/humble CMAKE_PREFIX_PATH=/home/ale/Proyecto_CPR/rosbot_ws/install/open_manipulator_x_moveit:/home/ale/Proyecto_CPR/rosbot_ws/install/rosbot_description:/home/ale/Proyecto_CPR/rosbot_ws/install/open_manipulator_x_description:/home/ale/Proyecto_CPR/rosbot_ws/install/rosbot_localization:/home/ale/Proyecto_CPR/rosbot_ws/install/open_manipulator_x_joy:/home/ale/Proyecto_CPR/rosbot_ws/install/mecanum_drive_controller:/home/ale/Proyecto_CPR/rosbot_ws/install/husarion_gz_worlds:/home/ale/Proyecto_CPR/rosbot_ws/install/husarion_components_description:/home/ale/Proyecto_CPR/rosbot_ws/install/dynamixel_hardware_interface:/home/ale/Proyecto_CPR/rosbot_ws/install/rosbot:/home/ale/Proyecto_CPR/rosbot_ws/install/controldesc_pkg:/home/ale/Proyecto_CPR/rosbot_ws/install/rosbot_gazebo:/home/ale/Proyecto_CPR/rosbot_ws/install/rosbot_controller:/home/ale/Proyecto_CPR/rosbot_ws/install/rosbot_utils:/opt/ros/humble LD_LIBRARY_PATH=/home/ale/Proyecto_CPR/rosbot_ws/install/mecanum_drive_controller/lib:/home/ale/Proyecto_CPR/rosbot_ws/install/dynamixel_hardware_interface/lib:/usr/lib/x86_64-linux-gnu/gazebo-11/plugins:/opt/ros/humble/opt/rviz_ogre_vendor/lib:/opt/ros/humble/lib/x86_64-linux-gnu:/opt/ros/humble/opt/libphidget22/lib:/opt/ros/humble/lib:/usr/lib/x86_64-linux-gnu/gazebo-11/plugins PYTHONPATH=/home/ale/Proyecto_CPR/rosbot_ws/build/rosbot_gazebo:/home/ale/Proyecto_CPR/rosbot_ws/install/rosbot_gazebo/lib/python3.10/site-packages:/home/ale/Proyecto_CPR/rosbot_ws/build/rosbot_controller:/home/ale/Proyecto_CPR/rosbot_ws/install/rosbot_controller/lib/python3.10/site-packages:/home/ale/Proyecto_CPR/rosbot_ws/build/rosbot_utils:/home/ale/Proyecto_CPR/rosbot_ws/install/rosbot_utils/lib/python3.10/site-packages:/home/ana/rosbot_ws/build/rosbot_gazebo:/home/ana/rosbot_ws/build/rosbot_controller:/home/ana/rosbot_ws/build/rosbot_utils:/opt/ros/humble/lib/python3.10/site-packages:/opt/ros/humble/local/lib/python3.10/dist-packages /usr/bin/cmake --install /home/ale/Proyecto_CPR/rosbot_ws/build/rosbot
[23.228s] Level 1:colcon.colcon_core.environment:create_environment_scripts_only(rosbot)
[23.229s] Level 1:colcon.colcon_core.environment:checking '/home/ale/Proyecto_CPR/rosbot_ws/install/rosbot' for CMake module files
[23.229s] DEBUG:colcon.colcon_core.event_handler.log_command:Invoked command in '/home/ale/Proyecto_CPR/rosbot_ws/build/rosbot' returned '0': AMENT_PREFIX_PATH=/home/ale/Proyecto_CPR/rosbot_ws/install/rosbot_gazebo:/home/ale/Proyecto_CPR/rosbot_ws/install/rosbot_controller:/home/ale/Proyecto_CPR/rosbot_ws/install/rosbot_utils:/home/ale/Proyecto_CPR/rosbot_ws/install/rosbot:/home/ale/Proyecto_CPR/rosbot_ws/install/rosbot_localization:/home/ale/Proyecto_CPR/rosbot_ws/install/open_manipulator_x_moveit:/home/ale/Proyecto_CPR/rosbot_ws/install/rosbot_description:/home/ale/Proyecto_CPR/rosbot_ws/install/open_manipulator_x_joy:/home/ale/Proyecto_CPR/rosbot_ws/install/open_manipulator_x_description:/home/ale/Proyecto_CPR/rosbot_ws/install/mecanum_drive_controller:/home/ale/Proyecto_CPR/rosbot_ws/install/husarion_gz_worlds:/home/ale/Proyecto_CPR/rosbot_ws/install/husarion_components_description:/home/ale/Proyecto_CPR/rosbot_ws/install/dynamixel_hardware_interface:/home/ale/Proyecto_CPR/rosbot_ws/install/controldesc_pkg:/opt/ros/humble CMAKE_PREFIX_PATH=/home/ale/Proyecto_CPR/rosbot_ws/install/open_manipulator_x_moveit:/home/ale/Proyecto_CPR/rosbot_ws/install/rosbot_description:/home/ale/Proyecto_CPR/rosbot_ws/install/open_manipulator_x_description:/home/ale/Proyecto_CPR/rosbot_ws/install/rosbot_localization:/home/ale/Proyecto_CPR/rosbot_ws/install/open_manipulator_x_joy:/home/ale/Proyecto_CPR/rosbot_ws/install/mecanum_drive_controller:/home/ale/Proyecto_CPR/rosbot_ws/install/husarion_gz_worlds:/home/ale/Proyecto_CPR/rosbot_ws/install/husarion_components_description:/home/ale/Proyecto_CPR/rosbot_ws/install/dynamixel_hardware_interface:/home/ale/Proyecto_CPR/rosbot_ws/install/rosbot:/home/ale/Proyecto_CPR/rosbot_ws/install/controldesc_pkg:/home/ale/Proyecto_CPR/rosbot_ws/install/rosbot_gazebo:/home/ale/Proyecto_CPR/rosbot_ws/install/rosbot_controller:/home/ale/Proyecto_CPR/rosbot_ws/install/rosbot_utils:/opt/ros/humble LD_LIBRARY_PATH=/home/ale/Proyecto_CPR/rosbot_ws/install/mecanum_drive_controller/lib:/home/ale/Proyecto_CPR/rosbot_ws/install/dynamixel_hardware_interface/lib:/usr/lib/x86_64-linux-gnu/gazebo-11/plugins:/opt/ros/humble/opt/rviz_ogre_vendor/lib:/opt/ros/humble/lib/x86_64-linux-gnu:/opt/ros/humble/opt/libphidget22/lib:/opt/ros/humble/lib:/usr/lib/x86_64-linux-gnu/gazebo-11/plugins PYTHONPATH=/home/ale/Proyecto_CPR/rosbot_ws/build/rosbot_gazebo:/home/ale/Proyecto_CPR/rosbot_ws/install/rosbot_gazebo/lib/python3.10/site-packages:/home/ale/Proyecto_CPR/rosbot_ws/build/rosbot_controller:/home/ale/Proyecto_CPR/rosbot_ws/install/rosbot_controller/lib/python3.10/site-packages:/home/ale/Proyecto_CPR/rosbot_ws/build/rosbot_utils:/home/ale/Proyecto_CPR/rosbot_ws/install/rosbot_utils/lib/python3.10/site-packages:/home/ana/rosbot_ws/build/rosbot_gazebo:/home/ana/rosbot_ws/build/rosbot_controller:/home/ana/rosbot_ws/build/rosbot_utils:/opt/ros/humble/lib/python3.10/site-packages:/opt/ros/humble/local/lib/python3.10/dist-packages /usr/bin/cmake --install /home/ale/Proyecto_CPR/rosbot_ws/build/rosbot
[23.229s] Level 1:colcon.colcon_core.environment:checking '/home/ale/Proyecto_CPR/rosbot_ws/install/rosbot' for CMake config files
[23.229s] Level 1:colcon.colcon_core.shell:create_environment_hook('rosbot', 'cmake_prefix_path')
[23.229s] INFO:colcon.colcon_core.shell:Creating environment hook '/home/ale/Proyecto_CPR/rosbot_ws/install/rosbot/share/rosbot/hook/cmake_prefix_path.ps1'
[23.230s] INFO:colcon.colcon_core.shell:Creating environment descriptor '/home/ale/Proyecto_CPR/rosbot_ws/install/rosbot/share/rosbot/hook/cmake_prefix_path.dsv'
[23.230s] INFO:colcon.colcon_core.shell:Creating environment hook '/home/ale/Proyecto_CPR/rosbot_ws/install/rosbot/share/rosbot/hook/cmake_prefix_path.sh'
[23.230s] Level 1:colcon.colcon_core.environment:checking '/home/ale/Proyecto_CPR/rosbot_ws/install/rosbot/bin'
[23.230s] Level 1:colcon.colcon_core.environment:checking '/home/ale/Proyecto_CPR/rosbot_ws/install/rosbot/lib/pkgconfig/rosbot.pc'
[23.230s] Level 1:colcon.colcon_core.environment:checking '/home/ale/Proyecto_CPR/rosbot_ws/install/rosbot/lib/python3.10/site-packages'
[23.230s] Level 1:colcon.colcon_core.environment:checking '/home/ale/Proyecto_CPR/rosbot_ws/install/rosbot/bin'
[23.230s] INFO:colcon.colcon_core.shell:Creating package script '/home/ale/Proyecto_CPR/rosbot_ws/install/rosbot/share/rosbot/package.ps1'
[23.231s] INFO:colcon.colcon_core.shell:Creating package descriptor '/home/ale/Proyecto_CPR/rosbot_ws/install/rosbot/share/rosbot/package.dsv'
[23.231s] INFO:colcon.colcon_core.shell:Creating package script '/home/ale/Proyecto_CPR/rosbot_ws/install/rosbot/share/rosbot/package.sh'
[23.231s] INFO:colcon.colcon_core.shell:Creating package script '/home/ale/Proyecto_CPR/rosbot_ws/install/rosbot/share/rosbot/package.bash'
[23.231s] INFO:colcon.colcon_core.shell:Creating package script '/home/ale/Proyecto_CPR/rosbot_ws/install/rosbot/share/rosbot/package.zsh'
[23.231s] Level 1:colcon.colcon_core.environment:create_file_with_runtime_dependencies(/home/ale/Proyecto_CPR/rosbot_ws/install/rosbot/share/colcon-core/packages/rosbot)
[23.232s] Level 1:colcon.colcon_core.environment:create_environment_scripts_only(rosbot)
[23.232s] Level 1:colcon.colcon_core.environment:checking '/home/ale/Proyecto_CPR/rosbot_ws/install/rosbot' for CMake module files
[23.232s] Level 1:colcon.colcon_core.environment:checking '/home/ale/Proyecto_CPR/rosbot_ws/install/rosbot' for CMake config files
[23.232s] Level 1:colcon.colcon_core.shell:create_environment_hook('rosbot', 'cmake_prefix_path')
[23.232s] INFO:colcon.colcon_core.shell:Creating environment hook '/home/ale/Proyecto_CPR/rosbot_ws/install/rosbot/share/rosbot/hook/cmake_prefix_path.ps1'
[23.232s] INFO:colcon.colcon_core.shell:Creating environment descriptor '/home/ale/Proyecto_CPR/rosbot_ws/install/rosbot/share/rosbot/hook/cmake_prefix_path.dsv'
[23.232s] INFO:colcon.colcon_core.shell:Creating environment hook '/home/ale/Proyecto_CPR/rosbot_ws/install/rosbot/share/rosbot/hook/cmake_prefix_path.sh'
[23.233s] Level 1:colcon.colcon_core.environment:checking '/home/ale/Proyecto_CPR/rosbot_ws/install/rosbot/bin'
[23.233s] Level 1:colcon.colcon_core.environment:checking '/home/ale/Proyecto_CPR/rosbot_ws/install/rosbot/lib/pkgconfig/rosbot.pc'
[23.233s] Level 1:colcon.colcon_core.environment:checking '/home/ale/Proyecto_CPR/rosbot_ws/install/rosbot/lib/python3.10/site-packages'
[23.233s] Level 1:colcon.colcon_core.environment:checking '/home/ale/Proyecto_CPR/rosbot_ws/install/rosbot/bin'
[23.233s] INFO:colcon.colcon_core.shell:Creating package script '/home/ale/Proyecto_CPR/rosbot_ws/install/rosbot/share/rosbot/package.ps1'
[23.233s] INFO:colcon.colcon_core.shell:Creating package descriptor '/home/ale/Proyecto_CPR/rosbot_ws/install/rosbot/share/rosbot/package.dsv'
[23.234s] INFO:colcon.colcon_core.shell:Creating package script '/home/ale/Proyecto_CPR/rosbot_ws/install/rosbot/share/rosbot/package.sh'
[23.234s] INFO:colcon.colcon_core.shell:Creating package script '/home/ale/Proyecto_CPR/rosbot_ws/install/rosbot/share/rosbot/package.bash'
[23.234s] INFO:colcon.colcon_core.shell:Creating package script '/home/ale/Proyecto_CPR/rosbot_ws/install/rosbot/share/rosbot/package.zsh'
[23.234s] Level 1:colcon.colcon_core.environment:create_file_with_runtime_dependencies(/home/ale/Proyecto_CPR/rosbot_ws/install/rosbot/share/colcon-core/packages/rosbot)
[23.234s] DEBUG:colcon.colcon_parallel_executor.executor.parallel:closing loop
[23.234s] DEBUG:colcon.colcon_parallel_executor.executor.parallel:loop closed
[23.234s] DEBUG:colcon.colcon_parallel_executor.executor.parallel:run_until_complete finished with '0'
[23.234s] DEBUG:colcon.colcon_core.event_reactor:joining thread
[23.238s] INFO:colcon.colcon_core.plugin_system:Skipping extension 'colcon_notification.desktop_notification.terminal_notifier': Not used on non-Darwin systems
[23.238s] INFO:colcon.colcon_core.plugin_system:Skipping extension 'colcon_notification.desktop_notification.win32': Not used on non-Windows systems
[23.238s] INFO:colcon.colcon_notification.desktop_notification:Sending desktop notification using 'notify2'
[23.244s] DEBUG:colcon.colcon_core.event_reactor:joined thread
[23.245s] INFO:colcon.colcon_core.shell:Creating prefix script '/home/ale/Proyecto_CPR/rosbot_ws/install/local_setup.ps1'
[23.245s] INFO:colcon.colcon_core.shell:Creating prefix util module '/home/ale/Proyecto_CPR/rosbot_ws/install/_local_setup_util_ps1.py'
[23.246s] INFO:colcon.colcon_core.shell:Creating prefix chain script '/home/ale/Proyecto_CPR/rosbot_ws/install/setup.ps1'
[23.247s] INFO:colcon.colcon_core.shell:Creating prefix script '/home/ale/Proyecto_CPR/rosbot_ws/install/local_setup.sh'
[23.247s] INFO:colcon.colcon_core.shell:Creating prefix util module '/home/ale/Proyecto_CPR/rosbot_ws/install/_local_setup_util_sh.py'
[23.247s] INFO:colcon.colcon_core.shell:Creating prefix chain script '/home/ale/Proyecto_CPR/rosbot_ws/install/setup.sh'
[23.248s] INFO:colcon.colcon_core.shell:Creating prefix script '/home/ale/Proyecto_CPR/rosbot_ws/install/local_setup.bash'
[23.248s] INFO:colcon.colcon_core.shell:Creating prefix chain script '/home/ale/Proyecto_CPR/rosbot_ws/install/setup.bash'
[23.249s] INFO:colcon.colcon_core.shell:Creating prefix script '/home/ale/Proyecto_CPR/rosbot_ws/install/local_setup.zsh'
[23.249s] INFO:colcon.colcon_core.shell:Creating prefix chain script '/home/ale/Proyecto_CPR/rosbot_ws/install/setup.zsh'
