[0.065s] DEBUG:colcon:Command line arguments: ['/usr/bin/colcon', 'build']
[0.065s] DEBUG:colcon:Parsed command line arguments: Namespace(log_base=None, log_level=None, verb_name='build', build_base='build', install_base='install', merge_install=False, symlink_install=False, test_result_base=None, continue_on_error=False, executor='parallel', parallel_workers=16, event_handlers=None, ignore_user_meta=False, metas=['./colcon.meta'], base_paths=['.'], packages_ignore=None, packages_ignore_regex=None, paths=None, packages_up_to=None, packages_up_to_regex=None, packages_above=None, packages_above_and_dependencies=None, packages_above_depth=None, packages_select_by_dep=None, packages_skip_by_dep=None, packages_skip_up_to=None, packages_select_build_failed=False, packages_skip_build_finished=False, packages_select_test_failures=False, packages_skip_test_passed=False, packages_select=None, packages_skip=None, packages_select_regex=None, packages_skip_regex=None, packages_start=None, packages_end=None, allow_overriding=[], cmake_args=None, cmake_target=None, cmake_target_skip_unavailable=False, cmake_clean_cache=False, cmake_clean_first=False, cmake_force_configure=False, ament_cmake_args=None, catkin_cmake_args=None, catkin_skip_building_tests=False, mixin_files=None, mixin=None, verb_parser=<colcon_mixin.mixin.mixin_argument.MixinArgumentDecorator object at 0x779a083849a0>, verb_extension=<colcon_core.verb.build.BuildVerb object at 0x779a08494130>, main=<bound method BuildVerb.main of <colcon_core.verb.build.BuildVerb object at 0x779a08494130>>, mixin_verb=('build',))
[0.176s] Level 1:colcon.colcon_core.package_discovery:discover_packages(colcon_meta) check parameters
[0.176s] Level 1:colcon.colcon_core.package_discovery:discover_packages(recursive) check parameters
[0.176s] Level 1:colcon.colcon_core.package_discovery:discover_packages(ignore) check parameters
[0.177s] Level 1:colcon.colcon_core.package_discovery:discover_packages(path) check parameters
[0.177s] Level 1:colcon.colcon_core.package_discovery:discover_packages(colcon_meta) discover
[0.177s] Level 1:colcon.colcon_core.package_discovery:discover_packages(recursive) discover
[0.177s] INFO:colcon.colcon_core.package_discovery:Crawling recursively for packages in '/home/ale/Proyecto_CPR/rosbot_ws'
[0.177s] Level 1:colcon.colcon_core.package_identification:_identify(.) by extensions ['ignore', 'ignore_ament_install']
[0.177s] Level 1:colcon.colcon_core.package_identification:_identify(.) by extension 'ignore'
[0.177s] Level 1:colcon.colcon_core.package_identification:_identify(.) by extension 'ignore_ament_install'
[0.177s] Level 1:colcon.colcon_core.package_identification:_identify(.) by extensions ['colcon_pkg']
[0.177s] Level 1:colcon.colcon_core.package_identification:_identify(.) by extension 'colcon_pkg'
[0.177s] Level 1:colcon.colcon_core.package_identification:_identify(.) by extensions ['colcon_meta']
[0.177s] Level 1:colcon.colcon_core.package_identification:_identify(.) by extension 'colcon_meta'
[0.177s] Level 1:colcon.colcon_core.package_identification:_identify(.) by extensions ['ros']
[0.177s] Level 1:colcon.colcon_core.package_identification:_identify(.) by extension 'ros'
[0.187s] Level 1:colcon.colcon_core.package_identification:_identify(.) by extensions ['cmake', 'python']
[0.187s] Level 1:colcon.colcon_core.package_identification:_identify(.) by extension 'cmake'
[0.187s] Level 1:colcon.colcon_core.package_identification:_identify(.) by extension 'python'
[0.187s] Level 1:colcon.colcon_core.package_identification:_identify(.) by extensions ['python_setup_py']
[0.188s] Level 1:colcon.colcon_core.package_identification:_identify(.) by extension 'python_setup_py'
[0.188s] Level 1:colcon.colcon_core.package_identification:_identify(build) by extensions ['ignore', 'ignore_ament_install']
[0.188s] Level 1:colcon.colcon_core.package_identification:_identify(build) by extension 'ignore'
[0.188s] Level 1:colcon.colcon_core.package_identification:_identify(build) ignored
[0.188s] Level 1:colcon.colcon_core.package_identification:_identify(install) by extensions ['ignore', 'ignore_ament_install']
[0.188s] Level 1:colcon.colcon_core.package_identification:_identify(install) by extension 'ignore'
[0.188s] Level 1:colcon.colcon_core.package_identification:_identify(install) ignored
[0.188s] Level 1:colcon.colcon_core.package_identification:_identify(log) by extensions ['ignore', 'ignore_ament_install']
[0.188s] Level 1:colcon.colcon_core.package_identification:_identify(log) by extension 'ignore'
[0.188s] Level 1:colcon.colcon_core.package_identification:_identify(log) ignored
[0.188s] Level 1:colcon.colcon_core.package_identification:_identify(src) by extensions ['ignore', 'ignore_ament_install']
[0.188s] Level 1:colcon.colcon_core.package_identification:_identify(src) by extension 'ignore'
[0.188s] Level 1:colcon.colcon_core.package_identification:_identify(src) by extension 'ignore_ament_install'
[0.188s] Level 1:colcon.colcon_core.package_identification:_identify(src) by extensions ['colcon_pkg']
[0.188s] Level 1:colcon.colcon_core.package_identification:_identify(src) by extension 'colcon_pkg'
[0.188s] Level 1:colcon.colcon_core.package_identification:_identify(src) by extensions ['colcon_meta']
[0.188s] Level 1:colcon.colcon_core.package_identification:_identify(src) by extension 'colcon_meta'
[0.188s] Level 1:colcon.colcon_core.package_identification:_identify(src) by extensions ['ros']
[0.188s] Level 1:colcon.colcon_core.package_identification:_identify(src) by extension 'ros'
[0.188s] Level 1:colcon.colcon_core.package_identification:_identify(src) by extensions ['cmake', 'python']
[0.188s] Level 1:colcon.colcon_core.package_identification:_identify(src) by extension 'cmake'
[0.188s] Level 1:colcon.colcon_core.package_identification:_identify(src) by extension 'python'
[0.188s] Level 1:colcon.colcon_core.package_identification:_identify(src) by extensions ['python_setup_py']
[0.188s] Level 1:colcon.colcon_core.package_identification:_identify(src) by extension 'python_setup_py'
[0.188s] Level 1:colcon.colcon_core.package_identification:_identify(src/build) by extensions ['ignore', 'ignore_ament_install']
[0.188s] Level 1:colcon.colcon_core.package_identification:_identify(src/build) by extension 'ignore'
[0.188s] Level 1:colcon.colcon_core.package_identification:_identify(src/build) ignored
[0.188s] Level 1:colcon.colcon_core.package_identification:_identify(src/controldesc_pkg) by extensions ['ignore', 'ignore_ament_install']
[0.188s] Level 1:colcon.colcon_core.package_identification:_identify(src/controldesc_pkg) by extension 'ignore'
[0.188s] Level 1:colcon.colcon_core.package_identification:_identify(src/controldesc_pkg) by extension 'ignore_ament_install'
[0.188s] Level 1:colcon.colcon_core.package_identification:_identify(src/controldesc_pkg) by extensions ['colcon_pkg']
[0.189s] Level 1:colcon.colcon_core.package_identification:_identify(src/controldesc_pkg) by extension 'colcon_pkg'
[0.189s] Level 1:colcon.colcon_core.package_identification:_identify(src/controldesc_pkg) by extensions ['colcon_meta']
[0.189s] Level 1:colcon.colcon_core.package_identification:_identify(src/controldesc_pkg) by extension 'colcon_meta'
[0.189s] Level 1:colcon.colcon_core.package_identification:_identify(src/controldesc_pkg) by extensions ['ros']
[0.189s] Level 1:colcon.colcon_core.package_identification:_identify(src/controldesc_pkg) by extension 'ros'
[0.190s] DEBUG:colcon.colcon_core.package_identification:Package 'src/controldesc_pkg' with type 'ros.ament_cmake' and name 'controldesc_pkg'
[0.190s] Level 1:colcon.colcon_core.package_identification:_identify(src/dynamixel_hardware_interface) by extensions ['ignore', 'ignore_ament_install']
[0.190s] Level 1:colcon.colcon_core.package_identification:_identify(src/dynamixel_hardware_interface) by extension 'ignore'
[0.190s] Level 1:colcon.colcon_core.package_identification:_identify(src/dynamixel_hardware_interface) by extension 'ignore_ament_install'
[0.190s] Level 1:colcon.colcon_core.package_identification:_identify(src/dynamixel_hardware_interface) by extensions ['colcon_pkg']
[0.190s] Level 1:colcon.colcon_core.package_identification:_identify(src/dynamixel_hardware_interface) by extension 'colcon_pkg'
[0.190s] Level 1:colcon.colcon_core.package_identification:_identify(src/dynamixel_hardware_interface) by extensions ['colcon_meta']
[0.190s] Level 1:colcon.colcon_core.package_identification:_identify(src/dynamixel_hardware_interface) by extension 'colcon_meta'
[0.190s] Level 1:colcon.colcon_core.package_identification:_identify(src/dynamixel_hardware_interface) by extensions ['ros']
[0.190s] Level 1:colcon.colcon_core.package_identification:_identify(src/dynamixel_hardware_interface) by extension 'ros'
[0.191s] DEBUG:colcon.colcon_core.package_identification:Package 'src/dynamixel_hardware_interface' with type 'ros.ament_cmake' and name 'dynamixel_hardware_interface'
[0.191s] Level 1:colcon.colcon_core.package_identification:_identify(src/husarion_components_description) by extensions ['ignore', 'ignore_ament_install']
[0.191s] Level 1:colcon.colcon_core.package_identification:_identify(src/husarion_components_description) by extension 'ignore'
[0.191s] Level 1:colcon.colcon_core.package_identification:_identify(src/husarion_components_description) by extension 'ignore_ament_install'
[0.191s] Level 1:colcon.colcon_core.package_identification:_identify(src/husarion_components_description) by extensions ['colcon_pkg']
[0.191s] Level 1:colcon.colcon_core.package_identification:_identify(src/husarion_components_description) by extension 'colcon_pkg'
[0.191s] Level 1:colcon.colcon_core.package_identification:_identify(src/husarion_components_description) by extensions ['colcon_meta']
[0.191s] Level 1:colcon.colcon_core.package_identification:_identify(src/husarion_components_description) by extension 'colcon_meta'
[0.191s] Level 1:colcon.colcon_core.package_identification:_identify(src/husarion_components_description) by extensions ['ros']
[0.191s] Level 1:colcon.colcon_core.package_identification:_identify(src/husarion_components_description) by extension 'ros'
[0.202s] DEBUG:colcon.colcon_core.package_identification:Package 'src/husarion_components_description' with type 'ros.ament_cmake' and name 'husarion_components_description'
[0.202s] Level 1:colcon.colcon_core.package_identification:_identify(src/husarion_controllers) by extensions ['ignore', 'ignore_ament_install']
[0.202s] Level 1:colcon.colcon_core.package_identification:_identify(src/husarion_controllers) by extension 'ignore'
[0.202s] Level 1:colcon.colcon_core.package_identification:_identify(src/husarion_controllers) by extension 'ignore_ament_install'
[0.202s] Level 1:colcon.colcon_core.package_identification:_identify(src/husarion_controllers) by extensions ['colcon_pkg']
[0.202s] Level 1:colcon.colcon_core.package_identification:_identify(src/husarion_controllers) by extension 'colcon_pkg'
[0.202s] Level 1:colcon.colcon_core.package_identification:_identify(src/husarion_controllers) by extensions ['colcon_meta']
[0.202s] Level 1:colcon.colcon_core.package_identification:_identify(src/husarion_controllers) by extension 'colcon_meta'
[0.202s] Level 1:colcon.colcon_core.package_identification:_identify(src/husarion_controllers) by extensions ['ros']
[0.202s] Level 1:colcon.colcon_core.package_identification:_identify(src/husarion_controllers) by extension 'ros'
[0.202s] Level 1:colcon.colcon_core.package_identification:_identify(src/husarion_controllers) by extensions ['cmake', 'python']
[0.202s] Level 1:colcon.colcon_core.package_identification:_identify(src/husarion_controllers) by extension 'cmake'
[0.202s] Level 1:colcon.colcon_core.package_identification:_identify(src/husarion_controllers) by extension 'python'
[0.202s] Level 1:colcon.colcon_core.package_identification:_identify(src/husarion_controllers) by extensions ['python_setup_py']
[0.202s] Level 1:colcon.colcon_core.package_identification:_identify(src/husarion_controllers) by extension 'python_setup_py'
[0.203s] Level 1:colcon.colcon_core.package_identification:_identify(src/husarion_controllers/A_star_controller) by extensions ['ignore', 'ignore_ament_install']
[0.203s] Level 1:colcon.colcon_core.package_identification:_identify(src/husarion_controllers/A_star_controller) by extension 'ignore'
[0.203s] Level 1:colcon.colcon_core.package_identification:_identify(src/husarion_controllers/A_star_controller) by extension 'ignore_ament_install'
[0.203s] Level 1:colcon.colcon_core.package_identification:_identify(src/husarion_controllers/A_star_controller) by extensions ['colcon_pkg']
[0.203s] Level 1:colcon.colcon_core.package_identification:_identify(src/husarion_controllers/A_star_controller) by extension 'colcon_pkg'
[0.203s] Level 1:colcon.colcon_core.package_identification:_identify(src/husarion_controllers/A_star_controller) by extensions ['colcon_meta']
[0.203s] Level 1:colcon.colcon_core.package_identification:_identify(src/husarion_controllers/A_star_controller) by extension 'colcon_meta'
[0.203s] Level 1:colcon.colcon_core.package_identification:_identify(src/husarion_controllers/A_star_controller) by extensions ['ros']
[0.203s] Level 1:colcon.colcon_core.package_identification:_identify(src/husarion_controllers/A_star_controller) by extension 'ros'
[0.203s] Level 1:colcon.colcon_core.package_identification:_identify(src/husarion_controllers/A_star_controller) by extensions ['cmake', 'python']
[0.203s] Level 1:colcon.colcon_core.package_identification:_identify(src/husarion_controllers/A_star_controller) by extension 'cmake'
[0.203s] Level 1:colcon.colcon_core.package_identification:_identify(src/husarion_controllers/A_star_controller) by extension 'python'
[0.203s] Level 1:colcon.colcon_core.package_identification:_identify(src/husarion_controllers/A_star_controller) by extensions ['python_setup_py']
[0.203s] Level 1:colcon.colcon_core.package_identification:_identify(src/husarion_controllers/A_star_controller) by extension 'python_setup_py'
[0.203s] Level 1:colcon.colcon_core.package_identification:_identify(src/husarion_controllers/A_star_controller/maps) by extensions ['ignore', 'ignore_ament_install']
[0.203s] Level 1:colcon.colcon_core.package_identification:_identify(src/husarion_controllers/A_star_controller/maps) by extension 'ignore'
[0.203s] Level 1:colcon.colcon_core.package_identification:_identify(src/husarion_controllers/A_star_controller/maps) by extension 'ignore_ament_install'
[0.203s] Level 1:colcon.colcon_core.package_identification:_identify(src/husarion_controllers/A_star_controller/maps) by extensions ['colcon_pkg']
[0.203s] Level 1:colcon.colcon_core.package_identification:_identify(src/husarion_controllers/A_star_controller/maps) by extension 'colcon_pkg'
[0.203s] Level 1:colcon.colcon_core.package_identification:_identify(src/husarion_controllers/A_star_controller/maps) by extensions ['colcon_meta']
[0.203s] Level 1:colcon.colcon_core.package_identification:_identify(src/husarion_controllers/A_star_controller/maps) by extension 'colcon_meta'
[0.203s] Level 1:colcon.colcon_core.package_identification:_identify(src/husarion_controllers/A_star_controller/maps) by extensions ['ros']
[0.203s] Level 1:colcon.colcon_core.package_identification:_identify(src/husarion_controllers/A_star_controller/maps) by extension 'ros'
[0.203s] Level 1:colcon.colcon_core.package_identification:_identify(src/husarion_controllers/A_star_controller/maps) by extensions ['cmake', 'python']
[0.203s] Level 1:colcon.colcon_core.package_identification:_identify(src/husarion_controllers/A_star_controller/maps) by extension 'cmake'
[0.203s] Level 1:colcon.colcon_core.package_identification:_identify(src/husarion_controllers/A_star_controller/maps) by extension 'python'
[0.203s] Level 1:colcon.colcon_core.package_identification:_identify(src/husarion_controllers/A_star_controller/maps) by extensions ['python_setup_py']
[0.203s] Level 1:colcon.colcon_core.package_identification:_identify(src/husarion_controllers/A_star_controller/maps) by extension 'python_setup_py'
[0.203s] Level 1:colcon.colcon_core.package_identification:_identify(src/husarion_controllers/mecanum_drive_controller) by extensions ['ignore', 'ignore_ament_install']
[0.203s] Level 1:colcon.colcon_core.package_identification:_identify(src/husarion_controllers/mecanum_drive_controller) by extension 'ignore'
[0.203s] Level 1:colcon.colcon_core.package_identification:_identify(src/husarion_controllers/mecanum_drive_controller) by extension 'ignore_ament_install'
[0.203s] Level 1:colcon.colcon_core.package_identification:_identify(src/husarion_controllers/mecanum_drive_controller) by extensions ['colcon_pkg']
[0.203s] Level 1:colcon.colcon_core.package_identification:_identify(src/husarion_controllers/mecanum_drive_controller) by extension 'colcon_pkg'
[0.203s] Level 1:colcon.colcon_core.package_identification:_identify(src/husarion_controllers/mecanum_drive_controller) by extensions ['colcon_meta']
[0.203s] Level 1:colcon.colcon_core.package_identification:_identify(src/husarion_controllers/mecanum_drive_controller) by extension 'colcon_meta'
[0.203s] Level 1:colcon.colcon_core.package_identification:_identify(src/husarion_controllers/mecanum_drive_controller) by extensions ['ros']
[0.203s] Level 1:colcon.colcon_core.package_identification:_identify(src/husarion_controllers/mecanum_drive_controller) by extension 'ros'
[0.204s] DEBUG:colcon.colcon_core.package_identification:Package 'src/husarion_controllers/mecanum_drive_controller' with type 'ros.ament_cmake' and name 'mecanum_drive_controller'
[0.204s] Level 1:colcon.colcon_core.package_identification:_identify(src/husarion_gz_worlds) by extensions ['ignore', 'ignore_ament_install']
[0.204s] Level 1:colcon.colcon_core.package_identification:_identify(src/husarion_gz_worlds) by extension 'ignore'
[0.204s] Level 1:colcon.colcon_core.package_identification:_identify(src/husarion_gz_worlds) by extension 'ignore_ament_install'
[0.204s] Level 1:colcon.colcon_core.package_identification:_identify(src/husarion_gz_worlds) by extensions ['colcon_pkg']
[0.204s] Level 1:colcon.colcon_core.package_identification:_identify(src/husarion_gz_worlds) by extension 'colcon_pkg'
[0.204s] Level 1:colcon.colcon_core.package_identification:_identify(src/husarion_gz_worlds) by extensions ['colcon_meta']
[0.204s] Level 1:colcon.colcon_core.package_identification:_identify(src/husarion_gz_worlds) by extension 'colcon_meta'
[0.204s] Level 1:colcon.colcon_core.package_identification:_identify(src/husarion_gz_worlds) by extensions ['ros']
[0.204s] Level 1:colcon.colcon_core.package_identification:_identify(src/husarion_gz_worlds) by extension 'ros'
[0.205s] DEBUG:colcon.colcon_core.package_identification:Package 'src/husarion_gz_worlds' with type 'ros.ament_cmake' and name 'husarion_gz_worlds'
[0.205s] Level 1:colcon.colcon_core.package_identification:_identify(src/install) by extensions ['ignore', 'ignore_ament_install']
[0.205s] Level 1:colcon.colcon_core.package_identification:_identify(src/install) by extension 'ignore'
[0.205s] Level 1:colcon.colcon_core.package_identification:_identify(src/install) ignored
[0.205s] Level 1:colcon.colcon_core.package_identification:_identify(src/log) by extensions ['ignore', 'ignore_ament_install']
[0.205s] Level 1:colcon.colcon_core.package_identification:_identify(src/log) by extension 'ignore'
[0.205s] Level 1:colcon.colcon_core.package_identification:_identify(src/log) ignored
[0.205s] Level 1:colcon.colcon_core.package_identification:_identify(src/open_manipulator_x) by extensions ['ignore', 'ignore_ament_install']
[0.205s] Level 1:colcon.colcon_core.package_identification:_identify(src/open_manipulator_x) by extension 'ignore'
[0.205s] Level 1:colcon.colcon_core.package_identification:_identify(src/open_manipulator_x) by extension 'ignore_ament_install'
[0.205s] Level 1:colcon.colcon_core.package_identification:_identify(src/open_manipulator_x) by extensions ['colcon_pkg']
[0.205s] Level 1:colcon.colcon_core.package_identification:_identify(src/open_manipulator_x) by extension 'colcon_pkg'
[0.205s] Level 1:colcon.colcon_core.package_identification:_identify(src/open_manipulator_x) by extensions ['colcon_meta']
[0.205s] Level 1:colcon.colcon_core.package_identification:_identify(src/open_manipulator_x) by extension 'colcon_meta'
[0.205s] Level 1:colcon.colcon_core.package_identification:_identify(src/open_manipulator_x) by extensions ['ros']
[0.205s] Level 1:colcon.colcon_core.package_identification:_identify(src/open_manipulator_x) by extension 'ros'
[0.205s] Level 1:colcon.colcon_core.package_identification:_identify(src/open_manipulator_x) by extensions ['cmake', 'python']
[0.205s] Level 1:colcon.colcon_core.package_identification:_identify(src/open_manipulator_x) by extension 'cmake'
[0.205s] Level 1:colcon.colcon_core.package_identification:_identify(src/open_manipulator_x) by extension 'python'
[0.205s] Level 1:colcon.colcon_core.package_identification:_identify(src/open_manipulator_x) by extensions ['python_setup_py']
[0.205s] Level 1:colcon.colcon_core.package_identification:_identify(src/open_manipulator_x) by extension 'python_setup_py'
[0.205s] Level 1:colcon.colcon_core.package_identification:_identify(src/open_manipulator_x/open_manipulator_x_description) by extensions ['ignore', 'ignore_ament_install']
[0.205s] Level 1:colcon.colcon_core.package_identification:_identify(src/open_manipulator_x/open_manipulator_x_description) by extension 'ignore'
[0.205s] Level 1:colcon.colcon_core.package_identification:_identify(src/open_manipulator_x/open_manipulator_x_description) by extension 'ignore_ament_install'
[0.205s] Level 1:colcon.colcon_core.package_identification:_identify(src/open_manipulator_x/open_manipulator_x_description) by extensions ['colcon_pkg']
[0.205s] Level 1:colcon.colcon_core.package_identification:_identify(src/open_manipulator_x/open_manipulator_x_description) by extension 'colcon_pkg'
[0.205s] Level 1:colcon.colcon_core.package_identification:_identify(src/open_manipulator_x/open_manipulator_x_description) by extensions ['colcon_meta']
[0.205s] Level 1:colcon.colcon_core.package_identification:_identify(src/open_manipulator_x/open_manipulator_x_description) by extension 'colcon_meta'
[0.206s] Level 1:colcon.colcon_core.package_identification:_identify(src/open_manipulator_x/open_manipulator_x_description) by extensions ['ros']
[0.206s] Level 1:colcon.colcon_core.package_identification:_identify(src/open_manipulator_x/open_manipulator_x_description) by extension 'ros'
[0.206s] DEBUG:colcon.colcon_core.package_identification:Package 'src/open_manipulator_x/open_manipulator_x_description' with type 'ros.ament_cmake' and name 'open_manipulator_x_description'
[0.206s] Level 1:colcon.colcon_core.package_identification:_identify(src/open_manipulator_x/open_manipulator_x_joy) by extensions ['ignore', 'ignore_ament_install']
[0.206s] Level 1:colcon.colcon_core.package_identification:_identify(src/open_manipulator_x/open_manipulator_x_joy) by extension 'ignore'
[0.206s] Level 1:colcon.colcon_core.package_identification:_identify(src/open_manipulator_x/open_manipulator_x_joy) by extension 'ignore_ament_install'
[0.206s] Level 1:colcon.colcon_core.package_identification:_identify(src/open_manipulator_x/open_manipulator_x_joy) by extensions ['colcon_pkg']
[0.206s] Level 1:colcon.colcon_core.package_identification:_identify(src/open_manipulator_x/open_manipulator_x_joy) by extension 'colcon_pkg'
[0.206s] Level 1:colcon.colcon_core.package_identification:_identify(src/open_manipulator_x/open_manipulator_x_joy) by extensions ['colcon_meta']
[0.206s] Level 1:colcon.colcon_core.package_identification:_identify(src/open_manipulator_x/open_manipulator_x_joy) by extension 'colcon_meta'
[0.206s] Level 1:colcon.colcon_core.package_identification:_identify(src/open_manipulator_x/open_manipulator_x_joy) by extensions ['ros']
[0.206s] Level 1:colcon.colcon_core.package_identification:_identify(src/open_manipulator_x/open_manipulator_x_joy) by extension 'ros'
[0.207s] DEBUG:colcon.colcon_core.package_identification:Package 'src/open_manipulator_x/open_manipulator_x_joy' with type 'ros.ament_cmake' and name 'open_manipulator_x_joy'
[0.207s] Level 1:colcon.colcon_core.package_identification:_identify(src/open_manipulator_x/open_manipulator_x_moveit) by extensions ['ignore', 'ignore_ament_install']
[0.207s] Level 1:colcon.colcon_core.package_identification:_identify(src/open_manipulator_x/open_manipulator_x_moveit) by extension 'ignore'
[0.207s] Level 1:colcon.colcon_core.package_identification:_identify(src/open_manipulator_x/open_manipulator_x_moveit) by extension 'ignore_ament_install'
[0.207s] Level 1:colcon.colcon_core.package_identification:_identify(src/open_manipulator_x/open_manipulator_x_moveit) by extensions ['colcon_pkg']
[0.207s] Level 1:colcon.colcon_core.package_identification:_identify(src/open_manipulator_x/open_manipulator_x_moveit) by extension 'colcon_pkg'
[0.207s] Level 1:colcon.colcon_core.package_identification:_identify(src/open_manipulator_x/open_manipulator_x_moveit) by extensions ['colcon_meta']
[0.207s] Level 1:colcon.colcon_core.package_identification:_identify(src/open_manipulator_x/open_manipulator_x_moveit) by extension 'colcon_meta'
[0.207s] Level 1:colcon.colcon_core.package_identification:_identify(src/open_manipulator_x/open_manipulator_x_moveit) by extensions ['ros']
[0.207s] Level 1:colcon.colcon_core.package_identification:_identify(src/open_manipulator_x/open_manipulator_x_moveit) by extension 'ros'
[0.208s] DEBUG:colcon.colcon_core.package_identification:Package 'src/open_manipulator_x/open_manipulator_x_moveit' with type 'ros.ament_cmake' and name 'open_manipulator_x_moveit'
[0.208s] Level 1:colcon.colcon_core.package_identification:_identify(src/rosbot_ros) by extensions ['ignore', 'ignore_ament_install']
[0.208s] Level 1:colcon.colcon_core.package_identification:_identify(src/rosbot_ros) by extension 'ignore'
[0.208s] Level 1:colcon.colcon_core.package_identification:_identify(src/rosbot_ros) by extension 'ignore_ament_install'
[0.208s] Level 1:colcon.colcon_core.package_identification:_identify(src/rosbot_ros) by extensions ['colcon_pkg']
[0.208s] Level 1:colcon.colcon_core.package_identification:_identify(src/rosbot_ros) by extension 'colcon_pkg'
[0.208s] Level 1:colcon.colcon_core.package_identification:_identify(src/rosbot_ros) by extensions ['colcon_meta']
[0.208s] Level 1:colcon.colcon_core.package_identification:_identify(src/rosbot_ros) by extension 'colcon_meta'
[0.208s] Level 1:colcon.colcon_core.package_identification:_identify(src/rosbot_ros) by extensions ['ros']
[0.208s] Level 1:colcon.colcon_core.package_identification:_identify(src/rosbot_ros) by extension 'ros'
[0.208s] Level 1:colcon.colcon_core.package_identification:_identify(src/rosbot_ros) by extensions ['cmake', 'python']
[0.208s] Level 1:colcon.colcon_core.package_identification:_identify(src/rosbot_ros) by extension 'cmake'
[0.208s] Level 1:colcon.colcon_core.package_identification:_identify(src/rosbot_ros) by extension 'python'
[0.208s] Level 1:colcon.colcon_core.package_identification:_identify(src/rosbot_ros) by extensions ['python_setup_py']
[0.208s] Level 1:colcon.colcon_core.package_identification:_identify(src/rosbot_ros) by extension 'python_setup_py'
[0.208s] Level 1:colcon.colcon_core.package_identification:_identify(src/rosbot_ros/docker) by extensions ['ignore', 'ignore_ament_install']
[0.208s] Level 1:colcon.colcon_core.package_identification:_identify(src/rosbot_ros/docker) by extension 'ignore'
[0.208s] Level 1:colcon.colcon_core.package_identification:_identify(src/rosbot_ros/docker) by extension 'ignore_ament_install'
[0.208s] Level 1:colcon.colcon_core.package_identification:_identify(src/rosbot_ros/docker) by extensions ['colcon_pkg']
[0.208s] Level 1:colcon.colcon_core.package_identification:_identify(src/rosbot_ros/docker) by extension 'colcon_pkg'
[0.208s] Level 1:colcon.colcon_core.package_identification:_identify(src/rosbot_ros/docker) by extensions ['colcon_meta']
[0.208s] Level 1:colcon.colcon_core.package_identification:_identify(src/rosbot_ros/docker) by extension 'colcon_meta'
[0.208s] Level 1:colcon.colcon_core.package_identification:_identify(src/rosbot_ros/docker) by extensions ['ros']
[0.208s] Level 1:colcon.colcon_core.package_identification:_identify(src/rosbot_ros/docker) by extension 'ros'
[0.208s] Level 1:colcon.colcon_core.package_identification:_identify(src/rosbot_ros/docker) by extensions ['cmake', 'python']
[0.208s] Level 1:colcon.colcon_core.package_identification:_identify(src/rosbot_ros/docker) by extension 'cmake'
[0.208s] Level 1:colcon.colcon_core.package_identification:_identify(src/rosbot_ros/docker) by extension 'python'
[0.208s] Level 1:colcon.colcon_core.package_identification:_identify(src/rosbot_ros/docker) by extensions ['python_setup_py']
[0.208s] Level 1:colcon.colcon_core.package_identification:_identify(src/rosbot_ros/docker) by extension 'python_setup_py'
[0.208s] Level 1:colcon.colcon_core.package_identification:_identify(src/rosbot_ros/rosbot) by extensions ['ignore', 'ignore_ament_install']
[0.208s] Level 1:colcon.colcon_core.package_identification:_identify(src/rosbot_ros/rosbot) by extension 'ignore'
[0.208s] Level 1:colcon.colcon_core.package_identification:_identify(src/rosbot_ros/rosbot) by extension 'ignore_ament_install'
[0.208s] Level 1:colcon.colcon_core.package_identification:_identify(src/rosbot_ros/rosbot) by extensions ['colcon_pkg']
[0.208s] Level 1:colcon.colcon_core.package_identification:_identify(src/rosbot_ros/rosbot) by extension 'colcon_pkg'
[0.208s] Level 1:colcon.colcon_core.package_identification:_identify(src/rosbot_ros/rosbot) by extensions ['colcon_meta']
[0.208s] Level 1:colcon.colcon_core.package_identification:_identify(src/rosbot_ros/rosbot) by extension 'colcon_meta'
[0.208s] Level 1:colcon.colcon_core.package_identification:_identify(src/rosbot_ros/rosbot) by extensions ['ros']
[0.208s] Level 1:colcon.colcon_core.package_identification:_identify(src/rosbot_ros/rosbot) by extension 'ros'
[0.210s] DEBUG:colcon.colcon_core.package_identification:Package 'src/rosbot_ros/rosbot' with type 'ros.ament_cmake' and name 'rosbot'
[0.210s] Level 1:colcon.colcon_core.package_identification:_identify(src/rosbot_ros/rosbot_bringup) by extensions ['ignore', 'ignore_ament_install']
[0.210s] Level 1:colcon.colcon_core.package_identification:_identify(src/rosbot_ros/rosbot_bringup) by extension 'ignore'
[0.210s] Level 1:colcon.colcon_core.package_identification:_identify(src/rosbot_ros/rosbot_bringup) by extension 'ignore_ament_install'
[0.210s] Level 1:colcon.colcon_core.package_identification:_identify(src/rosbot_ros/rosbot_bringup) by extensions ['colcon_pkg']
[0.210s] Level 1:colcon.colcon_core.package_identification:_identify(src/rosbot_ros/rosbot_bringup) by extension 'colcon_pkg'
[0.210s] Level 1:colcon.colcon_core.package_identification:_identify(src/rosbot_ros/rosbot_bringup) by extensions ['colcon_meta']
[0.210s] Level 1:colcon.colcon_core.package_identification:_identify(src/rosbot_ros/rosbot_bringup) by extension 'colcon_meta'
[0.210s] Level 1:colcon.colcon_core.package_identification:_identify(src/rosbot_ros/rosbot_bringup) by extensions ['ros']
[0.210s] Level 1:colcon.colcon_core.package_identification:_identify(src/rosbot_ros/rosbot_bringup) by extension 'ros'
[0.212s] DEBUG:colcon.colcon_core.package_identification:Package 'src/rosbot_ros/rosbot_bringup' with type 'ros.ament_python' and name 'rosbot_bringup'
[0.212s] Level 1:colcon.colcon_core.package_identification:_identify(src/rosbot_ros/rosbot_controller) by extensions ['ignore', 'ignore_ament_install']
[0.212s] Level 1:colcon.colcon_core.package_identification:_identify(src/rosbot_ros/rosbot_controller) by extension 'ignore'
[0.212s] Level 1:colcon.colcon_core.package_identification:_identify(src/rosbot_ros/rosbot_controller) by extension 'ignore_ament_install'
[0.212s] Level 1:colcon.colcon_core.package_identification:_identify(src/rosbot_ros/rosbot_controller) by extensions ['colcon_pkg']
[0.212s] Level 1:colcon.colcon_core.package_identification:_identify(src/rosbot_ros/rosbot_controller) by extension 'colcon_pkg'
[0.212s] Level 1:colcon.colcon_core.package_identification:_identify(src/rosbot_ros/rosbot_controller) by extensions ['colcon_meta']
[0.212s] Level 1:colcon.colcon_core.package_identification:_identify(src/rosbot_ros/rosbot_controller) by extension 'colcon_meta'
[0.212s] Level 1:colcon.colcon_core.package_identification:_identify(src/rosbot_ros/rosbot_controller) by extensions ['ros']
[0.212s] Level 1:colcon.colcon_core.package_identification:_identify(src/rosbot_ros/rosbot_controller) by extension 'ros'
[0.213s] DEBUG:colcon.colcon_core.package_identification:Package 'src/rosbot_ros/rosbot_controller' with type 'ros.ament_python' and name 'rosbot_controller'
[0.213s] Level 1:colcon.colcon_core.package_identification:_identify(src/rosbot_ros/rosbot_description) by extensions ['ignore', 'ignore_ament_install']
[0.213s] Level 1:colcon.colcon_core.package_identification:_identify(src/rosbot_ros/rosbot_description) by extension 'ignore'
[0.213s] Level 1:colcon.colcon_core.package_identification:_identify(src/rosbot_ros/rosbot_description) by extension 'ignore_ament_install'
[0.213s] Level 1:colcon.colcon_core.package_identification:_identify(src/rosbot_ros/rosbot_description) by extensions ['colcon_pkg']
[0.213s] Level 1:colcon.colcon_core.package_identification:_identify(src/rosbot_ros/rosbot_description) by extension 'colcon_pkg'
[0.213s] Level 1:colcon.colcon_core.package_identification:_identify(src/rosbot_ros/rosbot_description) by extensions ['colcon_meta']
[0.213s] Level 1:colcon.colcon_core.package_identification:_identify(src/rosbot_ros/rosbot_description) by extension 'colcon_meta'
[0.213s] Level 1:colcon.colcon_core.package_identification:_identify(src/rosbot_ros/rosbot_description) by extensions ['ros']
[0.213s] Level 1:colcon.colcon_core.package_identification:_identify(src/rosbot_ros/rosbot_description) by extension 'ros'
[0.214s] DEBUG:colcon.colcon_core.package_identification:Package 'src/rosbot_ros/rosbot_description' with type 'ros.ament_cmake' and name 'rosbot_description'
[0.214s] Level 1:colcon.colcon_core.package_identification:_identify(src/rosbot_ros/rosbot_gazebo) by extensions ['ignore', 'ignore_ament_install']
[0.214s] Level 1:colcon.colcon_core.package_identification:_identify(src/rosbot_ros/rosbot_gazebo) by extension 'ignore'
[0.214s] Level 1:colcon.colcon_core.package_identification:_identify(src/rosbot_ros/rosbot_gazebo) by extension 'ignore_ament_install'
[0.214s] Level 1:colcon.colcon_core.package_identification:_identify(src/rosbot_ros/rosbot_gazebo) by extensions ['colcon_pkg']
[0.214s] Level 1:colcon.colcon_core.package_identification:_identify(src/rosbot_ros/rosbot_gazebo) by extension 'colcon_pkg'
[0.214s] Level 1:colcon.colcon_core.package_identification:_identify(src/rosbot_ros/rosbot_gazebo) by extensions ['colcon_meta']
[0.214s] Level 1:colcon.colcon_core.package_identification:_identify(src/rosbot_ros/rosbot_gazebo) by extension 'colcon_meta'
[0.214s] Level 1:colcon.colcon_core.package_identification:_identify(src/rosbot_ros/rosbot_gazebo) by extensions ['ros']
[0.214s] Level 1:colcon.colcon_core.package_identification:_identify(src/rosbot_ros/rosbot_gazebo) by extension 'ros'
[0.217s] DEBUG:colcon.colcon_core.package_identification:Package 'src/rosbot_ros/rosbot_gazebo' with type 'ros.ament_python' and name 'rosbot_gazebo'
[0.217s] Level 1:colcon.colcon_core.package_identification:_identify(src/rosbot_ros/rosbot_joy) by extensions ['ignore', 'ignore_ament_install']
[0.217s] Level 1:colcon.colcon_core.package_identification:_identify(src/rosbot_ros/rosbot_joy) by extension 'ignore'
[0.217s] Level 1:colcon.colcon_core.package_identification:_identify(src/rosbot_ros/rosbot_joy) by extension 'ignore_ament_install'
[0.217s] Level 1:colcon.colcon_core.package_identification:_identify(src/rosbot_ros/rosbot_joy) by extensions ['colcon_pkg']
[0.217s] Level 1:colcon.colcon_core.package_identification:_identify(src/rosbot_ros/rosbot_joy) by extension 'colcon_pkg'
[0.217s] Level 1:colcon.colcon_core.package_identification:_identify(src/rosbot_ros/rosbot_joy) by extensions ['colcon_meta']
[0.217s] Level 1:colcon.colcon_core.package_identification:_identify(src/rosbot_ros/rosbot_joy) by extension 'colcon_meta'
[0.217s] Level 1:colcon.colcon_core.package_identification:_identify(src/rosbot_ros/rosbot_joy) by extensions ['ros']
[0.217s] Level 1:colcon.colcon_core.package_identification:_identify(src/rosbot_ros/rosbot_joy) by extension 'ros'
[0.218s] DEBUG:colcon.colcon_core.package_identification:Package 'src/rosbot_ros/rosbot_joy' with type 'ros.ament_cmake' and name 'rosbot_joy'
[0.218s] Level 1:colcon.colcon_core.package_identification:_identify(src/rosbot_ros/rosbot_localization) by extensions ['ignore', 'ignore_ament_install']
[0.218s] Level 1:colcon.colcon_core.package_identification:_identify(src/rosbot_ros/rosbot_localization) by extension 'ignore'
[0.218s] Level 1:colcon.colcon_core.package_identification:_identify(src/rosbot_ros/rosbot_localization) by extension 'ignore_ament_install'
[0.218s] Level 1:colcon.colcon_core.package_identification:_identify(src/rosbot_ros/rosbot_localization) by extensions ['colcon_pkg']
[0.218s] Level 1:colcon.colcon_core.package_identification:_identify(src/rosbot_ros/rosbot_localization) by extension 'colcon_pkg'
[0.218s] Level 1:colcon.colcon_core.package_identification:_identify(src/rosbot_ros/rosbot_localization) by extensions ['colcon_meta']
[0.218s] Level 1:colcon.colcon_core.package_identification:_identify(src/rosbot_ros/rosbot_localization) by extension 'colcon_meta'
[0.218s] Level 1:colcon.colcon_core.package_identification:_identify(src/rosbot_ros/rosbot_localization) by extensions ['ros']
[0.218s] Level 1:colcon.colcon_core.package_identification:_identify(src/rosbot_ros/rosbot_localization) by extension 'ros'
[0.218s] DEBUG:colcon.colcon_core.package_identification:Package 'src/rosbot_ros/rosbot_localization' with type 'ros.ament_cmake' and name 'rosbot_localization'
[0.218s] Level 1:colcon.colcon_core.package_identification:_identify(src/rosbot_ros/rosbot_utils) by extensions ['ignore', 'ignore_ament_install']
[0.218s] Level 1:colcon.colcon_core.package_identification:_identify(src/rosbot_ros/rosbot_utils) by extension 'ignore'
[0.218s] Level 1:colcon.colcon_core.package_identification:_identify(src/rosbot_ros/rosbot_utils) by extension 'ignore_ament_install'
[0.218s] Level 1:colcon.colcon_core.package_identification:_identify(src/rosbot_ros/rosbot_utils) by extensions ['colcon_pkg']
[0.218s] Level 1:colcon.colcon_core.package_identification:_identify(src/rosbot_ros/rosbot_utils) by extension 'colcon_pkg'
[0.218s] Level 1:colcon.colcon_core.package_identification:_identify(src/rosbot_ros/rosbot_utils) by extensions ['colcon_meta']
[0.218s] Level 1:colcon.colcon_core.package_identification:_identify(src/rosbot_ros/rosbot_utils) by extension 'colcon_meta'
[0.219s] Level 1:colcon.colcon_core.package_identification:_identify(src/rosbot_ros/rosbot_utils) by extensions ['ros']
[0.219s] Level 1:colcon.colcon_core.package_identification:_identify(src/rosbot_ros/rosbot_utils) by extension 'ros'
[0.219s] DEBUG:colcon.colcon_core.package_identification:Package 'src/rosbot_ros/rosbot_utils' with type 'ros.ament_python' and name 'rosbot_utils'
[0.219s] Level 1:colcon.colcon_core.package_identification:_identify(src/rosbot_xl_control) by extensions ['ignore', 'ignore_ament_install']
[0.219s] Level 1:colcon.colcon_core.package_identification:_identify(src/rosbot_xl_control) by extension 'ignore'
[0.219s] Level 1:colcon.colcon_core.package_identification:_identify(src/rosbot_xl_control) by extension 'ignore_ament_install'
[0.219s] Level 1:colcon.colcon_core.package_identification:_identify(src/rosbot_xl_control) by extensions ['colcon_pkg']
[0.219s] Level 1:colcon.colcon_core.package_identification:_identify(src/rosbot_xl_control) by extension 'colcon_pkg'
[0.219s] Level 1:colcon.colcon_core.package_identification:_identify(src/rosbot_xl_control) by extensions ['colcon_meta']
[0.219s] Level 1:colcon.colcon_core.package_identification:_identify(src/rosbot_xl_control) by extension 'colcon_meta'
[0.219s] Level 1:colcon.colcon_core.package_identification:_identify(src/rosbot_xl_control) by extensions ['ros']
[0.219s] Level 1:colcon.colcon_core.package_identification:_identify(src/rosbot_xl_control) by extension 'ros'
[0.219s] DEBUG:colcon.colcon_core.package_identification:Package 'src/rosbot_xl_control' with type 'ros.ament_cmake' and name 'rosbot_xl_control'
[0.219s] Level 1:colcon.colcon_core.package_discovery:discover_packages(recursive) using defaults
[0.220s] Level 1:colcon.colcon_core.package_discovery:discover_packages(ignore) discover
[0.220s] Level 1:colcon.colcon_core.package_discovery:discover_packages(ignore) using defaults
[0.220s] Level 1:colcon.colcon_core.package_discovery:discover_packages(path) discover
[0.220s] Level 1:colcon.colcon_core.package_discovery:discover_packages(path) using defaults
[0.235s] Level 1:colcon.colcon_core.package_discovery:discover_packages(prefix_path) check parameters
[0.235s] Level 1:colcon.colcon_core.package_discovery:discover_packages(prefix_path) discover
[0.236s] WARNING:colcon.colcon_ros.prefix_path.ament:The path '/home/ale/Proyecto_CPR/rosbot_ws/install/controldesc_pkg' in the environment variable AMENT_PREFIX_PATH doesn't exist
[0.236s] WARNING:colcon.colcon_ros.prefix_path.catkin:The path '/home/ale/Proyecto_CPR/rosbot_ws/install/controldesc_pkg' in the environment variable CMAKE_PREFIX_PATH doesn't exist
[0.236s] DEBUG:colcon.colcon_installed_package_information.package_discovery:Found 13 installed packages in /home/ale/Proyecto_CPR/rosbot_ws/install
[0.237s] DEBUG:colcon.colcon_installed_package_information.package_discovery:Found 486 installed packages in /opt/ros/humble
[0.239s] Level 1:colcon.colcon_core.package_discovery:discover_packages(prefix_path) using defaults
[0.270s] WARNING:colcon.colcon_core.package_selection:Some selected packages are already built in one or more underlay workspaces:
	'mecanum_drive_controller' is in: /home/ale/Proyecto_CPR/rosbot_ws/install/mecanum_drive_controller, /opt/ros/humble
If a package in a merged underlay workspace is overridden and it installs headers, then all packages in the overlay must sort their include directories by workspace order. Failure to do so may result in build failures or undefined behavior at run time.
If the overridden package is used by another package in any underlay, then the overriding package in the overlay must be API and ABI compatible or undefined behavior at run time may occur.

If you understand the risks and want to override a package anyways, add the following to the command line:
	--allow-overriding mecanum_drive_controller

This may be promoted to an error in a future release of colcon-override-check.
[0.270s] Level 5:colcon.colcon_core.verb:set package 'controldesc_pkg' build argument 'cmake_args' from command line to 'None'
[0.271s] Level 5:colcon.colcon_core.verb:set package 'controldesc_pkg' build argument 'cmake_target' from command line to 'None'
[0.271s] Level 5:colcon.colcon_core.verb:set package 'controldesc_pkg' build argument 'cmake_target_skip_unavailable' from command line to 'False'
[0.271s] Level 5:colcon.colcon_core.verb:set package 'controldesc_pkg' build argument 'cmake_clean_cache' from command line to 'False'
[0.271s] Level 5:colcon.colcon_core.verb:set package 'controldesc_pkg' build argument 'cmake_clean_first' from command line to 'False'
[0.271s] Level 5:colcon.colcon_core.verb:set package 'controldesc_pkg' build argument 'cmake_force_configure' from command line to 'False'
[0.271s] Level 5:colcon.colcon_core.verb:set package 'controldesc_pkg' build argument 'ament_cmake_args' from command line to 'None'
[0.271s] Level 5:colcon.colcon_core.verb:set package 'controldesc_pkg' build argument 'catkin_cmake_args' from command line to 'None'
[0.271s] Level 5:colcon.colcon_core.verb:set package 'controldesc_pkg' build argument 'catkin_skip_building_tests' from command line to 'False'
[0.271s] DEBUG:colcon.colcon_core.verb:Building package 'controldesc_pkg' with the following arguments: {'ament_cmake_args': None, 'build_base': '/home/ale/Proyecto_CPR/rosbot_ws/build/controldesc_pkg', 'catkin_cmake_args': None, 'catkin_skip_building_tests': False, 'cmake_args': None, 'cmake_clean_cache': False, 'cmake_clean_first': False, 'cmake_force_configure': False, 'cmake_target': None, 'cmake_target_skip_unavailable': False, 'install_base': '/home/ale/Proyecto_CPR/rosbot_ws/install/controldesc_pkg', 'merge_install': False, 'path': '/home/ale/Proyecto_CPR/rosbot_ws/src/controldesc_pkg', 'symlink_install': False, 'test_result_base': None}
[0.271s] Level 5:colcon.colcon_core.verb:set package 'dynamixel_hardware_interface' build argument 'cmake_args' from command line to 'None'
[0.271s] Level 5:colcon.colcon_core.verb:set package 'dynamixel_hardware_interface' build argument 'cmake_target' from command line to 'None'
[0.271s] Level 5:colcon.colcon_core.verb:set package 'dynamixel_hardware_interface' build argument 'cmake_target_skip_unavailable' from command line to 'False'
[0.271s] Level 5:colcon.colcon_core.verb:set package 'dynamixel_hardware_interface' build argument 'cmake_clean_cache' from command line to 'False'
[0.271s] Level 5:colcon.colcon_core.verb:set package 'dynamixel_hardware_interface' build argument 'cmake_clean_first' from command line to 'False'
[0.271s] Level 5:colcon.colcon_core.verb:set package 'dynamixel_hardware_interface' build argument 'cmake_force_configure' from command line to 'False'
[0.271s] Level 5:colcon.colcon_core.verb:set package 'dynamixel_hardware_interface' build argument 'ament_cmake_args' from command line to 'None'
[0.271s] Level 5:colcon.colcon_core.verb:set package 'dynamixel_hardware_interface' build argument 'catkin_cmake_args' from command line to 'None'
[0.271s] Level 5:colcon.colcon_core.verb:set package 'dynamixel_hardware_interface' build argument 'catkin_skip_building_tests' from command line to 'False'
[0.271s] DEBUG:colcon.colcon_core.verb:Building package 'dynamixel_hardware_interface' with the following arguments: {'ament_cmake_args': None, 'build_base': '/home/ale/Proyecto_CPR/rosbot_ws/build/dynamixel_hardware_interface', 'catkin_cmake_args': None, 'catkin_skip_building_tests': False, 'cmake_args': None, 'cmake_clean_cache': False, 'cmake_clean_first': False, 'cmake_force_configure': False, 'cmake_target': None, 'cmake_target_skip_unavailable': False, 'install_base': '/home/ale/Proyecto_CPR/rosbot_ws/install/dynamixel_hardware_interface', 'merge_install': False, 'path': '/home/ale/Proyecto_CPR/rosbot_ws/src/dynamixel_hardware_interface', 'symlink_install': False, 'test_result_base': None}
[0.271s] Level 5:colcon.colcon_core.verb:set package 'husarion_components_description' build argument 'cmake_args' from command line to 'None'
[0.271s] Level 5:colcon.colcon_core.verb:set package 'husarion_components_description' build argument 'cmake_target' from command line to 'None'
[0.271s] Level 5:colcon.colcon_core.verb:set package 'husarion_components_description' build argument 'cmake_target_skip_unavailable' from command line to 'False'
[0.271s] Level 5:colcon.colcon_core.verb:set package 'husarion_components_description' build argument 'cmake_clean_cache' from command line to 'False'
[0.271s] Level 5:colcon.colcon_core.verb:set package 'husarion_components_description' build argument 'cmake_clean_first' from command line to 'False'
[0.271s] Level 5:colcon.colcon_core.verb:set package 'husarion_components_description' build argument 'cmake_force_configure' from command line to 'False'
[0.271s] Level 5:colcon.colcon_core.verb:set package 'husarion_components_description' build argument 'ament_cmake_args' from command line to 'None'
[0.271s] Level 5:colcon.colcon_core.verb:set package 'husarion_components_description' build argument 'catkin_cmake_args' from command line to 'None'
[0.271s] Level 5:colcon.colcon_core.verb:set package 'husarion_components_description' build argument 'catkin_skip_building_tests' from command line to 'False'
[0.271s] DEBUG:colcon.colcon_core.verb:Building package 'husarion_components_description' with the following arguments: {'ament_cmake_args': None, 'build_base': '/home/ale/Proyecto_CPR/rosbot_ws/build/husarion_components_description', 'catkin_cmake_args': None, 'catkin_skip_building_tests': False, 'cmake_args': None, 'cmake_clean_cache': False, 'cmake_clean_first': False, 'cmake_force_configure': False, 'cmake_target': None, 'cmake_target_skip_unavailable': False, 'install_base': '/home/ale/Proyecto_CPR/rosbot_ws/install/husarion_components_description', 'merge_install': False, 'path': '/home/ale/Proyecto_CPR/rosbot_ws/src/husarion_components_description', 'symlink_install': False, 'test_result_base': None}
[0.272s] Level 5:colcon.colcon_core.verb:set package 'husarion_gz_worlds' build argument 'cmake_args' from command line to 'None'
[0.272s] Level 5:colcon.colcon_core.verb:set package 'husarion_gz_worlds' build argument 'cmake_target' from command line to 'None'
[0.272s] Level 5:colcon.colcon_core.verb:set package 'husarion_gz_worlds' build argument 'cmake_target_skip_unavailable' from command line to 'False'
[0.272s] Level 5:colcon.colcon_core.verb:set package 'husarion_gz_worlds' build argument 'cmake_clean_cache' from command line to 'False'
[0.272s] Level 5:colcon.colcon_core.verb:set package 'husarion_gz_worlds' build argument 'cmake_clean_first' from command line to 'False'
[0.272s] Level 5:colcon.colcon_core.verb:set package 'husarion_gz_worlds' build argument 'cmake_force_configure' from command line to 'False'
[0.272s] Level 5:colcon.colcon_core.verb:set package 'husarion_gz_worlds' build argument 'ament_cmake_args' from command line to 'None'
[0.272s] Level 5:colcon.colcon_core.verb:set package 'husarion_gz_worlds' build argument 'catkin_cmake_args' from command line to 'None'
[0.272s] Level 5:colcon.colcon_core.verb:set package 'husarion_gz_worlds' build argument 'catkin_skip_building_tests' from command line to 'False'
[0.272s] DEBUG:colcon.colcon_core.verb:Building package 'husarion_gz_worlds' with the following arguments: {'ament_cmake_args': None, 'build_base': '/home/ale/Proyecto_CPR/rosbot_ws/build/husarion_gz_worlds', 'catkin_cmake_args': None, 'catkin_skip_building_tests': False, 'cmake_args': None, 'cmake_clean_cache': False, 'cmake_clean_first': False, 'cmake_force_configure': False, 'cmake_target': None, 'cmake_target_skip_unavailable': False, 'install_base': '/home/ale/Proyecto_CPR/rosbot_ws/install/husarion_gz_worlds', 'merge_install': False, 'path': '/home/ale/Proyecto_CPR/rosbot_ws/src/husarion_gz_worlds', 'symlink_install': False, 'test_result_base': None}
[0.272s] Level 5:colcon.colcon_core.verb:set package 'mecanum_drive_controller' build argument 'cmake_args' from command line to 'None'
[0.272s] Level 5:colcon.colcon_core.verb:set package 'mecanum_drive_controller' build argument 'cmake_target' from command line to 'None'
[0.272s] Level 5:colcon.colcon_core.verb:set package 'mecanum_drive_controller' build argument 'cmake_target_skip_unavailable' from command line to 'False'
[0.272s] Level 5:colcon.colcon_core.verb:set package 'mecanum_drive_controller' build argument 'cmake_clean_cache' from command line to 'False'
[0.272s] Level 5:colcon.colcon_core.verb:set package 'mecanum_drive_controller' build argument 'cmake_clean_first' from command line to 'False'
[0.272s] Level 5:colcon.colcon_core.verb:set package 'mecanum_drive_controller' build argument 'cmake_force_configure' from command line to 'False'
[0.272s] Level 5:colcon.colcon_core.verb:set package 'mecanum_drive_controller' build argument 'ament_cmake_args' from command line to 'None'
[0.272s] Level 5:colcon.colcon_core.verb:set package 'mecanum_drive_controller' build argument 'catkin_cmake_args' from command line to 'None'
[0.272s] Level 5:colcon.colcon_core.verb:set package 'mecanum_drive_controller' build argument 'catkin_skip_building_tests' from command line to 'False'
[0.272s] DEBUG:colcon.colcon_core.verb:Building package 'mecanum_drive_controller' with the following arguments: {'ament_cmake_args': None, 'build_base': '/home/ale/Proyecto_CPR/rosbot_ws/build/mecanum_drive_controller', 'catkin_cmake_args': None, 'catkin_skip_building_tests': False, 'cmake_args': None, 'cmake_clean_cache': False, 'cmake_clean_first': False, 'cmake_force_configure': False, 'cmake_target': None, 'cmake_target_skip_unavailable': False, 'install_base': '/home/ale/Proyecto_CPR/rosbot_ws/install/mecanum_drive_controller', 'merge_install': False, 'path': '/home/ale/Proyecto_CPR/rosbot_ws/src/husarion_controllers/mecanum_drive_controller', 'symlink_install': False, 'test_result_base': None}
[0.272s] Level 5:colcon.colcon_core.verb:set package 'open_manipulator_x_joy' build argument 'cmake_args' from command line to 'None'
[0.272s] Level 5:colcon.colcon_core.verb:set package 'open_manipulator_x_joy' build argument 'cmake_target' from command line to 'None'
[0.272s] Level 5:colcon.colcon_core.verb:set package 'open_manipulator_x_joy' build argument 'cmake_target_skip_unavailable' from command line to 'False'
[0.272s] Level 5:colcon.colcon_core.verb:set package 'open_manipulator_x_joy' build argument 'cmake_clean_cache' from command line to 'False'
[0.272s] Level 5:colcon.colcon_core.verb:set package 'open_manipulator_x_joy' build argument 'cmake_clean_first' from command line to 'False'
[0.272s] Level 5:colcon.colcon_core.verb:set package 'open_manipulator_x_joy' build argument 'cmake_force_configure' from command line to 'False'
[0.272s] Level 5:colcon.colcon_core.verb:set package 'open_manipulator_x_joy' build argument 'ament_cmake_args' from command line to 'None'
[0.272s] Level 5:colcon.colcon_core.verb:set package 'open_manipulator_x_joy' build argument 'catkin_cmake_args' from command line to 'None'
[0.272s] Level 5:colcon.colcon_core.verb:set package 'open_manipulator_x_joy' build argument 'catkin_skip_building_tests' from command line to 'False'
[0.272s] DEBUG:colcon.colcon_core.verb:Building package 'open_manipulator_x_joy' with the following arguments: {'ament_cmake_args': None, 'build_base': '/home/ale/Proyecto_CPR/rosbot_ws/build/open_manipulator_x_joy', 'catkin_cmake_args': None, 'catkin_skip_building_tests': False, 'cmake_args': None, 'cmake_clean_cache': False, 'cmake_clean_first': False, 'cmake_force_configure': False, 'cmake_target': None, 'cmake_target_skip_unavailable': False, 'install_base': '/home/ale/Proyecto_CPR/rosbot_ws/install/open_manipulator_x_joy', 'merge_install': False, 'path': '/home/ale/Proyecto_CPR/rosbot_ws/src/open_manipulator_x/open_manipulator_x_joy', 'symlink_install': False, 'test_result_base': None}
[0.272s] Level 5:colcon.colcon_core.verb:set package 'rosbot_bringup' build argument 'cmake_args' from command line to 'None'
[0.272s] Level 5:colcon.colcon_core.verb:set package 'rosbot_bringup' build argument 'cmake_target' from command line to 'None'
[0.272s] Level 5:colcon.colcon_core.verb:set package 'rosbot_bringup' build argument 'cmake_target_skip_unavailable' from command line to 'False'
[0.272s] Level 5:colcon.colcon_core.verb:set package 'rosbot_bringup' build argument 'cmake_clean_cache' from command line to 'False'
[0.272s] Level 5:colcon.colcon_core.verb:set package 'rosbot_bringup' build argument 'cmake_clean_first' from command line to 'False'
[0.273s] Level 5:colcon.colcon_core.verb:set package 'rosbot_bringup' build argument 'cmake_force_configure' from command line to 'False'
[0.273s] Level 5:colcon.colcon_core.verb:set package 'rosbot_bringup' build argument 'ament_cmake_args' from command line to 'None'
[0.273s] Level 5:colcon.colcon_core.verb:set package 'rosbot_bringup' build argument 'catkin_cmake_args' from command line to 'None'
[0.273s] Level 5:colcon.colcon_core.verb:set package 'rosbot_bringup' build argument 'catkin_skip_building_tests' from command line to 'False'
[0.273s] DEBUG:colcon.colcon_core.verb:Building package 'rosbot_bringup' with the following arguments: {'ament_cmake_args': None, 'build_base': '/home/ale/Proyecto_CPR/rosbot_ws/build/rosbot_bringup', 'catkin_cmake_args': None, 'catkin_skip_building_tests': False, 'cmake_args': None, 'cmake_clean_cache': False, 'cmake_clean_first': False, 'cmake_force_configure': False, 'cmake_target': None, 'cmake_target_skip_unavailable': False, 'install_base': '/home/ale/Proyecto_CPR/rosbot_ws/install/rosbot_bringup', 'merge_install': False, 'path': '/home/ale/Proyecto_CPR/rosbot_ws/src/rosbot_ros/rosbot_bringup', 'symlink_install': False, 'test_result_base': None}
[0.273s] Level 5:colcon.colcon_core.verb:set package 'rosbot_joy' build argument 'cmake_args' from command line to 'None'
[0.273s] Level 5:colcon.colcon_core.verb:set package 'rosbot_joy' build argument 'cmake_target' from command line to 'None'
[0.273s] Level 5:colcon.colcon_core.verb:set package 'rosbot_joy' build argument 'cmake_target_skip_unavailable' from command line to 'False'
[0.273s] Level 5:colcon.colcon_core.verb:set package 'rosbot_joy' build argument 'cmake_clean_cache' from command line to 'False'
[0.273s] Level 5:colcon.colcon_core.verb:set package 'rosbot_joy' build argument 'cmake_clean_first' from command line to 'False'
[0.273s] Level 5:colcon.colcon_core.verb:set package 'rosbot_joy' build argument 'cmake_force_configure' from command line to 'False'
[0.273s] Level 5:colcon.colcon_core.verb:set package 'rosbot_joy' build argument 'ament_cmake_args' from command line to 'None'
[0.273s] Level 5:colcon.colcon_core.verb:set package 'rosbot_joy' build argument 'catkin_cmake_args' from command line to 'None'
[0.273s] Level 5:colcon.colcon_core.verb:set package 'rosbot_joy' build argument 'catkin_skip_building_tests' from command line to 'False'
[0.273s] DEBUG:colcon.colcon_core.verb:Building package 'rosbot_joy' with the following arguments: {'ament_cmake_args': None, 'build_base': '/home/ale/Proyecto_CPR/rosbot_ws/build/rosbot_joy', 'catkin_cmake_args': None, 'catkin_skip_building_tests': False, 'cmake_args': None, 'cmake_clean_cache': False, 'cmake_clean_first': False, 'cmake_force_configure': False, 'cmake_target': None, 'cmake_target_skip_unavailable': False, 'install_base': '/home/ale/Proyecto_CPR/rosbot_ws/install/rosbot_joy', 'merge_install': False, 'path': '/home/ale/Proyecto_CPR/rosbot_ws/src/rosbot_ros/rosbot_joy', 'symlink_install': False, 'test_result_base': None}
[0.273s] Level 5:colcon.colcon_core.verb:set package 'rosbot_localization' build argument 'cmake_args' from command line to 'None'
[0.273s] Level 5:colcon.colcon_core.verb:set package 'rosbot_localization' build argument 'cmake_target' from command line to 'None'
[0.273s] Level 5:colcon.colcon_core.verb:set package 'rosbot_localization' build argument 'cmake_target_skip_unavailable' from command line to 'False'
[0.273s] Level 5:colcon.colcon_core.verb:set package 'rosbot_localization' build argument 'cmake_clean_cache' from command line to 'False'
[0.273s] Level 5:colcon.colcon_core.verb:set package 'rosbot_localization' build argument 'cmake_clean_first' from command line to 'False'
[0.273s] Level 5:colcon.colcon_core.verb:set package 'rosbot_localization' build argument 'cmake_force_configure' from command line to 'False'
[0.273s] Level 5:colcon.colcon_core.verb:set package 'rosbot_localization' build argument 'ament_cmake_args' from command line to 'None'
[0.273s] Level 5:colcon.colcon_core.verb:set package 'rosbot_localization' build argument 'catkin_cmake_args' from command line to 'None'
[0.273s] Level 5:colcon.colcon_core.verb:set package 'rosbot_localization' build argument 'catkin_skip_building_tests' from command line to 'False'
[0.273s] DEBUG:colcon.colcon_core.verb:Building package 'rosbot_localization' with the following arguments: {'ament_cmake_args': None, 'build_base': '/home/ale/Proyecto_CPR/rosbot_ws/build/rosbot_localization', 'catkin_cmake_args': None, 'catkin_skip_building_tests': False, 'cmake_args': None, 'cmake_clean_cache': False, 'cmake_clean_first': False, 'cmake_force_configure': False, 'cmake_target': None, 'cmake_target_skip_unavailable': False, 'install_base': '/home/ale/Proyecto_CPR/rosbot_ws/install/rosbot_localization', 'merge_install': False, 'path': '/home/ale/Proyecto_CPR/rosbot_ws/src/rosbot_ros/rosbot_localization', 'symlink_install': False, 'test_result_base': None}
[0.273s] Level 5:colcon.colcon_core.verb:set package 'rosbot_utils' build argument 'cmake_args' from command line to 'None'
[0.273s] Level 5:colcon.colcon_core.verb:set package 'rosbot_utils' build argument 'cmake_target' from command line to 'None'
[0.273s] Level 5:colcon.colcon_core.verb:set package 'rosbot_utils' build argument 'cmake_target_skip_unavailable' from command line to 'False'
[0.273s] Level 5:colcon.colcon_core.verb:set package 'rosbot_utils' build argument 'cmake_clean_cache' from command line to 'False'
[0.273s] Level 5:colcon.colcon_core.verb:set package 'rosbot_utils' build argument 'cmake_clean_first' from command line to 'False'
[0.273s] Level 5:colcon.colcon_core.verb:set package 'rosbot_utils' build argument 'cmake_force_configure' from command line to 'False'
[0.273s] Level 5:colcon.colcon_core.verb:set package 'rosbot_utils' build argument 'ament_cmake_args' from command line to 'None'
[0.273s] Level 5:colcon.colcon_core.verb:set package 'rosbot_utils' build argument 'catkin_cmake_args' from command line to 'None'
[0.273s] Level 5:colcon.colcon_core.verb:set package 'rosbot_utils' build argument 'catkin_skip_building_tests' from command line to 'False'
[0.273s] DEBUG:colcon.colcon_core.verb:Building package 'rosbot_utils' with the following arguments: {'ament_cmake_args': None, 'build_base': '/home/ale/Proyecto_CPR/rosbot_ws/build/rosbot_utils', 'catkin_cmake_args': None, 'catkin_skip_building_tests': False, 'cmake_args': None, 'cmake_clean_cache': False, 'cmake_clean_first': False, 'cmake_force_configure': False, 'cmake_target': None, 'cmake_target_skip_unavailable': False, 'install_base': '/home/ale/Proyecto_CPR/rosbot_ws/install/rosbot_utils', 'merge_install': False, 'path': '/home/ale/Proyecto_CPR/rosbot_ws/src/rosbot_ros/rosbot_utils', 'symlink_install': False, 'test_result_base': None}
[0.274s] Level 5:colcon.colcon_core.verb:set package 'rosbot_xl_control' build argument 'cmake_args' from command line to 'None'
[0.274s] Level 5:colcon.colcon_core.verb:set package 'rosbot_xl_control' build argument 'cmake_target' from command line to 'None'
[0.274s] Level 5:colcon.colcon_core.verb:set package 'rosbot_xl_control' build argument 'cmake_target_skip_unavailable' from command line to 'False'
[0.274s] Level 5:colcon.colcon_core.verb:set package 'rosbot_xl_control' build argument 'cmake_clean_cache' from command line to 'False'
[0.274s] Level 5:colcon.colcon_core.verb:set package 'rosbot_xl_control' build argument 'cmake_clean_first' from command line to 'False'
[0.274s] Level 5:colcon.colcon_core.verb:set package 'rosbot_xl_control' build argument 'cmake_force_configure' from command line to 'False'
[0.274s] Level 5:colcon.colcon_core.verb:set package 'rosbot_xl_control' build argument 'ament_cmake_args' from command line to 'None'
[0.274s] Level 5:colcon.colcon_core.verb:set package 'rosbot_xl_control' build argument 'catkin_cmake_args' from command line to 'None'
[0.274s] Level 5:colcon.colcon_core.verb:set package 'rosbot_xl_control' build argument 'catkin_skip_building_tests' from command line to 'False'
[0.274s] DEBUG:colcon.colcon_core.verb:Building package 'rosbot_xl_control' with the following arguments: {'ament_cmake_args': None, 'build_base': '/home/ale/Proyecto_CPR/rosbot_ws/build/rosbot_xl_control', 'catkin_cmake_args': None, 'catkin_skip_building_tests': False, 'cmake_args': None, 'cmake_clean_cache': False, 'cmake_clean_first': False, 'cmake_force_configure': False, 'cmake_target': None, 'cmake_target_skip_unavailable': False, 'install_base': '/home/ale/Proyecto_CPR/rosbot_ws/install/rosbot_xl_control', 'merge_install': False, 'path': '/home/ale/Proyecto_CPR/rosbot_ws/src/rosbot_xl_control', 'symlink_install': False, 'test_result_base': None}
[0.274s] Level 5:colcon.colcon_core.verb:set package 'open_manipulator_x_description' build argument 'cmake_args' from command line to 'None'
[0.274s] Level 5:colcon.colcon_core.verb:set package 'open_manipulator_x_description' build argument 'cmake_target' from command line to 'None'
[0.274s] Level 5:colcon.colcon_core.verb:set package 'open_manipulator_x_description' build argument 'cmake_target_skip_unavailable' from command line to 'False'
[0.274s] Level 5:colcon.colcon_core.verb:set package 'open_manipulator_x_description' build argument 'cmake_clean_cache' from command line to 'False'
[0.274s] Level 5:colcon.colcon_core.verb:set package 'open_manipulator_x_description' build argument 'cmake_clean_first' from command line to 'False'
[0.274s] Level 5:colcon.colcon_core.verb:set package 'open_manipulator_x_description' build argument 'cmake_force_configure' from command line to 'False'
[0.274s] Level 5:colcon.colcon_core.verb:set package 'open_manipulator_x_description' build argument 'ament_cmake_args' from command line to 'None'
[0.274s] Level 5:colcon.colcon_core.verb:set package 'open_manipulator_x_description' build argument 'catkin_cmake_args' from command line to 'None'
[0.274s] Level 5:colcon.colcon_core.verb:set package 'open_manipulator_x_description' build argument 'catkin_skip_building_tests' from command line to 'False'
[0.274s] DEBUG:colcon.colcon_core.verb:Building package 'open_manipulator_x_description' with the following arguments: {'ament_cmake_args': None, 'build_base': '/home/ale/Proyecto_CPR/rosbot_ws/build/open_manipulator_x_description', 'catkin_cmake_args': None, 'catkin_skip_building_tests': False, 'cmake_args': None, 'cmake_clean_cache': False, 'cmake_clean_first': False, 'cmake_force_configure': False, 'cmake_target': None, 'cmake_target_skip_unavailable': False, 'install_base': '/home/ale/Proyecto_CPR/rosbot_ws/install/open_manipulator_x_description', 'merge_install': False, 'path': '/home/ale/Proyecto_CPR/rosbot_ws/src/open_manipulator_x/open_manipulator_x_description', 'symlink_install': False, 'test_result_base': None}
[0.274s] Level 5:colcon.colcon_core.verb:set package 'rosbot_description' build argument 'cmake_args' from command line to 'None'
[0.274s] Level 5:colcon.colcon_core.verb:set package 'rosbot_description' build argument 'cmake_target' from command line to 'None'
[0.274s] Level 5:colcon.colcon_core.verb:set package 'rosbot_description' build argument 'cmake_target_skip_unavailable' from command line to 'False'
[0.274s] Level 5:colcon.colcon_core.verb:set package 'rosbot_description' build argument 'cmake_clean_cache' from command line to 'False'
[0.274s] Level 5:colcon.colcon_core.verb:set package 'rosbot_description' build argument 'cmake_clean_first' from command line to 'False'
[0.274s] Level 5:colcon.colcon_core.verb:set package 'rosbot_description' build argument 'cmake_force_configure' from command line to 'False'
[0.274s] Level 5:colcon.colcon_core.verb:set package 'rosbot_description' build argument 'ament_cmake_args' from command line to 'None'
[0.274s] Level 5:colcon.colcon_core.verb:set package 'rosbot_description' build argument 'catkin_cmake_args' from command line to 'None'
[0.274s] Level 5:colcon.colcon_core.verb:set package 'rosbot_description' build argument 'catkin_skip_building_tests' from command line to 'False'
[0.274s] DEBUG:colcon.colcon_core.verb:Building package 'rosbot_description' with the following arguments: {'ament_cmake_args': None, 'build_base': '/home/ale/Proyecto_CPR/rosbot_ws/build/rosbot_description', 'catkin_cmake_args': None, 'catkin_skip_building_tests': False, 'cmake_args': None, 'cmake_clean_cache': False, 'cmake_clean_first': False, 'cmake_force_configure': False, 'cmake_target': None, 'cmake_target_skip_unavailable': False, 'install_base': '/home/ale/Proyecto_CPR/rosbot_ws/install/rosbot_description', 'merge_install': False, 'path': '/home/ale/Proyecto_CPR/rosbot_ws/src/rosbot_ros/rosbot_description', 'symlink_install': False, 'test_result_base': None}
[0.275s] Level 5:colcon.colcon_core.verb:set package 'open_manipulator_x_moveit' build argument 'cmake_args' from command line to 'None'
[0.275s] Level 5:colcon.colcon_core.verb:set package 'open_manipulator_x_moveit' build argument 'cmake_target' from command line to 'None'
[0.275s] Level 5:colcon.colcon_core.verb:set package 'open_manipulator_x_moveit' build argument 'cmake_target_skip_unavailable' from command line to 'False'
[0.275s] Level 5:colcon.colcon_core.verb:set package 'open_manipulator_x_moveit' build argument 'cmake_clean_cache' from command line to 'False'
[0.275s] Level 5:colcon.colcon_core.verb:set package 'open_manipulator_x_moveit' build argument 'cmake_clean_first' from command line to 'False'
[0.275s] Level 5:colcon.colcon_core.verb:set package 'open_manipulator_x_moveit' build argument 'cmake_force_configure' from command line to 'False'
[0.275s] Level 5:colcon.colcon_core.verb:set package 'open_manipulator_x_moveit' build argument 'ament_cmake_args' from command line to 'None'
[0.275s] Level 5:colcon.colcon_core.verb:set package 'open_manipulator_x_moveit' build argument 'catkin_cmake_args' from command line to 'None'
[0.275s] Level 5:colcon.colcon_core.verb:set package 'open_manipulator_x_moveit' build argument 'catkin_skip_building_tests' from command line to 'False'
[0.275s] DEBUG:colcon.colcon_core.verb:Building package 'open_manipulator_x_moveit' with the following arguments: {'ament_cmake_args': None, 'build_base': '/home/ale/Proyecto_CPR/rosbot_ws/build/open_manipulator_x_moveit', 'catkin_cmake_args': None, 'catkin_skip_building_tests': False, 'cmake_args': None, 'cmake_clean_cache': False, 'cmake_clean_first': False, 'cmake_force_configure': False, 'cmake_target': None, 'cmake_target_skip_unavailable': False, 'install_base': '/home/ale/Proyecto_CPR/rosbot_ws/install/open_manipulator_x_moveit', 'merge_install': False, 'path': '/home/ale/Proyecto_CPR/rosbot_ws/src/open_manipulator_x/open_manipulator_x_moveit', 'symlink_install': False, 'test_result_base': None}
[0.275s] Level 5:colcon.colcon_core.verb:set package 'rosbot_controller' build argument 'cmake_args' from command line to 'None'
[0.275s] Level 5:colcon.colcon_core.verb:set package 'rosbot_controller' build argument 'cmake_target' from command line to 'None'
[0.275s] Level 5:colcon.colcon_core.verb:set package 'rosbot_controller' build argument 'cmake_target_skip_unavailable' from command line to 'False'
[0.275s] Level 5:colcon.colcon_core.verb:set package 'rosbot_controller' build argument 'cmake_clean_cache' from command line to 'False'
[0.275s] Level 5:colcon.colcon_core.verb:set package 'rosbot_controller' build argument 'cmake_clean_first' from command line to 'False'
[0.275s] Level 5:colcon.colcon_core.verb:set package 'rosbot_controller' build argument 'cmake_force_configure' from command line to 'False'
[0.275s] Level 5:colcon.colcon_core.verb:set package 'rosbot_controller' build argument 'ament_cmake_args' from command line to 'None'
[0.275s] Level 5:colcon.colcon_core.verb:set package 'rosbot_controller' build argument 'catkin_cmake_args' from command line to 'None'
[0.275s] Level 5:colcon.colcon_core.verb:set package 'rosbot_controller' build argument 'catkin_skip_building_tests' from command line to 'False'
[0.275s] DEBUG:colcon.colcon_core.verb:Building package 'rosbot_controller' with the following arguments: {'ament_cmake_args': None, 'build_base': '/home/ale/Proyecto_CPR/rosbot_ws/build/rosbot_controller', 'catkin_cmake_args': None, 'catkin_skip_building_tests': False, 'cmake_args': None, 'cmake_clean_cache': False, 'cmake_clean_first': False, 'cmake_force_configure': False, 'cmake_target': None, 'cmake_target_skip_unavailable': False, 'install_base': '/home/ale/Proyecto_CPR/rosbot_ws/install/rosbot_controller', 'merge_install': False, 'path': '/home/ale/Proyecto_CPR/rosbot_ws/src/rosbot_ros/rosbot_controller', 'symlink_install': False, 'test_result_base': None}
[0.275s] Level 5:colcon.colcon_core.verb:set package 'rosbot_gazebo' build argument 'cmake_args' from command line to 'None'
[0.275s] Level 5:colcon.colcon_core.verb:set package 'rosbot_gazebo' build argument 'cmake_target' from command line to 'None'
[0.275s] Level 5:colcon.colcon_core.verb:set package 'rosbot_gazebo' build argument 'cmake_target_skip_unavailable' from command line to 'False'
[0.275s] Level 5:colcon.colcon_core.verb:set package 'rosbot_gazebo' build argument 'cmake_clean_cache' from command line to 'False'
[0.275s] Level 5:colcon.colcon_core.verb:set package 'rosbot_gazebo' build argument 'cmake_clean_first' from command line to 'False'
[0.275s] Level 5:colcon.colcon_core.verb:set package 'rosbot_gazebo' build argument 'cmake_force_configure' from command line to 'False'
[0.275s] Level 5:colcon.colcon_core.verb:set package 'rosbot_gazebo' build argument 'ament_cmake_args' from command line to 'None'
[0.275s] Level 5:colcon.colcon_core.verb:set package 'rosbot_gazebo' build argument 'catkin_cmake_args' from command line to 'None'
[0.275s] Level 5:colcon.colcon_core.verb:set package 'rosbot_gazebo' build argument 'catkin_skip_building_tests' from command line to 'False'
[0.275s] DEBUG:colcon.colcon_core.verb:Building package 'rosbot_gazebo' with the following arguments: {'ament_cmake_args': None, 'build_base': '/home/ale/Proyecto_CPR/rosbot_ws/build/rosbot_gazebo', 'catkin_cmake_args': None, 'catkin_skip_building_tests': False, 'cmake_args': None, 'cmake_clean_cache': False, 'cmake_clean_first': False, 'cmake_force_configure': False, 'cmake_target': None, 'cmake_target_skip_unavailable': False, 'install_base': '/home/ale/Proyecto_CPR/rosbot_ws/install/rosbot_gazebo', 'merge_install': False, 'path': '/home/ale/Proyecto_CPR/rosbot_ws/src/rosbot_ros/rosbot_gazebo', 'symlink_install': False, 'test_result_base': None}
[0.275s] Level 5:colcon.colcon_core.verb:set package 'rosbot' build argument 'cmake_args' from command line to 'None'
[0.276s] Level 5:colcon.colcon_core.verb:set package 'rosbot' build argument 'cmake_target' from command line to 'None'
[0.276s] Level 5:colcon.colcon_core.verb:set package 'rosbot' build argument 'cmake_target_skip_unavailable' from command line to 'False'
[0.276s] Level 5:colcon.colcon_core.verb:set package 'rosbot' build argument 'cmake_clean_cache' from command line to 'False'
[0.276s] Level 5:colcon.colcon_core.verb:set package 'rosbot' build argument 'cmake_clean_first' from command line to 'False'
[0.276s] Level 5:colcon.colcon_core.verb:set package 'rosbot' build argument 'cmake_force_configure' from command line to 'False'
[0.276s] Level 5:colcon.colcon_core.verb:set package 'rosbot' build argument 'ament_cmake_args' from command line to 'None'
[0.276s] Level 5:colcon.colcon_core.verb:set package 'rosbot' build argument 'catkin_cmake_args' from command line to 'None'
[0.276s] Level 5:colcon.colcon_core.verb:set package 'rosbot' build argument 'catkin_skip_building_tests' from command line to 'False'
[0.276s] DEBUG:colcon.colcon_core.verb:Building package 'rosbot' with the following arguments: {'ament_cmake_args': None, 'build_base': '/home/ale/Proyecto_CPR/rosbot_ws/build/rosbot', 'catkin_cmake_args': None, 'catkin_skip_building_tests': False, 'cmake_args': None, 'cmake_clean_cache': False, 'cmake_clean_first': False, 'cmake_force_configure': False, 'cmake_target': None, 'cmake_target_skip_unavailable': False, 'install_base': '/home/ale/Proyecto_CPR/rosbot_ws/install/rosbot', 'merge_install': False, 'path': '/home/ale/Proyecto_CPR/rosbot_ws/src/rosbot_ros/rosbot', 'symlink_install': False, 'test_result_base': None}
[0.276s] INFO:colcon.colcon_core.executor:Executing jobs using 'parallel' executor
[0.277s] DEBUG:colcon.colcon_parallel_executor.executor.parallel:run_until_complete
[0.277s] INFO:colcon.colcon_ros.task.ament_cmake.build:Building ROS package in '/home/ale/Proyecto_CPR/rosbot_ws/src/dynamixel_hardware_interface' with build type 'ament_cmake'
[0.277s] INFO:colcon.colcon_cmake.task.cmake.build:Building CMake package in '/home/ale/Proyecto_CPR/rosbot_ws/src/dynamixel_hardware_interface'
[0.278s] INFO:colcon.colcon_core.plugin_system:Skipping extension 'colcon_core.shell.bat': Not used on non-Windows systems
[0.279s] INFO:colcon.colcon_core.shell:Skip shell extension 'powershell' for command environment: Not usable outside of PowerShell
[0.279s] DEBUG:colcon.colcon_core.shell:Skip shell extension 'dsv' for command environment
[0.281s] INFO:colcon.colcon_ros.task.ament_cmake.build:Building ROS package in '/home/ale/Proyecto_CPR/rosbot_ws/src/husarion_components_description' with build type 'ament_cmake'
[0.281s] INFO:colcon.colcon_cmake.task.cmake.build:Building CMake package in '/home/ale/Proyecto_CPR/rosbot_ws/src/husarion_components_description'
[0.281s] INFO:colcon.colcon_core.shell:Skip shell extension 'powershell' for command environment: Not usable outside of PowerShell
[0.281s] DEBUG:colcon.colcon_core.shell:Skip shell extension 'dsv' for command environment
[0.284s] INFO:colcon.colcon_ros.task.ament_cmake.build:Building ROS package in '/home/ale/Proyecto_CPR/rosbot_ws/src/open_manipulator_x/open_manipulator_x_joy' with build type 'ament_cmake'
[0.284s] INFO:colcon.colcon_cmake.task.cmake.build:Building CMake package in '/home/ale/Proyecto_CPR/rosbot_ws/src/open_manipulator_x/open_manipulator_x_joy'
[0.284s] INFO:colcon.colcon_core.shell:Skip shell extension 'powershell' for command environment: Not usable outside of PowerShell
[0.284s] DEBUG:colcon.colcon_core.shell:Skip shell extension 'dsv' for command environment
[0.286s] INFO:colcon.colcon_ros.task.ament_cmake.build:Building ROS package in '/home/ale/Proyecto_CPR/rosbot_ws/src/husarion_controllers/mecanum_drive_controller' with build type 'ament_cmake'
[0.286s] INFO:colcon.colcon_cmake.task.cmake.build:Building CMake package in '/home/ale/Proyecto_CPR/rosbot_ws/src/husarion_controllers/mecanum_drive_controller'
[0.287s] INFO:colcon.colcon_core.shell:Skip shell extension 'powershell' for command environment: Not usable outside of PowerShell
[0.287s] DEBUG:colcon.colcon_core.shell:Skip shell extension 'dsv' for command environment
[0.289s] INFO:colcon.colcon_ros.task.ament_python.build:Building ROS package in '/home/ale/Proyecto_CPR/rosbot_ws/src/rosbot_ros/rosbot_utils' with build type 'ament_python'
[0.289s] Level 1:colcon.colcon_core.shell:create_environment_hook('rosbot_utils', 'ament_prefix_path')
[0.289s] INFO:colcon.colcon_core.shell:Creating environment hook '/home/ale/Proyecto_CPR/rosbot_ws/install/rosbot_utils/share/rosbot_utils/hook/ament_prefix_path.ps1'
[0.289s] INFO:colcon.colcon_core.shell:Creating environment descriptor '/home/ale/Proyecto_CPR/rosbot_ws/install/rosbot_utils/share/rosbot_utils/hook/ament_prefix_path.dsv'
[0.290s] INFO:colcon.colcon_core.shell:Creating environment hook '/home/ale/Proyecto_CPR/rosbot_ws/install/rosbot_utils/share/rosbot_utils/hook/ament_prefix_path.sh'
[0.290s] INFO:colcon.colcon_core.shell:Skip shell extension 'powershell' for command environment: Not usable outside of PowerShell
[0.290s] DEBUG:colcon.colcon_core.shell:Skip shell extension 'dsv' for command environment
[0.292s] INFO:colcon.colcon_ros.task.ament_cmake.build:Building ROS package in '/home/ale/Proyecto_CPR/rosbot_ws/src/husarion_gz_worlds' with build type 'ament_cmake'
[0.292s] INFO:colcon.colcon_cmake.task.cmake.build:Building CMake package in '/home/ale/Proyecto_CPR/rosbot_ws/src/husarion_gz_worlds'
[0.292s] INFO:colcon.colcon_core.shell:Skip shell extension 'powershell' for command environment: Not usable outside of PowerShell
[0.292s] DEBUG:colcon.colcon_core.shell:Skip shell extension 'dsv' for command environment
[0.295s] INFO:colcon.colcon_ros.task.ament_cmake.build:Building ROS package in '/home/ale/Proyecto_CPR/rosbot_ws/src/rosbot_ros/rosbot_localization' with build type 'ament_cmake'
[0.295s] INFO:colcon.colcon_cmake.task.cmake.build:Building CMake package in '/home/ale/Proyecto_CPR/rosbot_ws/src/rosbot_ros/rosbot_localization'
[0.295s] INFO:colcon.colcon_core.shell:Skip shell extension 'powershell' for command environment: Not usable outside of PowerShell
[0.295s] DEBUG:colcon.colcon_core.shell:Skip shell extension 'dsv' for command environment
[0.297s] INFO:colcon.colcon_ros.task.ament_cmake.build:Building ROS package in '/home/ale/Proyecto_CPR/rosbot_ws/src/controldesc_pkg' with build type 'ament_cmake'
[0.297s] INFO:colcon.colcon_cmake.task.cmake.build:Building CMake package in '/home/ale/Proyecto_CPR/rosbot_ws/src/controldesc_pkg'
[0.298s] INFO:colcon.colcon_core.shell:Skip shell extension 'powershell' for command environment: Not usable outside of PowerShell
[0.298s] DEBUG:colcon.colcon_core.shell:Skip shell extension 'dsv' for command environment
[0.300s] INFO:colcon.colcon_ros.task.ament_python.build:Building ROS package in '/home/ale/Proyecto_CPR/rosbot_ws/src/rosbot_ros/rosbot_bringup' with build type 'ament_python'
[0.300s] Level 1:colcon.colcon_core.shell:create_environment_hook('rosbot_bringup', 'ament_prefix_path')
[0.300s] INFO:colcon.colcon_core.shell:Creating environment hook '/home/ale/Proyecto_CPR/rosbot_ws/install/rosbot_bringup/share/rosbot_bringup/hook/ament_prefix_path.ps1'
[0.300s] INFO:colcon.colcon_core.shell:Creating environment descriptor '/home/ale/Proyecto_CPR/rosbot_ws/install/rosbot_bringup/share/rosbot_bringup/hook/ament_prefix_path.dsv'
[0.301s] INFO:colcon.colcon_core.shell:Creating environment hook '/home/ale/Proyecto_CPR/rosbot_ws/install/rosbot_bringup/share/rosbot_bringup/hook/ament_prefix_path.sh'
[0.301s] INFO:colcon.colcon_core.shell:Skip shell extension 'powershell' for command environment: Not usable outside of PowerShell
[0.301s] DEBUG:colcon.colcon_core.shell:Skip shell extension 'dsv' for command environment
[0.303s] INFO:colcon.colcon_ros.task.ament_cmake.build:Building ROS package in '/home/ale/Proyecto_CPR/rosbot_ws/src/rosbot_ros/rosbot_joy' with build type 'ament_cmake'
[0.303s] INFO:colcon.colcon_cmake.task.cmake.build:Building CMake package in '/home/ale/Proyecto_CPR/rosbot_ws/src/rosbot_ros/rosbot_joy'
[0.303s] INFO:colcon.colcon_core.shell:Skip shell extension 'powershell' for command environment: Not usable outside of PowerShell
[0.303s] DEBUG:colcon.colcon_core.shell:Skip shell extension 'dsv' for command environment
[0.306s] INFO:colcon.colcon_ros.task.ament_cmake.build:Building ROS package in '/home/ale/Proyecto_CPR/rosbot_ws/src/rosbot_xl_control' with build type 'ament_cmake'
[0.306s] INFO:colcon.colcon_cmake.task.cmake.build:Building CMake package in '/home/ale/Proyecto_CPR/rosbot_ws/src/rosbot_xl_control'
[0.306s] INFO:colcon.colcon_core.shell:Skip shell extension 'powershell' for command environment: Not usable outside of PowerShell
[0.306s] DEBUG:colcon.colcon_core.shell:Skip shell extension 'dsv' for command environment
[0.312s] DEBUG:colcon.colcon_core.event_handler.log_command:Invoking command in '/home/ale/Proyecto_CPR/rosbot_ws/build/dynamixel_hardware_interface': CMAKE_PREFIX_PATH=${CMAKE_PREFIX_PATH}:/home/ale/Proyecto_CPR/rosbot_ws/install/rosbot_gazebo:/home/ale/Proyecto_CPR/rosbot_ws/install/rosbot_controller:/home/ale/Proyecto_CPR/rosbot_ws/install/rosbot_utils:/opt/ros/humble /usr/bin/cmake /home/ale/Proyecto_CPR/rosbot_ws/src/dynamixel_hardware_interface -DCMAKE_INSTALL_PREFIX=/home/ale/Proyecto_CPR/rosbot_ws/install/dynamixel_hardware_interface
[0.313s] DEBUG:colcon.colcon_core.event_handler.log_command:Invoking command in '/home/ale/Proyecto_CPR/rosbot_ws/build/husarion_components_description': CMAKE_PREFIX_PATH=${CMAKE_PREFIX_PATH}:/home/ale/Proyecto_CPR/rosbot_ws/install/rosbot_gazebo:/home/ale/Proyecto_CPR/rosbot_ws/install/rosbot_controller:/home/ale/Proyecto_CPR/rosbot_ws/install/rosbot_utils:/opt/ros/humble /usr/bin/cmake /home/ale/Proyecto_CPR/rosbot_ws/src/husarion_components_description -DCMAKE_INSTALL_PREFIX=/home/ale/Proyecto_CPR/rosbot_ws/install/husarion_components_description
[0.314s] DEBUG:colcon.colcon_core.event_handler.log_command:Invoking command in '/home/ale/Proyecto_CPR/rosbot_ws/build/open_manipulator_x_joy': CMAKE_PREFIX_PATH=${CMAKE_PREFIX_PATH}:/home/ale/Proyecto_CPR/rosbot_ws/install/rosbot_gazebo:/home/ale/Proyecto_CPR/rosbot_ws/install/rosbot_controller:/home/ale/Proyecto_CPR/rosbot_ws/install/rosbot_utils:/opt/ros/humble /usr/bin/cmake /home/ale/Proyecto_CPR/rosbot_ws/src/open_manipulator_x/open_manipulator_x_joy -DCMAKE_INSTALL_PREFIX=/home/ale/Proyecto_CPR/rosbot_ws/install/open_manipulator_x_joy
[0.317s] DEBUG:colcon.colcon_core.event_handler.log_command:Invoking command in '/home/ale/Proyecto_CPR/rosbot_ws/build/mecanum_drive_controller': CMAKE_PREFIX_PATH=${CMAKE_PREFIX_PATH}:/home/ale/Proyecto_CPR/rosbot_ws/install/rosbot_gazebo:/home/ale/Proyecto_CPR/rosbot_ws/install/rosbot_controller:/home/ale/Proyecto_CPR/rosbot_ws/install/rosbot_utils:/opt/ros/humble /usr/bin/cmake /home/ale/Proyecto_CPR/rosbot_ws/src/husarion_controllers/mecanum_drive_controller -DCMAKE_INSTALL_PREFIX=/home/ale/Proyecto_CPR/rosbot_ws/install/mecanum_drive_controller
[0.496s] INFO:colcon.colcon_core.task.python.build:Building Python package in '/home/ale/Proyecto_CPR/rosbot_ws/src/rosbot_ros/rosbot_utils'
[0.496s] INFO:colcon.colcon_core.shell:Skip shell extension 'powershell' for command environment: Not usable outside of PowerShell
[0.496s] DEBUG:colcon.colcon_core.shell:Skip shell extension 'dsv' for command environment
[0.502s] DEBUG:colcon.colcon_core.event_handler.log_command:Invoking command in '/home/ale/Proyecto_CPR/rosbot_ws/build/husarion_gz_worlds': CMAKE_PREFIX_PATH=${CMAKE_PREFIX_PATH}:/home/ale/Proyecto_CPR/rosbot_ws/install/rosbot_gazebo:/home/ale/Proyecto_CPR/rosbot_ws/install/rosbot_controller:/home/ale/Proyecto_CPR/rosbot_ws/install/rosbot_utils:/opt/ros/humble /usr/bin/cmake /home/ale/Proyecto_CPR/rosbot_ws/src/husarion_gz_worlds -DCMAKE_INSTALL_PREFIX=/home/ale/Proyecto_CPR/rosbot_ws/install/husarion_gz_worlds
[0.504s] DEBUG:colcon.colcon_core.event_handler.log_command:Invoking command in '/home/ale/Proyecto_CPR/rosbot_ws/build/rosbot_localization': CMAKE_PREFIX_PATH=${CMAKE_PREFIX_PATH}:/home/ale/Proyecto_CPR/rosbot_ws/install/rosbot_gazebo:/home/ale/Proyecto_CPR/rosbot_ws/install/rosbot_controller:/home/ale/Proyecto_CPR/rosbot_ws/install/rosbot_utils:/opt/ros/humble /usr/bin/cmake /home/ale/Proyecto_CPR/rosbot_ws/src/rosbot_ros/rosbot_localization -DCMAKE_INSTALL_PREFIX=/home/ale/Proyecto_CPR/rosbot_ws/install/rosbot_localization
[0.505s] DEBUG:colcon.colcon_core.event_handler.log_command:Invoking command in '/home/ale/Proyecto_CPR/rosbot_ws/build/controldesc_pkg': CMAKE_PREFIX_PATH=${CMAKE_PREFIX_PATH}:/home/ale/Proyecto_CPR/rosbot_ws/install/rosbot_gazebo:/home/ale/Proyecto_CPR/rosbot_ws/install/rosbot_controller:/home/ale/Proyecto_CPR/rosbot_ws/install/rosbot_utils:/opt/ros/humble /usr/bin/cmake /home/ale/Proyecto_CPR/rosbot_ws/src/controldesc_pkg -DCMAKE_INSTALL_PREFIX=/home/ale/Proyecto_CPR/rosbot_ws/install/controldesc_pkg
[0.699s] INFO:colcon.colcon_core.task.python.build:Building Python package in '/home/ale/Proyecto_CPR/rosbot_ws/src/rosbot_ros/rosbot_bringup'
[0.699s] INFO:colcon.colcon_core.shell:Skip shell extension 'powershell' for command environment: Not usable outside of PowerShell
[0.699s] DEBUG:colcon.colcon_core.shell:Skip shell extension 'dsv' for command environment
[0.707s] DEBUG:colcon.colcon_core.event_handler.log_command:Invoking command in '/home/ale/Proyecto_CPR/rosbot_ws/build/rosbot_joy': CMAKE_PREFIX_PATH=${CMAKE_PREFIX_PATH}:/home/ale/Proyecto_CPR/rosbot_ws/install/rosbot_gazebo:/home/ale/Proyecto_CPR/rosbot_ws/install/rosbot_controller:/home/ale/Proyecto_CPR/rosbot_ws/install/rosbot_utils:/opt/ros/humble /usr/bin/cmake /home/ale/Proyecto_CPR/rosbot_ws/src/rosbot_ros/rosbot_joy -DCMAKE_INSTALL_PREFIX=/home/ale/Proyecto_CPR/rosbot_ws/install/rosbot_joy
[0.719s] DEBUG:colcon.colcon_core.event_handler.log_command:Invoking command in '/home/ale/Proyecto_CPR/rosbot_ws/build/rosbot_xl_control': CMAKE_PREFIX_PATH=${CMAKE_PREFIX_PATH}:/home/ale/Proyecto_CPR/rosbot_ws/install/rosbot_gazebo:/home/ale/Proyecto_CPR/rosbot_ws/install/rosbot_controller:/home/ale/Proyecto_CPR/rosbot_ws/install/rosbot_utils:/opt/ros/humble /usr/bin/cmake /home/ale/Proyecto_CPR/rosbot_ws/src/rosbot_xl_control -DCMAKE_INSTALL_PREFIX=/home/ale/Proyecto_CPR/rosbot_ws/install/rosbot_xl_control
[0.721s] DEBUG:colcon.colcon_core.event_handler.log_command:Invoked command in '/home/ale/Proyecto_CPR/rosbot_ws/build/rosbot_localization' returned '0': CMAKE_PREFIX_PATH=${CMAKE_PREFIX_PATH}:/home/ale/Proyecto_CPR/rosbot_ws/install/rosbot_gazebo:/home/ale/Proyecto_CPR/rosbot_ws/install/rosbot_controller:/home/ale/Proyecto_CPR/rosbot_ws/install/rosbot_utils:/opt/ros/humble /usr/bin/cmake /home/ale/Proyecto_CPR/rosbot_ws/src/rosbot_ros/rosbot_localization -DCMAKE_INSTALL_PREFIX=/home/ale/Proyecto_CPR/rosbot_ws/install/rosbot_localization
[0.721s] DEBUG:colcon.colcon_core.event_handler.log_command:Invoking command in '/home/ale/Proyecto_CPR/rosbot_ws/build/rosbot_localization': CMAKE_PREFIX_PATH=${CMAKE_PREFIX_PATH}:/home/ale/Proyecto_CPR/rosbot_ws/install/rosbot_gazebo:/home/ale/Proyecto_CPR/rosbot_ws/install/rosbot_controller:/home/ale/Proyecto_CPR/rosbot_ws/install/rosbot_utils:/opt/ros/humble /usr/bin/cmake --build /home/ale/Proyecto_CPR/rosbot_ws/build/rosbot_localization -- -j16 -l16
[0.730s] DEBUG:colcon.colcon_core.event_handler.log_command:Invoked command in '/home/ale/Proyecto_CPR/rosbot_ws/build/husarion_gz_worlds' returned '0': CMAKE_PREFIX_PATH=${CMAKE_PREFIX_PATH}:/home/ale/Proyecto_CPR/rosbot_ws/install/rosbot_gazebo:/home/ale/Proyecto_CPR/rosbot_ws/install/rosbot_controller:/home/ale/Proyecto_CPR/rosbot_ws/install/rosbot_utils:/opt/ros/humble /usr/bin/cmake /home/ale/Proyecto_CPR/rosbot_ws/src/husarion_gz_worlds -DCMAKE_INSTALL_PREFIX=/home/ale/Proyecto_CPR/rosbot_ws/install/husarion_gz_worlds
[0.732s] DEBUG:colcon.colcon_core.event_handler.log_command:Invoking command in '/home/ale/Proyecto_CPR/rosbot_ws/build/husarion_gz_worlds': CMAKE_PREFIX_PATH=${CMAKE_PREFIX_PATH}:/home/ale/Proyecto_CPR/rosbot_ws/install/rosbot_gazebo:/home/ale/Proyecto_CPR/rosbot_ws/install/rosbot_controller:/home/ale/Proyecto_CPR/rosbot_ws/install/rosbot_utils:/opt/ros/humble /usr/bin/cmake --build /home/ale/Proyecto_CPR/rosbot_ws/build/husarion_gz_worlds -- -j16 -l16
[0.744s] DEBUG:colcon.colcon_core.event_handler.log_command:Invoked command in '/home/ale/Proyecto_CPR/rosbot_ws/build/husarion_components_description' returned '0': CMAKE_PREFIX_PATH=${CMAKE_PREFIX_PATH}:/home/ale/Proyecto_CPR/rosbot_ws/install/rosbot_gazebo:/home/ale/Proyecto_CPR/rosbot_ws/install/rosbot_controller:/home/ale/Proyecto_CPR/rosbot_ws/install/rosbot_utils:/opt/ros/humble /usr/bin/cmake /home/ale/Proyecto_CPR/rosbot_ws/src/husarion_components_description -DCMAKE_INSTALL_PREFIX=/home/ale/Proyecto_CPR/rosbot_ws/install/husarion_components_description
[0.746s] DEBUG:colcon.colcon_core.event_handler.log_command:Invoking command in '/home/ale/Proyecto_CPR/rosbot_ws/build/husarion_components_description': CMAKE_PREFIX_PATH=${CMAKE_PREFIX_PATH}:/home/ale/Proyecto_CPR/rosbot_ws/install/rosbot_gazebo:/home/ale/Proyecto_CPR/rosbot_ws/install/rosbot_controller:/home/ale/Proyecto_CPR/rosbot_ws/install/rosbot_utils:/opt/ros/humble /usr/bin/cmake --build /home/ale/Proyecto_CPR/rosbot_ws/build/husarion_components_description -- -j16 -l16
[0.753s] DEBUG:colcon.colcon_core.event_handler.log_command:Invoked command in '/home/ale/Proyecto_CPR/rosbot_ws/build/rosbot_localization' returned '0': CMAKE_PREFIX_PATH=${CMAKE_PREFIX_PATH}:/home/ale/Proyecto_CPR/rosbot_ws/install/rosbot_gazebo:/home/ale/Proyecto_CPR/rosbot_ws/install/rosbot_controller:/home/ale/Proyecto_CPR/rosbot_ws/install/rosbot_utils:/opt/ros/humble /usr/bin/cmake --build /home/ale/Proyecto_CPR/rosbot_ws/build/rosbot_localization -- -j16 -l16
[0.763s] DEBUG:colcon.colcon_core.event_handler.log_command:Invoking command in '/home/ale/Proyecto_CPR/rosbot_ws/build/rosbot_localization': CMAKE_PREFIX_PATH=${CMAKE_PREFIX_PATH}:/home/ale/Proyecto_CPR/rosbot_ws/install/rosbot_gazebo:/home/ale/Proyecto_CPR/rosbot_ws/install/rosbot_controller:/home/ale/Proyecto_CPR/rosbot_ws/install/rosbot_utils:/opt/ros/humble /usr/bin/cmake --install /home/ale/Proyecto_CPR/rosbot_ws/build/rosbot_localization
[0.770s] DEBUG:colcon.colcon_core.event_handler.log_command:Invoked command in '/home/ale/Proyecto_CPR/rosbot_ws/build/husarion_gz_worlds' returned '0': CMAKE_PREFIX_PATH=${CMAKE_PREFIX_PATH}:/home/ale/Proyecto_CPR/rosbot_ws/install/rosbot_gazebo:/home/ale/Proyecto_CPR/rosbot_ws/install/rosbot_controller:/home/ale/Proyecto_CPR/rosbot_ws/install/rosbot_utils:/opt/ros/humble /usr/bin/cmake --build /home/ale/Proyecto_CPR/rosbot_ws/build/husarion_gz_worlds -- -j16 -l16
[0.771s] DEBUG:colcon.colcon_core.event_handler.log_command:Invoking command in '/home/ale/Proyecto_CPR/rosbot_ws/build/husarion_gz_worlds': CMAKE_PREFIX_PATH=${CMAKE_PREFIX_PATH}:/home/ale/Proyecto_CPR/rosbot_ws/install/rosbot_gazebo:/home/ale/Proyecto_CPR/rosbot_ws/install/rosbot_controller:/home/ale/Proyecto_CPR/rosbot_ws/install/rosbot_utils:/opt/ros/humble /usr/bin/cmake --install /home/ale/Proyecto_CPR/rosbot_ws/build/husarion_gz_worlds
[0.776s] DEBUG:colcon.colcon_core.event_handler.log_command:Invoked command in '/home/ale/Proyecto_CPR/rosbot_ws/build/husarion_components_description' returned '0': CMAKE_PREFIX_PATH=${CMAKE_PREFIX_PATH}:/home/ale/Proyecto_CPR/rosbot_ws/install/rosbot_gazebo:/home/ale/Proyecto_CPR/rosbot_ws/install/rosbot_controller:/home/ale/Proyecto_CPR/rosbot_ws/install/rosbot_utils:/opt/ros/humble /usr/bin/cmake --build /home/ale/Proyecto_CPR/rosbot_ws/build/husarion_components_description -- -j16 -l16
[0.781s] Level 1:colcon.colcon_core.environment:create_environment_scripts_only(rosbot_localization)
[0.782s] DEBUG:colcon.colcon_core.event_handler.log_command:Invoking command in '/home/ale/Proyecto_CPR/rosbot_ws/build/husarion_components_description': CMAKE_PREFIX_PATH=${CMAKE_PREFIX_PATH}:/home/ale/Proyecto_CPR/rosbot_ws/install/rosbot_gazebo:/home/ale/Proyecto_CPR/rosbot_ws/install/rosbot_controller:/home/ale/Proyecto_CPR/rosbot_ws/install/rosbot_utils:/opt/ros/humble /usr/bin/cmake --install /home/ale/Proyecto_CPR/rosbot_ws/build/husarion_components_description
[0.789s] DEBUG:colcon.colcon_core.event_handler.log_command:Invoked command in '/home/ale/Proyecto_CPR/rosbot_ws/build/rosbot_localization' returned '0': CMAKE_PREFIX_PATH=${CMAKE_PREFIX_PATH}:/home/ale/Proyecto_CPR/rosbot_ws/install/rosbot_gazebo:/home/ale/Proyecto_CPR/rosbot_ws/install/rosbot_controller:/home/ale/Proyecto_CPR/rosbot_ws/install/rosbot_utils:/opt/ros/humble /usr/bin/cmake --install /home/ale/Proyecto_CPR/rosbot_ws/build/rosbot_localization
[0.794s] Level 1:colcon.colcon_core.environment:checking '/home/ale/Proyecto_CPR/rosbot_ws/install/rosbot_localization' for CMake module files
[0.795s] Level 1:colcon.colcon_core.environment:checking '/home/ale/Proyecto_CPR/rosbot_ws/install/rosbot_localization' for CMake config files
[0.796s] Level 1:colcon.colcon_core.shell:create_environment_hook('rosbot_localization', 'cmake_prefix_path')
[0.796s] INFO:colcon.colcon_core.shell:Creating environment hook '/home/ale/Proyecto_CPR/rosbot_ws/install/rosbot_localization/share/rosbot_localization/hook/cmake_prefix_path.ps1'
[0.798s] INFO:colcon.colcon_core.shell:Creating environment descriptor '/home/ale/Proyecto_CPR/rosbot_ws/install/rosbot_localization/share/rosbot_localization/hook/cmake_prefix_path.dsv'
[0.798s] INFO:colcon.colcon_core.shell:Creating environment hook '/home/ale/Proyecto_CPR/rosbot_ws/install/rosbot_localization/share/rosbot_localization/hook/cmake_prefix_path.sh'
[0.800s] Level 1:colcon.colcon_core.environment:checking '/home/ale/Proyecto_CPR/rosbot_ws/install/rosbot_localization/bin'
[0.800s] Level 1:colcon.colcon_core.environment:checking '/home/ale/Proyecto_CPR/rosbot_ws/install/rosbot_localization/lib/pkgconfig/rosbot_localization.pc'
[0.800s] Level 1:colcon.colcon_core.environment:checking '/home/ale/Proyecto_CPR/rosbot_ws/install/rosbot_localization/lib/python3.10/site-packages'
[0.801s] Level 1:colcon.colcon_core.environment:checking '/home/ale/Proyecto_CPR/rosbot_ws/install/rosbot_localization/bin'
[0.801s] INFO:colcon.colcon_core.shell:Creating package script '/home/ale/Proyecto_CPR/rosbot_ws/install/rosbot_localization/share/rosbot_localization/package.ps1'
[0.803s] INFO:colcon.colcon_core.shell:Creating package descriptor '/home/ale/Proyecto_CPR/rosbot_ws/install/rosbot_localization/share/rosbot_localization/package.dsv'
[0.803s] INFO:colcon.colcon_core.shell:Creating package script '/home/ale/Proyecto_CPR/rosbot_ws/install/rosbot_localization/share/rosbot_localization/package.sh'
[0.804s] INFO:colcon.colcon_core.shell:Creating package script '/home/ale/Proyecto_CPR/rosbot_ws/install/rosbot_localization/share/rosbot_localization/package.bash'
[0.805s] INFO:colcon.colcon_core.shell:Creating package script '/home/ale/Proyecto_CPR/rosbot_ws/install/rosbot_localization/share/rosbot_localization/package.zsh'
[0.806s] Level 1:colcon.colcon_core.environment:create_file_with_runtime_dependencies(/home/ale/Proyecto_CPR/rosbot_ws/install/rosbot_localization/share/colcon-core/packages/rosbot_localization)
[0.807s] Level 1:colcon.colcon_core.environment:create_environment_scripts_only(rosbot_localization)
[0.807s] Level 1:colcon.colcon_core.environment:checking '/home/ale/Proyecto_CPR/rosbot_ws/install/rosbot_localization' for CMake module files
[0.808s] Level 1:colcon.colcon_core.environment:checking '/home/ale/Proyecto_CPR/rosbot_ws/install/rosbot_localization' for CMake config files
[0.808s] Level 1:colcon.colcon_core.shell:create_environment_hook('rosbot_localization', 'cmake_prefix_path')
[0.808s] INFO:colcon.colcon_core.shell:Creating environment hook '/home/ale/Proyecto_CPR/rosbot_ws/install/rosbot_localization/share/rosbot_localization/hook/cmake_prefix_path.ps1'
[0.809s] INFO:colcon.colcon_core.shell:Creating environment descriptor '/home/ale/Proyecto_CPR/rosbot_ws/install/rosbot_localization/share/rosbot_localization/hook/cmake_prefix_path.dsv'
[0.809s] INFO:colcon.colcon_core.shell:Creating environment hook '/home/ale/Proyecto_CPR/rosbot_ws/install/rosbot_localization/share/rosbot_localization/hook/cmake_prefix_path.sh'
[0.810s] Level 1:colcon.colcon_core.environment:checking '/home/ale/Proyecto_CPR/rosbot_ws/install/rosbot_localization/bin'
[0.810s] Level 1:colcon.colcon_core.environment:checking '/home/ale/Proyecto_CPR/rosbot_ws/install/rosbot_localization/lib/pkgconfig/rosbot_localization.pc'
[0.810s] Level 1:colcon.colcon_core.environment:checking '/home/ale/Proyecto_CPR/rosbot_ws/install/rosbot_localization/lib/python3.10/site-packages'
[0.811s] Level 1:colcon.colcon_core.environment:checking '/home/ale/Proyecto_CPR/rosbot_ws/install/rosbot_localization/bin'
[0.811s] INFO:colcon.colcon_core.shell:Creating package script '/home/ale/Proyecto_CPR/rosbot_ws/install/rosbot_localization/share/rosbot_localization/package.ps1'
[0.812s] INFO:colcon.colcon_core.shell:Creating package descriptor '/home/ale/Proyecto_CPR/rosbot_ws/install/rosbot_localization/share/rosbot_localization/package.dsv'
[0.812s] INFO:colcon.colcon_core.shell:Creating package script '/home/ale/Proyecto_CPR/rosbot_ws/install/rosbot_localization/share/rosbot_localization/package.sh'
[0.813s] INFO:colcon.colcon_core.shell:Creating package script '/home/ale/Proyecto_CPR/rosbot_ws/install/rosbot_localization/share/rosbot_localization/package.bash'
[0.813s] INFO:colcon.colcon_core.shell:Creating package script '/home/ale/Proyecto_CPR/rosbot_ws/install/rosbot_localization/share/rosbot_localization/package.zsh'
[0.814s] Level 1:colcon.colcon_core.environment:create_file_with_runtime_dependencies(/home/ale/Proyecto_CPR/rosbot_ws/install/rosbot_localization/share/colcon-core/packages/rosbot_localization)
[0.816s] DEBUG:colcon.colcon_core.event_handler.log_command:Invoked command in '/home/ale/Proyecto_CPR/rosbot_ws/build/dynamixel_hardware_interface' returned '0': CMAKE_PREFIX_PATH=${CMAKE_PREFIX_PATH}:/home/ale/Proyecto_CPR/rosbot_ws/install/rosbot_gazebo:/home/ale/Proyecto_CPR/rosbot_ws/install/rosbot_controller:/home/ale/Proyecto_CPR/rosbot_ws/install/rosbot_utils:/opt/ros/humble /usr/bin/cmake /home/ale/Proyecto_CPR/rosbot_ws/src/dynamixel_hardware_interface -DCMAKE_INSTALL_PREFIX=/home/ale/Proyecto_CPR/rosbot_ws/install/dynamixel_hardware_interface
[0.817s] DEBUG:colcon.colcon_core.event_handler.log_command:Invoking command in '/home/ale/Proyecto_CPR/rosbot_ws/build/dynamixel_hardware_interface': CMAKE_PREFIX_PATH=${CMAKE_PREFIX_PATH}:/home/ale/Proyecto_CPR/rosbot_ws/install/rosbot_gazebo:/home/ale/Proyecto_CPR/rosbot_ws/install/rosbot_controller:/home/ale/Proyecto_CPR/rosbot_ws/install/rosbot_utils:/opt/ros/humble /usr/bin/cmake --build /home/ale/Proyecto_CPR/rosbot_ws/build/dynamixel_hardware_interface -- -j16 -l16
[0.817s] Level 1:colcon.colcon_core.environment:create_environment_scripts_only(husarion_gz_worlds)
[0.818s] Level 1:colcon.colcon_core.environment:checking '/home/ale/Proyecto_CPR/rosbot_ws/install/husarion_gz_worlds' for CMake module files
[0.818s] DEBUG:colcon.colcon_core.event_handler.log_command:Invoked command in '/home/ale/Proyecto_CPR/rosbot_ws/build/husarion_gz_worlds' returned '0': CMAKE_PREFIX_PATH=${CMAKE_PREFIX_PATH}:/home/ale/Proyecto_CPR/rosbot_ws/install/rosbot_gazebo:/home/ale/Proyecto_CPR/rosbot_ws/install/rosbot_controller:/home/ale/Proyecto_CPR/rosbot_ws/install/rosbot_utils:/opt/ros/humble /usr/bin/cmake --install /home/ale/Proyecto_CPR/rosbot_ws/build/husarion_gz_worlds
[0.819s] Level 1:colcon.colcon_core.environment:checking '/home/ale/Proyecto_CPR/rosbot_ws/install/husarion_gz_worlds' for CMake config files
[0.820s] Level 1:colcon.colcon_core.shell:create_environment_hook('husarion_gz_worlds', 'cmake_prefix_path')
[0.820s] INFO:colcon.colcon_core.shell:Creating environment hook '/home/ale/Proyecto_CPR/rosbot_ws/install/husarion_gz_worlds/share/husarion_gz_worlds/hook/cmake_prefix_path.ps1'
[0.821s] INFO:colcon.colcon_core.shell:Creating environment descriptor '/home/ale/Proyecto_CPR/rosbot_ws/install/husarion_gz_worlds/share/husarion_gz_worlds/hook/cmake_prefix_path.dsv'
[0.821s] INFO:colcon.colcon_core.shell:Creating environment hook '/home/ale/Proyecto_CPR/rosbot_ws/install/husarion_gz_worlds/share/husarion_gz_worlds/hook/cmake_prefix_path.sh'
[0.822s] Level 1:colcon.colcon_core.environment:checking '/home/ale/Proyecto_CPR/rosbot_ws/install/husarion_gz_worlds/bin'
[0.822s] Level 1:colcon.colcon_core.environment:checking '/home/ale/Proyecto_CPR/rosbot_ws/install/husarion_gz_worlds/lib/pkgconfig/husarion_gz_worlds.pc'
[0.823s] Level 1:colcon.colcon_core.environment:checking '/home/ale/Proyecto_CPR/rosbot_ws/install/husarion_gz_worlds/lib/python3.10/site-packages'
[0.823s] Level 1:colcon.colcon_core.environment:checking '/home/ale/Proyecto_CPR/rosbot_ws/install/husarion_gz_worlds/bin'
[0.823s] INFO:colcon.colcon_core.shell:Creating package script '/home/ale/Proyecto_CPR/rosbot_ws/install/husarion_gz_worlds/share/husarion_gz_worlds/package.ps1'
[0.824s] INFO:colcon.colcon_core.shell:Creating package descriptor '/home/ale/Proyecto_CPR/rosbot_ws/install/husarion_gz_worlds/share/husarion_gz_worlds/package.dsv'
[0.825s] INFO:colcon.colcon_core.shell:Creating package script '/home/ale/Proyecto_CPR/rosbot_ws/install/husarion_gz_worlds/share/husarion_gz_worlds/package.sh'
[0.825s] INFO:colcon.colcon_core.shell:Creating package script '/home/ale/Proyecto_CPR/rosbot_ws/install/husarion_gz_worlds/share/husarion_gz_worlds/package.bash'
[0.826s] INFO:colcon.colcon_core.shell:Creating package script '/home/ale/Proyecto_CPR/rosbot_ws/install/husarion_gz_worlds/share/husarion_gz_worlds/package.zsh'
[0.826s] Level 1:colcon.colcon_core.environment:create_file_with_runtime_dependencies(/home/ale/Proyecto_CPR/rosbot_ws/install/husarion_gz_worlds/share/colcon-core/packages/husarion_gz_worlds)
[0.827s] Level 1:colcon.colcon_core.environment:create_environment_scripts_only(husarion_gz_worlds)
[0.827s] Level 1:colcon.colcon_core.environment:checking '/home/ale/Proyecto_CPR/rosbot_ws/install/husarion_gz_worlds' for CMake module files
[0.827s] Level 1:colcon.colcon_core.environment:checking '/home/ale/Proyecto_CPR/rosbot_ws/install/husarion_gz_worlds' for CMake config files
[0.828s] Level 1:colcon.colcon_core.shell:create_environment_hook('husarion_gz_worlds', 'cmake_prefix_path')
[0.828s] INFO:colcon.colcon_core.shell:Creating environment hook '/home/ale/Proyecto_CPR/rosbot_ws/install/husarion_gz_worlds/share/husarion_gz_worlds/hook/cmake_prefix_path.ps1'
[0.828s] INFO:colcon.colcon_core.shell:Creating environment descriptor '/home/ale/Proyecto_CPR/rosbot_ws/install/husarion_gz_worlds/share/husarion_gz_worlds/hook/cmake_prefix_path.dsv'
[0.829s] INFO:colcon.colcon_core.shell:Creating environment hook '/home/ale/Proyecto_CPR/rosbot_ws/install/husarion_gz_worlds/share/husarion_gz_worlds/hook/cmake_prefix_path.sh'
[0.829s] Level 1:colcon.colcon_core.environment:checking '/home/ale/Proyecto_CPR/rosbot_ws/install/husarion_gz_worlds/bin'
[0.829s] Level 1:colcon.colcon_core.environment:checking '/home/ale/Proyecto_CPR/rosbot_ws/install/husarion_gz_worlds/lib/pkgconfig/husarion_gz_worlds.pc'
[0.830s] Level 1:colcon.colcon_core.environment:checking '/home/ale/Proyecto_CPR/rosbot_ws/install/husarion_gz_worlds/lib/python3.10/site-packages'
[0.830s] Level 1:colcon.colcon_core.environment:checking '/home/ale/Proyecto_CPR/rosbot_ws/install/husarion_gz_worlds/bin'
[0.830s] INFO:colcon.colcon_core.shell:Creating package script '/home/ale/Proyecto_CPR/rosbot_ws/install/husarion_gz_worlds/share/husarion_gz_worlds/package.ps1'
[0.831s] INFO:colcon.colcon_core.shell:Creating package descriptor '/home/ale/Proyecto_CPR/rosbot_ws/install/husarion_gz_worlds/share/husarion_gz_worlds/package.dsv'
[0.832s] INFO:colcon.colcon_core.shell:Creating package script '/home/ale/Proyecto_CPR/rosbot_ws/install/husarion_gz_worlds/share/husarion_gz_worlds/package.sh'
[0.832s] INFO:colcon.colcon_core.shell:Creating package script '/home/ale/Proyecto_CPR/rosbot_ws/install/husarion_gz_worlds/share/husarion_gz_worlds/package.bash'
[0.833s] INFO:colcon.colcon_core.shell:Creating package script '/home/ale/Proyecto_CPR/rosbot_ws/install/husarion_gz_worlds/share/husarion_gz_worlds/package.zsh'
[0.833s] Level 1:colcon.colcon_core.environment:create_file_with_runtime_dependencies(/home/ale/Proyecto_CPR/rosbot_ws/install/husarion_gz_worlds/share/colcon-core/packages/husarion_gz_worlds)
[0.834s] Level 1:colcon.colcon_core.environment:create_environment_scripts_only(husarion_components_description)
[0.834s] Level 1:colcon.colcon_core.environment:checking '/home/ale/Proyecto_CPR/rosbot_ws/install/husarion_components_description' for CMake module files
[0.835s] DEBUG:colcon.colcon_core.event_handler.log_command:Invoked command in '/home/ale/Proyecto_CPR/rosbot_ws/build/husarion_components_description' returned '0': CMAKE_PREFIX_PATH=${CMAKE_PREFIX_PATH}:/home/ale/Proyecto_CPR/rosbot_ws/install/rosbot_gazebo:/home/ale/Proyecto_CPR/rosbot_ws/install/rosbot_controller:/home/ale/Proyecto_CPR/rosbot_ws/install/rosbot_utils:/opt/ros/humble /usr/bin/cmake --install /home/ale/Proyecto_CPR/rosbot_ws/build/husarion_components_description
[0.835s] Level 1:colcon.colcon_core.environment:checking '/home/ale/Proyecto_CPR/rosbot_ws/install/husarion_components_description' for CMake config files
[0.835s] Level 1:colcon.colcon_core.shell:create_environment_hook('husarion_components_description', 'cmake_prefix_path')
[0.835s] INFO:colcon.colcon_core.shell:Creating environment hook '/home/ale/Proyecto_CPR/rosbot_ws/install/husarion_components_description/share/husarion_components_description/hook/cmake_prefix_path.ps1'
[0.836s] INFO:colcon.colcon_core.shell:Creating environment descriptor '/home/ale/Proyecto_CPR/rosbot_ws/install/husarion_components_description/share/husarion_components_description/hook/cmake_prefix_path.dsv'
[0.836s] INFO:colcon.colcon_core.shell:Creating environment hook '/home/ale/Proyecto_CPR/rosbot_ws/install/husarion_components_description/share/husarion_components_description/hook/cmake_prefix_path.sh'
[0.836s] Level 1:colcon.colcon_core.environment:checking '/home/ale/Proyecto_CPR/rosbot_ws/install/husarion_components_description/bin'
[0.836s] Level 1:colcon.colcon_core.environment:checking '/home/ale/Proyecto_CPR/rosbot_ws/install/husarion_components_description/lib/pkgconfig/husarion_components_description.pc'
[0.837s] Level 1:colcon.colcon_core.environment:checking '/home/ale/Proyecto_CPR/rosbot_ws/install/husarion_components_description/lib/python3.10/site-packages'
[0.837s] Level 1:colcon.colcon_core.environment:checking '/home/ale/Proyecto_CPR/rosbot_ws/install/husarion_components_description/bin'
[0.837s] INFO:colcon.colcon_core.shell:Creating package script '/home/ale/Proyecto_CPR/rosbot_ws/install/husarion_components_description/share/husarion_components_description/package.ps1'
[0.837s] INFO:colcon.colcon_core.shell:Creating package descriptor '/home/ale/Proyecto_CPR/rosbot_ws/install/husarion_components_description/share/husarion_components_description/package.dsv'
[0.838s] INFO:colcon.colcon_core.shell:Creating package script '/home/ale/Proyecto_CPR/rosbot_ws/install/husarion_components_description/share/husarion_components_description/package.sh'
[0.838s] INFO:colcon.colcon_core.shell:Creating package script '/home/ale/Proyecto_CPR/rosbot_ws/install/husarion_components_description/share/husarion_components_description/package.bash'
[0.838s] INFO:colcon.colcon_core.shell:Creating package script '/home/ale/Proyecto_CPR/rosbot_ws/install/husarion_components_description/share/husarion_components_description/package.zsh'
[0.838s] Level 1:colcon.colcon_core.environment:create_file_with_runtime_dependencies(/home/ale/Proyecto_CPR/rosbot_ws/install/husarion_components_description/share/colcon-core/packages/husarion_components_description)
[0.839s] Level 1:colcon.colcon_core.environment:create_environment_scripts_only(husarion_components_description)
[0.839s] Level 1:colcon.colcon_core.environment:checking '/home/ale/Proyecto_CPR/rosbot_ws/install/husarion_components_description' for CMake module files
[0.839s] Level 1:colcon.colcon_core.environment:checking '/home/ale/Proyecto_CPR/rosbot_ws/install/husarion_components_description' for CMake config files
[0.839s] Level 1:colcon.colcon_core.shell:create_environment_hook('husarion_components_description', 'cmake_prefix_path')
[0.839s] INFO:colcon.colcon_core.shell:Creating environment hook '/home/ale/Proyecto_CPR/rosbot_ws/install/husarion_components_description/share/husarion_components_description/hook/cmake_prefix_path.ps1'
[0.840s] INFO:colcon.colcon_core.shell:Creating environment descriptor '/home/ale/Proyecto_CPR/rosbot_ws/install/husarion_components_description/share/husarion_components_description/hook/cmake_prefix_path.dsv'
[0.840s] INFO:colcon.colcon_core.shell:Creating environment hook '/home/ale/Proyecto_CPR/rosbot_ws/install/husarion_components_description/share/husarion_components_description/hook/cmake_prefix_path.sh'
[0.840s] Level 1:colcon.colcon_core.environment:checking '/home/ale/Proyecto_CPR/rosbot_ws/install/husarion_components_description/bin'
[0.840s] Level 1:colcon.colcon_core.environment:checking '/home/ale/Proyecto_CPR/rosbot_ws/install/husarion_components_description/lib/pkgconfig/husarion_components_description.pc'
[0.840s] Level 1:colcon.colcon_core.environment:checking '/home/ale/Proyecto_CPR/rosbot_ws/install/husarion_components_description/lib/python3.10/site-packages'
[0.841s] Level 1:colcon.colcon_core.environment:checking '/home/ale/Proyecto_CPR/rosbot_ws/install/husarion_components_description/bin'
[0.841s] INFO:colcon.colcon_core.shell:Creating package script '/home/ale/Proyecto_CPR/rosbot_ws/install/husarion_components_description/share/husarion_components_description/package.ps1'
[0.841s] INFO:colcon.colcon_core.shell:Creating package descriptor '/home/ale/Proyecto_CPR/rosbot_ws/install/husarion_components_description/share/husarion_components_description/package.dsv'
[0.842s] INFO:colcon.colcon_core.shell:Creating package script '/home/ale/Proyecto_CPR/rosbot_ws/install/husarion_components_description/share/husarion_components_description/package.sh'
[0.842s] INFO:colcon.colcon_core.shell:Creating package script '/home/ale/Proyecto_CPR/rosbot_ws/install/husarion_components_description/share/husarion_components_description/package.bash'
[0.842s] INFO:colcon.colcon_core.shell:Creating package script '/home/ale/Proyecto_CPR/rosbot_ws/install/husarion_components_description/share/husarion_components_description/package.zsh'
[0.842s] Level 1:colcon.colcon_core.environment:create_file_with_runtime_dependencies(/home/ale/Proyecto_CPR/rosbot_ws/install/husarion_components_description/share/colcon-core/packages/husarion_components_description)
[0.844s] DEBUG:colcon.colcon_core.event_handler.log_command:Invoked command in '/home/ale/Proyecto_CPR/rosbot_ws/build/mecanum_drive_controller' returned '0': CMAKE_PREFIX_PATH=${CMAKE_PREFIX_PATH}:/home/ale/Proyecto_CPR/rosbot_ws/install/rosbot_gazebo:/home/ale/Proyecto_CPR/rosbot_ws/install/rosbot_controller:/home/ale/Proyecto_CPR/rosbot_ws/install/rosbot_utils:/opt/ros/humble /usr/bin/cmake /home/ale/Proyecto_CPR/rosbot_ws/src/husarion_controllers/mecanum_drive_controller -DCMAKE_INSTALL_PREFIX=/home/ale/Proyecto_CPR/rosbot_ws/install/mecanum_drive_controller
[0.845s] DEBUG:colcon.colcon_core.event_handler.log_command:Invoking command in '/home/ale/Proyecto_CPR/rosbot_ws/build/mecanum_drive_controller': CMAKE_PREFIX_PATH=${CMAKE_PREFIX_PATH}:/home/ale/Proyecto_CPR/rosbot_ws/install/rosbot_gazebo:/home/ale/Proyecto_CPR/rosbot_ws/install/rosbot_controller:/home/ale/Proyecto_CPR/rosbot_ws/install/rosbot_utils:/opt/ros/humble /usr/bin/cmake --build /home/ale/Proyecto_CPR/rosbot_ws/build/mecanum_drive_controller -- -j16 -l16
[0.880s] DEBUG:colcon.colcon_core.event_handler.log_command:Invoked command in '/home/ale/Proyecto_CPR/rosbot_ws/build/dynamixel_hardware_interface' returned '0': CMAKE_PREFIX_PATH=${CMAKE_PREFIX_PATH}:/home/ale/Proyecto_CPR/rosbot_ws/install/rosbot_gazebo:/home/ale/Proyecto_CPR/rosbot_ws/install/rosbot_controller:/home/ale/Proyecto_CPR/rosbot_ws/install/rosbot_utils:/opt/ros/humble /usr/bin/cmake --build /home/ale/Proyecto_CPR/rosbot_ws/build/dynamixel_hardware_interface -- -j16 -l16
[0.882s] DEBUG:colcon.colcon_core.event_handler.log_command:Invoking command in '/home/ale/Proyecto_CPR/rosbot_ws/build/dynamixel_hardware_interface': CMAKE_PREFIX_PATH=${CMAKE_PREFIX_PATH}:/home/ale/Proyecto_CPR/rosbot_ws/install/rosbot_gazebo:/home/ale/Proyecto_CPR/rosbot_ws/install/rosbot_controller:/home/ale/Proyecto_CPR/rosbot_ws/install/rosbot_utils:/opt/ros/humble /usr/bin/cmake --install /home/ale/Proyecto_CPR/rosbot_ws/build/dynamixel_hardware_interface
[0.902s] Level 1:colcon.colcon_core.environment:create_environment_scripts_only(dynamixel_hardware_interface)
[0.903s] Level 1:colcon.colcon_core.environment:checking '/home/ale/Proyecto_CPR/rosbot_ws/install/dynamixel_hardware_interface' for CMake module files
[0.903s] DEBUG:colcon.colcon_core.event_handler.log_command:Invoked command in '/home/ale/Proyecto_CPR/rosbot_ws/build/dynamixel_hardware_interface' returned '0': CMAKE_PREFIX_PATH=${CMAKE_PREFIX_PATH}:/home/ale/Proyecto_CPR/rosbot_ws/install/rosbot_gazebo:/home/ale/Proyecto_CPR/rosbot_ws/install/rosbot_controller:/home/ale/Proyecto_CPR/rosbot_ws/install/rosbot_utils:/opt/ros/humble /usr/bin/cmake --install /home/ale/Proyecto_CPR/rosbot_ws/build/dynamixel_hardware_interface
[0.904s] Level 1:colcon.colcon_core.environment:checking '/home/ale/Proyecto_CPR/rosbot_ws/install/dynamixel_hardware_interface' for CMake config files
[0.904s] Level 1:colcon.colcon_core.shell:create_environment_hook('dynamixel_hardware_interface', 'cmake_prefix_path')
[0.904s] INFO:colcon.colcon_core.shell:Creating environment hook '/home/ale/Proyecto_CPR/rosbot_ws/install/dynamixel_hardware_interface/share/dynamixel_hardware_interface/hook/cmake_prefix_path.ps1'
[0.905s] INFO:colcon.colcon_core.shell:Creating environment descriptor '/home/ale/Proyecto_CPR/rosbot_ws/install/dynamixel_hardware_interface/share/dynamixel_hardware_interface/hook/cmake_prefix_path.dsv'
[0.905s] INFO:colcon.colcon_core.shell:Creating environment hook '/home/ale/Proyecto_CPR/rosbot_ws/install/dynamixel_hardware_interface/share/dynamixel_hardware_interface/hook/cmake_prefix_path.sh'
[0.906s] Level 1:colcon.colcon_core.environment:checking '/home/ale/Proyecto_CPR/rosbot_ws/install/dynamixel_hardware_interface/lib'
[0.906s] Level 1:colcon.colcon_core.shell:create_environment_hook('dynamixel_hardware_interface', 'ld_library_path_lib')
[0.906s] INFO:colcon.colcon_core.shell:Creating environment hook '/home/ale/Proyecto_CPR/rosbot_ws/install/dynamixel_hardware_interface/share/dynamixel_hardware_interface/hook/ld_library_path_lib.ps1'
[0.906s] INFO:colcon.colcon_core.shell:Creating environment descriptor '/home/ale/Proyecto_CPR/rosbot_ws/install/dynamixel_hardware_interface/share/dynamixel_hardware_interface/hook/ld_library_path_lib.dsv'
[0.907s] INFO:colcon.colcon_core.shell:Creating environment hook '/home/ale/Proyecto_CPR/rosbot_ws/install/dynamixel_hardware_interface/share/dynamixel_hardware_interface/hook/ld_library_path_lib.sh'
[0.907s] Level 1:colcon.colcon_core.environment:checking '/home/ale/Proyecto_CPR/rosbot_ws/install/dynamixel_hardware_interface/bin'
[0.907s] Level 1:colcon.colcon_core.environment:checking '/home/ale/Proyecto_CPR/rosbot_ws/install/dynamixel_hardware_interface/lib/pkgconfig/dynamixel_hardware_interface.pc'
[0.907s] Level 1:colcon.colcon_core.environment:checking '/home/ale/Proyecto_CPR/rosbot_ws/install/dynamixel_hardware_interface/lib/python3.10/site-packages'
[0.907s] Level 1:colcon.colcon_core.environment:checking '/home/ale/Proyecto_CPR/rosbot_ws/install/dynamixel_hardware_interface/bin'
[0.907s] INFO:colcon.colcon_core.shell:Creating package script '/home/ale/Proyecto_CPR/rosbot_ws/install/dynamixel_hardware_interface/share/dynamixel_hardware_interface/package.ps1'
[0.908s] INFO:colcon.colcon_core.shell:Creating package descriptor '/home/ale/Proyecto_CPR/rosbot_ws/install/dynamixel_hardware_interface/share/dynamixel_hardware_interface/package.dsv'
[0.908s] INFO:colcon.colcon_core.shell:Creating package script '/home/ale/Proyecto_CPR/rosbot_ws/install/dynamixel_hardware_interface/share/dynamixel_hardware_interface/package.sh'
[0.908s] INFO:colcon.colcon_core.shell:Creating package script '/home/ale/Proyecto_CPR/rosbot_ws/install/dynamixel_hardware_interface/share/dynamixel_hardware_interface/package.bash'
[0.909s] INFO:colcon.colcon_core.shell:Creating package script '/home/ale/Proyecto_CPR/rosbot_ws/install/dynamixel_hardware_interface/share/dynamixel_hardware_interface/package.zsh'
[0.909s] Level 1:colcon.colcon_core.environment:create_file_with_runtime_dependencies(/home/ale/Proyecto_CPR/rosbot_ws/install/dynamixel_hardware_interface/share/colcon-core/packages/dynamixel_hardware_interface)
[0.909s] Level 1:colcon.colcon_core.environment:create_environment_scripts_only(dynamixel_hardware_interface)
[0.909s] Level 1:colcon.colcon_core.environment:checking '/home/ale/Proyecto_CPR/rosbot_ws/install/dynamixel_hardware_interface' for CMake module files
[0.910s] Level 1:colcon.colcon_core.environment:checking '/home/ale/Proyecto_CPR/rosbot_ws/install/dynamixel_hardware_interface' for CMake config files
[0.910s] Level 1:colcon.colcon_core.shell:create_environment_hook('dynamixel_hardware_interface', 'cmake_prefix_path')
[0.910s] INFO:colcon.colcon_core.shell:Creating environment hook '/home/ale/Proyecto_CPR/rosbot_ws/install/dynamixel_hardware_interface/share/dynamixel_hardware_interface/hook/cmake_prefix_path.ps1'
[0.910s] INFO:colcon.colcon_core.shell:Creating environment descriptor '/home/ale/Proyecto_CPR/rosbot_ws/install/dynamixel_hardware_interface/share/dynamixel_hardware_interface/hook/cmake_prefix_path.dsv'
[0.910s] INFO:colcon.colcon_core.shell:Creating environment hook '/home/ale/Proyecto_CPR/rosbot_ws/install/dynamixel_hardware_interface/share/dynamixel_hardware_interface/hook/cmake_prefix_path.sh'
[0.911s] Level 1:colcon.colcon_core.environment:checking '/home/ale/Proyecto_CPR/rosbot_ws/install/dynamixel_hardware_interface/lib'
[0.911s] Level 1:colcon.colcon_core.shell:create_environment_hook('dynamixel_hardware_interface', 'ld_library_path_lib')
[0.911s] INFO:colcon.colcon_core.shell:Creating environment hook '/home/ale/Proyecto_CPR/rosbot_ws/install/dynamixel_hardware_interface/share/dynamixel_hardware_interface/hook/ld_library_path_lib.ps1'
[0.911s] INFO:colcon.colcon_core.shell:Creating environment descriptor '/home/ale/Proyecto_CPR/rosbot_ws/install/dynamixel_hardware_interface/share/dynamixel_hardware_interface/hook/ld_library_path_lib.dsv'
[0.912s] INFO:colcon.colcon_core.shell:Creating environment hook '/home/ale/Proyecto_CPR/rosbot_ws/install/dynamixel_hardware_interface/share/dynamixel_hardware_interface/hook/ld_library_path_lib.sh'
[0.912s] Level 1:colcon.colcon_core.environment:checking '/home/ale/Proyecto_CPR/rosbot_ws/install/dynamixel_hardware_interface/bin'
[0.912s] Level 1:colcon.colcon_core.environment:checking '/home/ale/Proyecto_CPR/rosbot_ws/install/dynamixel_hardware_interface/lib/pkgconfig/dynamixel_hardware_interface.pc'
[0.913s] Level 1:colcon.colcon_core.environment:checking '/home/ale/Proyecto_CPR/rosbot_ws/install/dynamixel_hardware_interface/lib/python3.10/site-packages'
[0.913s] Level 1:colcon.colcon_core.environment:checking '/home/ale/Proyecto_CPR/rosbot_ws/install/dynamixel_hardware_interface/bin'
[0.913s] INFO:colcon.colcon_core.shell:Creating package script '/home/ale/Proyecto_CPR/rosbot_ws/install/dynamixel_hardware_interface/share/dynamixel_hardware_interface/package.ps1'
[0.913s] INFO:colcon.colcon_core.shell:Creating package descriptor '/home/ale/Proyecto_CPR/rosbot_ws/install/dynamixel_hardware_interface/share/dynamixel_hardware_interface/package.dsv'
[0.914s] INFO:colcon.colcon_core.shell:Creating package script '/home/ale/Proyecto_CPR/rosbot_ws/install/dynamixel_hardware_interface/share/dynamixel_hardware_interface/package.sh'
[0.914s] INFO:colcon.colcon_core.shell:Creating package script '/home/ale/Proyecto_CPR/rosbot_ws/install/dynamixel_hardware_interface/share/dynamixel_hardware_interface/package.bash'
[0.914s] INFO:colcon.colcon_core.shell:Creating package script '/home/ale/Proyecto_CPR/rosbot_ws/install/dynamixel_hardware_interface/share/dynamixel_hardware_interface/package.zsh'
[0.914s] Level 1:colcon.colcon_core.environment:create_file_with_runtime_dependencies(/home/ale/Proyecto_CPR/rosbot_ws/install/dynamixel_hardware_interface/share/colcon-core/packages/dynamixel_hardware_interface)
[0.915s] INFO:colcon.colcon_ros.task.ament_cmake.build:Building ROS package in '/home/ale/Proyecto_CPR/rosbot_ws/src/open_manipulator_x/open_manipulator_x_description' with build type 'ament_cmake'
[0.915s] INFO:colcon.colcon_cmake.task.cmake.build:Building CMake package in '/home/ale/Proyecto_CPR/rosbot_ws/src/open_manipulator_x/open_manipulator_x_description'
[0.915s] INFO:colcon.colcon_core.shell:Skip shell extension 'powershell' for command environment: Not usable outside of PowerShell
[0.915s] DEBUG:colcon.colcon_core.shell:Skip shell extension 'dsv' for command environment
[0.920s] DEBUG:colcon.colcon_core.event_handler.log_command:Invoked command in '/home/ale/Proyecto_CPR/rosbot_ws/build/mecanum_drive_controller' returned '0': CMAKE_PREFIX_PATH=${CMAKE_PREFIX_PATH}:/home/ale/Proyecto_CPR/rosbot_ws/install/rosbot_gazebo:/home/ale/Proyecto_CPR/rosbot_ws/install/rosbot_controller:/home/ale/Proyecto_CPR/rosbot_ws/install/rosbot_utils:/opt/ros/humble /usr/bin/cmake --build /home/ale/Proyecto_CPR/rosbot_ws/build/mecanum_drive_controller -- -j16 -l16
[0.921s] DEBUG:colcon.colcon_core.event_handler.log_command:Invoking command in '/home/ale/Proyecto_CPR/rosbot_ws/build/mecanum_drive_controller': CMAKE_PREFIX_PATH=${CMAKE_PREFIX_PATH}:/home/ale/Proyecto_CPR/rosbot_ws/install/rosbot_gazebo:/home/ale/Proyecto_CPR/rosbot_ws/install/rosbot_controller:/home/ale/Proyecto_CPR/rosbot_ws/install/rosbot_utils:/opt/ros/humble /usr/bin/cmake --install /home/ale/Proyecto_CPR/rosbot_ws/build/mecanum_drive_controller
[0.924s] DEBUG:colcon.colcon_core.event_handler.log_command:Invoking command in '/home/ale/Proyecto_CPR/rosbot_ws/build/open_manipulator_x_description': CMAKE_PREFIX_PATH=/home/ale/Proyecto_CPR/rosbot_ws/install/dynamixel_hardware_interface:/home/ale/Proyecto_CPR/rosbot_ws/install/rosbot_localization:/home/ale/Proyecto_CPR/rosbot_ws/install/open_manipulator_x_moveit:/home/ale/Proyecto_CPR/rosbot_ws/install/rosbot_description:/home/ale/Proyecto_CPR/rosbot_ws/install/rosbot:/home/ale/Proyecto_CPR/rosbot_ws/install/open_manipulator_x_joy:/home/ale/Proyecto_CPR/rosbot_ws/install/open_manipulator_x_description:/home/ale/Proyecto_CPR/rosbot_ws/install/mecanum_drive_controller:/home/ale/Proyecto_CPR/rosbot_ws/install/husarion_gz_worlds:/home/ale/Proyecto_CPR/rosbot_ws/install/husarion_components_description:/home/ale/Proyecto_CPR/rosbot_ws/install/controldesc_pkg:/home/ale/Proyecto_CPR/rosbot_ws/install/rosbot_gazebo:/home/ale/Proyecto_CPR/rosbot_ws/install/rosbot_controller:/home/ale/Proyecto_CPR/rosbot_ws/install/rosbot_utils:/opt/ros/humble LD_LIBRARY_PATH=/home/ale/Proyecto_CPR/rosbot_ws/install/dynamixel_hardware_interface/lib:/home/ale/Proyecto_CPR/rosbot_ws/install/mecanum_drive_controller/lib:/usr/lib/x86_64-linux-gnu/gazebo-11/plugins:/opt/ros/humble/opt/rviz_ogre_vendor/lib:/opt/ros/humble/lib/x86_64-linux-gnu:/opt/ros/humble/opt/libphidget22/lib:/opt/ros/humble/lib:/usr/lib/x86_64-linux-gnu/gazebo-11/plugins /usr/bin/cmake /home/ale/Proyecto_CPR/rosbot_ws/src/open_manipulator_x/open_manipulator_x_description -DCMAKE_INSTALL_PREFIX=/home/ale/Proyecto_CPR/rosbot_ws/install/open_manipulator_x_description
[0.937s] Level 1:colcon.colcon_core.environment:create_environment_scripts_only(mecanum_drive_controller)
[0.937s] Level 1:colcon.colcon_core.environment:checking '/home/ale/Proyecto_CPR/rosbot_ws/install/mecanum_drive_controller' for CMake module files
[0.938s] DEBUG:colcon.colcon_core.event_handler.log_command:Invoked command in '/home/ale/Proyecto_CPR/rosbot_ws/build/mecanum_drive_controller' returned '0': CMAKE_PREFIX_PATH=${CMAKE_PREFIX_PATH}:/home/ale/Proyecto_CPR/rosbot_ws/install/rosbot_gazebo:/home/ale/Proyecto_CPR/rosbot_ws/install/rosbot_controller:/home/ale/Proyecto_CPR/rosbot_ws/install/rosbot_utils:/opt/ros/humble /usr/bin/cmake --install /home/ale/Proyecto_CPR/rosbot_ws/build/mecanum_drive_controller
[0.938s] Level 1:colcon.colcon_core.environment:checking '/home/ale/Proyecto_CPR/rosbot_ws/install/mecanum_drive_controller' for CMake config files
[0.938s] Level 1:colcon.colcon_core.shell:create_environment_hook('mecanum_drive_controller', 'cmake_prefix_path')
[0.938s] INFO:colcon.colcon_core.shell:Creating environment hook '/home/ale/Proyecto_CPR/rosbot_ws/install/mecanum_drive_controller/share/mecanum_drive_controller/hook/cmake_prefix_path.ps1'
[0.939s] INFO:colcon.colcon_core.shell:Creating environment descriptor '/home/ale/Proyecto_CPR/rosbot_ws/install/mecanum_drive_controller/share/mecanum_drive_controller/hook/cmake_prefix_path.dsv'
[0.939s] INFO:colcon.colcon_core.shell:Creating environment hook '/home/ale/Proyecto_CPR/rosbot_ws/install/mecanum_drive_controller/share/mecanum_drive_controller/hook/cmake_prefix_path.sh'
[0.939s] Level 1:colcon.colcon_core.environment:checking '/home/ale/Proyecto_CPR/rosbot_ws/install/mecanum_drive_controller/lib'
[0.939s] Level 1:colcon.colcon_core.shell:create_environment_hook('mecanum_drive_controller', 'ld_library_path_lib')
[0.940s] INFO:colcon.colcon_core.shell:Creating environment hook '/home/ale/Proyecto_CPR/rosbot_ws/install/mecanum_drive_controller/share/mecanum_drive_controller/hook/ld_library_path_lib.ps1'
[0.940s] INFO:colcon.colcon_core.shell:Creating environment descriptor '/home/ale/Proyecto_CPR/rosbot_ws/install/mecanum_drive_controller/share/mecanum_drive_controller/hook/ld_library_path_lib.dsv'
[0.940s] INFO:colcon.colcon_core.shell:Creating environment hook '/home/ale/Proyecto_CPR/rosbot_ws/install/mecanum_drive_controller/share/mecanum_drive_controller/hook/ld_library_path_lib.sh'
[0.940s] Level 1:colcon.colcon_core.environment:checking '/home/ale/Proyecto_CPR/rosbot_ws/install/mecanum_drive_controller/bin'
[0.940s] Level 1:colcon.colcon_core.environment:checking '/home/ale/Proyecto_CPR/rosbot_ws/install/mecanum_drive_controller/lib/pkgconfig/mecanum_drive_controller.pc'
[0.940s] Level 1:colcon.colcon_core.environment:checking '/home/ale/Proyecto_CPR/rosbot_ws/install/mecanum_drive_controller/lib/python3.10/site-packages'
[0.941s] Level 1:colcon.colcon_core.environment:checking '/home/ale/Proyecto_CPR/rosbot_ws/install/mecanum_drive_controller/bin'
[0.941s] INFO:colcon.colcon_core.shell:Creating package script '/home/ale/Proyecto_CPR/rosbot_ws/install/mecanum_drive_controller/share/mecanum_drive_controller/package.ps1'
[0.941s] INFO:colcon.colcon_core.shell:Creating package descriptor '/home/ale/Proyecto_CPR/rosbot_ws/install/mecanum_drive_controller/share/mecanum_drive_controller/package.dsv'
[0.942s] INFO:colcon.colcon_core.shell:Creating package script '/home/ale/Proyecto_CPR/rosbot_ws/install/mecanum_drive_controller/share/mecanum_drive_controller/package.sh'
[0.942s] INFO:colcon.colcon_core.shell:Creating package script '/home/ale/Proyecto_CPR/rosbot_ws/install/mecanum_drive_controller/share/mecanum_drive_controller/package.bash'
[0.942s] INFO:colcon.colcon_core.shell:Creating package script '/home/ale/Proyecto_CPR/rosbot_ws/install/mecanum_drive_controller/share/mecanum_drive_controller/package.zsh'
[0.943s] Level 1:colcon.colcon_core.environment:create_file_with_runtime_dependencies(/home/ale/Proyecto_CPR/rosbot_ws/install/mecanum_drive_controller/share/colcon-core/packages/mecanum_drive_controller)
[0.943s] Level 1:colcon.colcon_core.environment:create_environment_scripts_only(mecanum_drive_controller)
[0.944s] Level 1:colcon.colcon_core.environment:checking '/home/ale/Proyecto_CPR/rosbot_ws/install/mecanum_drive_controller' for CMake module files
[0.944s] Level 1:colcon.colcon_core.environment:checking '/home/ale/Proyecto_CPR/rosbot_ws/install/mecanum_drive_controller' for CMake config files
[0.945s] Level 1:colcon.colcon_core.shell:create_environment_hook('mecanum_drive_controller', 'cmake_prefix_path')
[0.945s] INFO:colcon.colcon_core.shell:Creating environment hook '/home/ale/Proyecto_CPR/rosbot_ws/install/mecanum_drive_controller/share/mecanum_drive_controller/hook/cmake_prefix_path.ps1'
[0.946s] INFO:colcon.colcon_core.shell:Creating environment descriptor '/home/ale/Proyecto_CPR/rosbot_ws/install/mecanum_drive_controller/share/mecanum_drive_controller/hook/cmake_prefix_path.dsv'
[0.946s] INFO:colcon.colcon_core.shell:Creating environment hook '/home/ale/Proyecto_CPR/rosbot_ws/install/mecanum_drive_controller/share/mecanum_drive_controller/hook/cmake_prefix_path.sh'
[0.947s] Level 1:colcon.colcon_core.environment:checking '/home/ale/Proyecto_CPR/rosbot_ws/install/mecanum_drive_controller/lib'
[0.947s] Level 1:colcon.colcon_core.shell:create_environment_hook('mecanum_drive_controller', 'ld_library_path_lib')
[0.947s] INFO:colcon.colcon_core.shell:Creating environment hook '/home/ale/Proyecto_CPR/rosbot_ws/install/mecanum_drive_controller/share/mecanum_drive_controller/hook/ld_library_path_lib.ps1'
[0.948s] INFO:colcon.colcon_core.shell:Creating environment descriptor '/home/ale/Proyecto_CPR/rosbot_ws/install/mecanum_drive_controller/share/mecanum_drive_controller/hook/ld_library_path_lib.dsv'
[0.948s] INFO:colcon.colcon_core.shell:Creating environment hook '/home/ale/Proyecto_CPR/rosbot_ws/install/mecanum_drive_controller/share/mecanum_drive_controller/hook/ld_library_path_lib.sh'
[0.949s] Level 1:colcon.colcon_core.environment:checking '/home/ale/Proyecto_CPR/rosbot_ws/install/mecanum_drive_controller/bin'
[0.949s] Level 1:colcon.colcon_core.environment:checking '/home/ale/Proyecto_CPR/rosbot_ws/install/mecanum_drive_controller/lib/pkgconfig/mecanum_drive_controller.pc'
[0.949s] Level 1:colcon.colcon_core.environment:checking '/home/ale/Proyecto_CPR/rosbot_ws/install/mecanum_drive_controller/lib/python3.10/site-packages'
[0.950s] Level 1:colcon.colcon_core.environment:checking '/home/ale/Proyecto_CPR/rosbot_ws/install/mecanum_drive_controller/bin'
[0.950s] INFO:colcon.colcon_core.shell:Creating package script '/home/ale/Proyecto_CPR/rosbot_ws/install/mecanum_drive_controller/share/mecanum_drive_controller/package.ps1'
[0.951s] INFO:colcon.colcon_core.shell:Creating package descriptor '/home/ale/Proyecto_CPR/rosbot_ws/install/mecanum_drive_controller/share/mecanum_drive_controller/package.dsv'
[0.952s] INFO:colcon.colcon_core.shell:Creating package script '/home/ale/Proyecto_CPR/rosbot_ws/install/mecanum_drive_controller/share/mecanum_drive_controller/package.sh'
[0.952s] INFO:colcon.colcon_core.shell:Creating package script '/home/ale/Proyecto_CPR/rosbot_ws/install/mecanum_drive_controller/share/mecanum_drive_controller/package.bash'
[0.952s] INFO:colcon.colcon_core.shell:Creating package script '/home/ale/Proyecto_CPR/rosbot_ws/install/mecanum_drive_controller/share/mecanum_drive_controller/package.zsh'
[0.952s] Level 1:colcon.colcon_core.environment:create_file_with_runtime_dependencies(/home/ale/Proyecto_CPR/rosbot_ws/install/mecanum_drive_controller/share/colcon-core/packages/mecanum_drive_controller)
[1.024s] DEBUG:colcon.colcon_core.event_handler.log_command:Invoking command in '/home/ale/Proyecto_CPR/rosbot_ws/build/rosbot_utils': PYTHONPATH=/home/ale/Proyecto_CPR/rosbot_ws/build/rosbot_utils/prefix_override:/usr/lib/python3/dist-packages/colcon_core/task/python/colcon_distutils_commands:/home/ale/Proyecto_CPR/rosbot_ws/install/rosbot_utils/lib/python3.10/site-packages:${PYTHONPATH} /usr/bin/python3 -W ignore:setup.py install is deprecated -W ignore:easy_install command is deprecated setup.py develop --uninstall --editable --build-directory /home/ale/Proyecto_CPR/rosbot_ws/build/rosbot_utils/build
[1.025s] DEBUG:colcon.colcon_core.event_handler.log_command:Invoking command in '/home/ale/Proyecto_CPR/rosbot_ws/src/rosbot_ros/rosbot_bringup': PYTHONPATH=/home/ale/Proyecto_CPR/rosbot_ws/build/rosbot_bringup/prefix_override:/usr/lib/python3/dist-packages/colcon_core/task/python/colcon_distutils_commands:/home/ale/Proyecto_CPR/rosbot_ws/install/rosbot_bringup/lib/python3.10/site-packages:${PYTHONPATH} /usr/bin/python3 -W ignore:setup.py install is deprecated -W ignore:easy_install command is deprecated setup.py egg_info --egg-base ../../../build/rosbot_bringup build --build-base /home/ale/Proyecto_CPR/rosbot_ws/build/rosbot_bringup/build install --record /home/ale/Proyecto_CPR/rosbot_ws/build/rosbot_bringup/install.log --single-version-externally-managed install_data
[1.089s] DEBUG:colcon.colcon_core.event_handler.log_command:Invoked command in '/home/ale/Proyecto_CPR/rosbot_ws/build/open_manipulator_x_description' returned '0': CMAKE_PREFIX_PATH=/home/ale/Proyecto_CPR/rosbot_ws/install/dynamixel_hardware_interface:/home/ale/Proyecto_CPR/rosbot_ws/install/rosbot_localization:/home/ale/Proyecto_CPR/rosbot_ws/install/open_manipulator_x_moveit:/home/ale/Proyecto_CPR/rosbot_ws/install/rosbot_description:/home/ale/Proyecto_CPR/rosbot_ws/install/rosbot:/home/ale/Proyecto_CPR/rosbot_ws/install/open_manipulator_x_joy:/home/ale/Proyecto_CPR/rosbot_ws/install/open_manipulator_x_description:/home/ale/Proyecto_CPR/rosbot_ws/install/mecanum_drive_controller:/home/ale/Proyecto_CPR/rosbot_ws/install/husarion_gz_worlds:/home/ale/Proyecto_CPR/rosbot_ws/install/husarion_components_description:/home/ale/Proyecto_CPR/rosbot_ws/install/controldesc_pkg:/home/ale/Proyecto_CPR/rosbot_ws/install/rosbot_gazebo:/home/ale/Proyecto_CPR/rosbot_ws/install/rosbot_controller:/home/ale/Proyecto_CPR/rosbot_ws/install/rosbot_utils:/opt/ros/humble LD_LIBRARY_PATH=/home/ale/Proyecto_CPR/rosbot_ws/install/dynamixel_hardware_interface/lib:/home/ale/Proyecto_CPR/rosbot_ws/install/mecanum_drive_controller/lib:/usr/lib/x86_64-linux-gnu/gazebo-11/plugins:/opt/ros/humble/opt/rviz_ogre_vendor/lib:/opt/ros/humble/lib/x86_64-linux-gnu:/opt/ros/humble/opt/libphidget22/lib:/opt/ros/humble/lib:/usr/lib/x86_64-linux-gnu/gazebo-11/plugins /usr/bin/cmake /home/ale/Proyecto_CPR/rosbot_ws/src/open_manipulator_x/open_manipulator_x_description -DCMAKE_INSTALL_PREFIX=/home/ale/Proyecto_CPR/rosbot_ws/install/open_manipulator_x_description
[1.090s] DEBUG:colcon.colcon_core.event_handler.log_command:Invoking command in '/home/ale/Proyecto_CPR/rosbot_ws/build/open_manipulator_x_description': CMAKE_PREFIX_PATH=/home/ale/Proyecto_CPR/rosbot_ws/install/dynamixel_hardware_interface:/home/ale/Proyecto_CPR/rosbot_ws/install/rosbot_localization:/home/ale/Proyecto_CPR/rosbot_ws/install/open_manipulator_x_moveit:/home/ale/Proyecto_CPR/rosbot_ws/install/rosbot_description:/home/ale/Proyecto_CPR/rosbot_ws/install/rosbot:/home/ale/Proyecto_CPR/rosbot_ws/install/open_manipulator_x_joy:/home/ale/Proyecto_CPR/rosbot_ws/install/open_manipulator_x_description:/home/ale/Proyecto_CPR/rosbot_ws/install/mecanum_drive_controller:/home/ale/Proyecto_CPR/rosbot_ws/install/husarion_gz_worlds:/home/ale/Proyecto_CPR/rosbot_ws/install/husarion_components_description:/home/ale/Proyecto_CPR/rosbot_ws/install/controldesc_pkg:/home/ale/Proyecto_CPR/rosbot_ws/install/rosbot_gazebo:/home/ale/Proyecto_CPR/rosbot_ws/install/rosbot_controller:/home/ale/Proyecto_CPR/rosbot_ws/install/rosbot_utils:/opt/ros/humble LD_LIBRARY_PATH=/home/ale/Proyecto_CPR/rosbot_ws/install/dynamixel_hardware_interface/lib:/home/ale/Proyecto_CPR/rosbot_ws/install/mecanum_drive_controller/lib:/usr/lib/x86_64-linux-gnu/gazebo-11/plugins:/opt/ros/humble/opt/rviz_ogre_vendor/lib:/opt/ros/humble/lib/x86_64-linux-gnu:/opt/ros/humble/opt/libphidget22/lib:/opt/ros/humble/lib:/usr/lib/x86_64-linux-gnu/gazebo-11/plugins /usr/bin/cmake --build /home/ale/Proyecto_CPR/rosbot_ws/build/open_manipulator_x_description -- -j16 -l16
[1.118s] DEBUG:colcon.colcon_core.event_handler.log_command:Invoked command in '/home/ale/Proyecto_CPR/rosbot_ws/build/open_manipulator_x_description' returned '0': CMAKE_PREFIX_PATH=/home/ale/Proyecto_CPR/rosbot_ws/install/dynamixel_hardware_interface:/home/ale/Proyecto_CPR/rosbot_ws/install/rosbot_localization:/home/ale/Proyecto_CPR/rosbot_ws/install/open_manipulator_x_moveit:/home/ale/Proyecto_CPR/rosbot_ws/install/rosbot_description:/home/ale/Proyecto_CPR/rosbot_ws/install/rosbot:/home/ale/Proyecto_CPR/rosbot_ws/install/open_manipulator_x_joy:/home/ale/Proyecto_CPR/rosbot_ws/install/open_manipulator_x_description:/home/ale/Proyecto_CPR/rosbot_ws/install/mecanum_drive_controller:/home/ale/Proyecto_CPR/rosbot_ws/install/husarion_gz_worlds:/home/ale/Proyecto_CPR/rosbot_ws/install/husarion_components_description:/home/ale/Proyecto_CPR/rosbot_ws/install/controldesc_pkg:/home/ale/Proyecto_CPR/rosbot_ws/install/rosbot_gazebo:/home/ale/Proyecto_CPR/rosbot_ws/install/rosbot_controller:/home/ale/Proyecto_CPR/rosbot_ws/install/rosbot_utils:/opt/ros/humble LD_LIBRARY_PATH=/home/ale/Proyecto_CPR/rosbot_ws/install/dynamixel_hardware_interface/lib:/home/ale/Proyecto_CPR/rosbot_ws/install/mecanum_drive_controller/lib:/usr/lib/x86_64-linux-gnu/gazebo-11/plugins:/opt/ros/humble/opt/rviz_ogre_vendor/lib:/opt/ros/humble/lib/x86_64-linux-gnu:/opt/ros/humble/opt/libphidget22/lib:/opt/ros/humble/lib:/usr/lib/x86_64-linux-gnu/gazebo-11/plugins /usr/bin/cmake --build /home/ale/Proyecto_CPR/rosbot_ws/build/open_manipulator_x_description -- -j16 -l16
[1.120s] DEBUG:colcon.colcon_core.event_handler.log_command:Invoking command in '/home/ale/Proyecto_CPR/rosbot_ws/build/open_manipulator_x_description': CMAKE_PREFIX_PATH=/home/ale/Proyecto_CPR/rosbot_ws/install/dynamixel_hardware_interface:/home/ale/Proyecto_CPR/rosbot_ws/install/rosbot_localization:/home/ale/Proyecto_CPR/rosbot_ws/install/open_manipulator_x_moveit:/home/ale/Proyecto_CPR/rosbot_ws/install/rosbot_description:/home/ale/Proyecto_CPR/rosbot_ws/install/rosbot:/home/ale/Proyecto_CPR/rosbot_ws/install/open_manipulator_x_joy:/home/ale/Proyecto_CPR/rosbot_ws/install/open_manipulator_x_description:/home/ale/Proyecto_CPR/rosbot_ws/install/mecanum_drive_controller:/home/ale/Proyecto_CPR/rosbot_ws/install/husarion_gz_worlds:/home/ale/Proyecto_CPR/rosbot_ws/install/husarion_components_description:/home/ale/Proyecto_CPR/rosbot_ws/install/controldesc_pkg:/home/ale/Proyecto_CPR/rosbot_ws/install/rosbot_gazebo:/home/ale/Proyecto_CPR/rosbot_ws/install/rosbot_controller:/home/ale/Proyecto_CPR/rosbot_ws/install/rosbot_utils:/opt/ros/humble LD_LIBRARY_PATH=/home/ale/Proyecto_CPR/rosbot_ws/install/dynamixel_hardware_interface/lib:/home/ale/Proyecto_CPR/rosbot_ws/install/mecanum_drive_controller/lib:/usr/lib/x86_64-linux-gnu/gazebo-11/plugins:/opt/ros/humble/opt/rviz_ogre_vendor/lib:/opt/ros/humble/lib/x86_64-linux-gnu:/opt/ros/humble/opt/libphidget22/lib:/opt/ros/humble/lib:/usr/lib/x86_64-linux-gnu/gazebo-11/plugins /usr/bin/cmake --install /home/ale/Proyecto_CPR/rosbot_ws/build/open_manipulator_x_description
[1.139s] Level 1:colcon.colcon_core.environment:create_environment_scripts_only(open_manipulator_x_description)
[1.139s] Level 1:colcon.colcon_core.environment:checking '/home/ale/Proyecto_CPR/rosbot_ws/install/open_manipulator_x_description' for CMake module files
[1.140s] DEBUG:colcon.colcon_core.event_handler.log_command:Invoked command in '/home/ale/Proyecto_CPR/rosbot_ws/build/open_manipulator_x_description' returned '0': CMAKE_PREFIX_PATH=/home/ale/Proyecto_CPR/rosbot_ws/install/dynamixel_hardware_interface:/home/ale/Proyecto_CPR/rosbot_ws/install/rosbot_localization:/home/ale/Proyecto_CPR/rosbot_ws/install/open_manipulator_x_moveit:/home/ale/Proyecto_CPR/rosbot_ws/install/rosbot_description:/home/ale/Proyecto_CPR/rosbot_ws/install/rosbot:/home/ale/Proyecto_CPR/rosbot_ws/install/open_manipulator_x_joy:/home/ale/Proyecto_CPR/rosbot_ws/install/open_manipulator_x_description:/home/ale/Proyecto_CPR/rosbot_ws/install/mecanum_drive_controller:/home/ale/Proyecto_CPR/rosbot_ws/install/husarion_gz_worlds:/home/ale/Proyecto_CPR/rosbot_ws/install/husarion_components_description:/home/ale/Proyecto_CPR/rosbot_ws/install/controldesc_pkg:/home/ale/Proyecto_CPR/rosbot_ws/install/rosbot_gazebo:/home/ale/Proyecto_CPR/rosbot_ws/install/rosbot_controller:/home/ale/Proyecto_CPR/rosbot_ws/install/rosbot_utils:/opt/ros/humble LD_LIBRARY_PATH=/home/ale/Proyecto_CPR/rosbot_ws/install/dynamixel_hardware_interface/lib:/home/ale/Proyecto_CPR/rosbot_ws/install/mecanum_drive_controller/lib:/usr/lib/x86_64-linux-gnu/gazebo-11/plugins:/opt/ros/humble/opt/rviz_ogre_vendor/lib:/opt/ros/humble/lib/x86_64-linux-gnu:/opt/ros/humble/opt/libphidget22/lib:/opt/ros/humble/lib:/usr/lib/x86_64-linux-gnu/gazebo-11/plugins /usr/bin/cmake --install /home/ale/Proyecto_CPR/rosbot_ws/build/open_manipulator_x_description
[1.140s] Level 1:colcon.colcon_core.environment:checking '/home/ale/Proyecto_CPR/rosbot_ws/install/open_manipulator_x_description' for CMake config files
[1.140s] Level 1:colcon.colcon_core.shell:create_environment_hook('open_manipulator_x_description', 'cmake_prefix_path')
[1.141s] INFO:colcon.colcon_core.shell:Creating environment hook '/home/ale/Proyecto_CPR/rosbot_ws/install/open_manipulator_x_description/share/open_manipulator_x_description/hook/cmake_prefix_path.ps1'
[1.141s] INFO:colcon.colcon_core.shell:Creating environment descriptor '/home/ale/Proyecto_CPR/rosbot_ws/install/open_manipulator_x_description/share/open_manipulator_x_description/hook/cmake_prefix_path.dsv'
[1.142s] INFO:colcon.colcon_core.shell:Creating environment hook '/home/ale/Proyecto_CPR/rosbot_ws/install/open_manipulator_x_description/share/open_manipulator_x_description/hook/cmake_prefix_path.sh'
[1.142s] Level 1:colcon.colcon_core.environment:checking '/home/ale/Proyecto_CPR/rosbot_ws/install/open_manipulator_x_description/bin'
[1.142s] Level 1:colcon.colcon_core.environment:checking '/home/ale/Proyecto_CPR/rosbot_ws/install/open_manipulator_x_description/lib/pkgconfig/open_manipulator_x_description.pc'
[1.143s] Level 1:colcon.colcon_core.environment:checking '/home/ale/Proyecto_CPR/rosbot_ws/install/open_manipulator_x_description/lib/python3.10/site-packages'
[1.143s] Level 1:colcon.colcon_core.environment:checking '/home/ale/Proyecto_CPR/rosbot_ws/install/open_manipulator_x_description/bin'
[1.144s] INFO:colcon.colcon_core.shell:Creating package script '/home/ale/Proyecto_CPR/rosbot_ws/install/open_manipulator_x_description/share/open_manipulator_x_description/package.ps1'
[1.144s] INFO:colcon.colcon_core.shell:Creating package descriptor '/home/ale/Proyecto_CPR/rosbot_ws/install/open_manipulator_x_description/share/open_manipulator_x_description/package.dsv'
[1.145s] INFO:colcon.colcon_core.shell:Creating package script '/home/ale/Proyecto_CPR/rosbot_ws/install/open_manipulator_x_description/share/open_manipulator_x_description/package.sh'
[1.145s] INFO:colcon.colcon_core.shell:Creating package script '/home/ale/Proyecto_CPR/rosbot_ws/install/open_manipulator_x_description/share/open_manipulator_x_description/package.bash'
[1.145s] INFO:colcon.colcon_core.shell:Creating package script '/home/ale/Proyecto_CPR/rosbot_ws/install/open_manipulator_x_description/share/open_manipulator_x_description/package.zsh'
[1.146s] Level 1:colcon.colcon_core.environment:create_file_with_runtime_dependencies(/home/ale/Proyecto_CPR/rosbot_ws/install/open_manipulator_x_description/share/colcon-core/packages/open_manipulator_x_description)
[1.147s] Level 1:colcon.colcon_core.environment:create_environment_scripts_only(open_manipulator_x_description)
[1.147s] Level 1:colcon.colcon_core.environment:checking '/home/ale/Proyecto_CPR/rosbot_ws/install/open_manipulator_x_description' for CMake module files
[1.147s] Level 1:colcon.colcon_core.environment:checking '/home/ale/Proyecto_CPR/rosbot_ws/install/open_manipulator_x_description' for CMake config files
[1.148s] Level 1:colcon.colcon_core.shell:create_environment_hook('open_manipulator_x_description', 'cmake_prefix_path')
[1.148s] INFO:colcon.colcon_core.shell:Creating environment hook '/home/ale/Proyecto_CPR/rosbot_ws/install/open_manipulator_x_description/share/open_manipulator_x_description/hook/cmake_prefix_path.ps1'
[1.149s] INFO:colcon.colcon_core.shell:Creating environment descriptor '/home/ale/Proyecto_CPR/rosbot_ws/install/open_manipulator_x_description/share/open_manipulator_x_description/hook/cmake_prefix_path.dsv'
[1.149s] INFO:colcon.colcon_core.shell:Creating environment hook '/home/ale/Proyecto_CPR/rosbot_ws/install/open_manipulator_x_description/share/open_manipulator_x_description/hook/cmake_prefix_path.sh'
[1.149s] Level 1:colcon.colcon_core.environment:checking '/home/ale/Proyecto_CPR/rosbot_ws/install/open_manipulator_x_description/bin'
[1.150s] Level 1:colcon.colcon_core.environment:checking '/home/ale/Proyecto_CPR/rosbot_ws/install/open_manipulator_x_description/lib/pkgconfig/open_manipulator_x_description.pc'
[1.150s] Level 1:colcon.colcon_core.environment:checking '/home/ale/Proyecto_CPR/rosbot_ws/install/open_manipulator_x_description/lib/python3.10/site-packages'
[1.150s] Level 1:colcon.colcon_core.environment:checking '/home/ale/Proyecto_CPR/rosbot_ws/install/open_manipulator_x_description/bin'
[1.150s] INFO:colcon.colcon_core.shell:Creating package script '/home/ale/Proyecto_CPR/rosbot_ws/install/open_manipulator_x_description/share/open_manipulator_x_description/package.ps1'
[1.150s] INFO:colcon.colcon_core.shell:Creating package descriptor '/home/ale/Proyecto_CPR/rosbot_ws/install/open_manipulator_x_description/share/open_manipulator_x_description/package.dsv'
[1.151s] INFO:colcon.colcon_core.shell:Creating package script '/home/ale/Proyecto_CPR/rosbot_ws/install/open_manipulator_x_description/share/open_manipulator_x_description/package.sh'
[1.151s] INFO:colcon.colcon_core.shell:Creating package script '/home/ale/Proyecto_CPR/rosbot_ws/install/open_manipulator_x_description/share/open_manipulator_x_description/package.bash'
[1.151s] INFO:colcon.colcon_core.shell:Creating package script '/home/ale/Proyecto_CPR/rosbot_ws/install/open_manipulator_x_description/share/open_manipulator_x_description/package.zsh'
[1.151s] Level 1:colcon.colcon_core.environment:create_file_with_runtime_dependencies(/home/ale/Proyecto_CPR/rosbot_ws/install/open_manipulator_x_description/share/colcon-core/packages/open_manipulator_x_description)
[1.152s] INFO:colcon.colcon_ros.task.ament_cmake.build:Building ROS package in '/home/ale/Proyecto_CPR/rosbot_ws/src/rosbot_ros/rosbot_description' with build type 'ament_cmake'
[1.152s] INFO:colcon.colcon_cmake.task.cmake.build:Building CMake package in '/home/ale/Proyecto_CPR/rosbot_ws/src/rosbot_ros/rosbot_description'
[1.152s] INFO:colcon.colcon_core.shell:Skip shell extension 'powershell' for command environment: Not usable outside of PowerShell
[1.152s] DEBUG:colcon.colcon_core.shell:Skip shell extension 'dsv' for command environment
[1.164s] DEBUG:colcon.colcon_core.event_handler.log_command:Invoking command in '/home/ale/Proyecto_CPR/rosbot_ws/build/rosbot_description': CMAKE_PREFIX_PATH=/home/ale/Proyecto_CPR/rosbot_ws/install/open_manipulator_x_description:/home/ale/Proyecto_CPR/rosbot_ws/install/husarion_components_description:/home/ale/Proyecto_CPR/rosbot_ws/install/dynamixel_hardware_interface:/home/ale/Proyecto_CPR/rosbot_ws/install/rosbot_localization:/home/ale/Proyecto_CPR/rosbot_ws/install/open_manipulator_x_moveit:/home/ale/Proyecto_CPR/rosbot_ws/install/rosbot_description:/home/ale/Proyecto_CPR/rosbot_ws/install/rosbot:/home/ale/Proyecto_CPR/rosbot_ws/install/open_manipulator_x_joy:/home/ale/Proyecto_CPR/rosbot_ws/install/mecanum_drive_controller:/home/ale/Proyecto_CPR/rosbot_ws/install/husarion_gz_worlds:/home/ale/Proyecto_CPR/rosbot_ws/install/controldesc_pkg:/home/ale/Proyecto_CPR/rosbot_ws/install/rosbot_gazebo:/home/ale/Proyecto_CPR/rosbot_ws/install/rosbot_controller:/home/ale/Proyecto_CPR/rosbot_ws/install/rosbot_utils:/opt/ros/humble LD_LIBRARY_PATH=/home/ale/Proyecto_CPR/rosbot_ws/install/dynamixel_hardware_interface/lib:/home/ale/Proyecto_CPR/rosbot_ws/install/mecanum_drive_controller/lib:/usr/lib/x86_64-linux-gnu/gazebo-11/plugins:/opt/ros/humble/opt/rviz_ogre_vendor/lib:/opt/ros/humble/lib/x86_64-linux-gnu:/opt/ros/humble/opt/libphidget22/lib:/opt/ros/humble/lib:/usr/lib/x86_64-linux-gnu/gazebo-11/plugins /usr/bin/cmake /home/ale/Proyecto_CPR/rosbot_ws/src/rosbot_ros/rosbot_description -DCMAKE_INSTALL_PREFIX=/home/ale/Proyecto_CPR/rosbot_ws/install/rosbot_description
[1.187s] DEBUG:colcon.colcon_core.event_handler.log_command:Invoked command in '/home/ale/Proyecto_CPR/rosbot_ws/build/open_manipulator_x_joy' returned '0': CMAKE_PREFIX_PATH=${CMAKE_PREFIX_PATH}:/home/ale/Proyecto_CPR/rosbot_ws/install/rosbot_gazebo:/home/ale/Proyecto_CPR/rosbot_ws/install/rosbot_controller:/home/ale/Proyecto_CPR/rosbot_ws/install/rosbot_utils:/opt/ros/humble /usr/bin/cmake /home/ale/Proyecto_CPR/rosbot_ws/src/open_manipulator_x/open_manipulator_x_joy -DCMAKE_INSTALL_PREFIX=/home/ale/Proyecto_CPR/rosbot_ws/install/open_manipulator_x_joy
[1.188s] DEBUG:colcon.colcon_core.event_handler.log_command:Invoking command in '/home/ale/Proyecto_CPR/rosbot_ws/build/open_manipulator_x_joy': CMAKE_PREFIX_PATH=${CMAKE_PREFIX_PATH}:/home/ale/Proyecto_CPR/rosbot_ws/install/rosbot_gazebo:/home/ale/Proyecto_CPR/rosbot_ws/install/rosbot_controller:/home/ale/Proyecto_CPR/rosbot_ws/install/rosbot_utils:/opt/ros/humble /usr/bin/cmake --build /home/ale/Proyecto_CPR/rosbot_ws/build/open_manipulator_x_joy -- -j16 -l16
[1.245s] DEBUG:colcon.colcon_core.event_handler.log_command:Invoked command in '/home/ale/Proyecto_CPR/rosbot_ws/build/rosbot_joy' returned '0': CMAKE_PREFIX_PATH=${CMAKE_PREFIX_PATH}:/home/ale/Proyecto_CPR/rosbot_ws/install/rosbot_gazebo:/home/ale/Proyecto_CPR/rosbot_ws/install/rosbot_controller:/home/ale/Proyecto_CPR/rosbot_ws/install/rosbot_utils:/opt/ros/humble /usr/bin/cmake /home/ale/Proyecto_CPR/rosbot_ws/src/rosbot_ros/rosbot_joy -DCMAKE_INSTALL_PREFIX=/home/ale/Proyecto_CPR/rosbot_ws/install/rosbot_joy
[1.247s] DEBUG:colcon.colcon_core.event_handler.log_command:Invoking command in '/home/ale/Proyecto_CPR/rosbot_ws/build/rosbot_joy': CMAKE_PREFIX_PATH=${CMAKE_PREFIX_PATH}:/home/ale/Proyecto_CPR/rosbot_ws/install/rosbot_gazebo:/home/ale/Proyecto_CPR/rosbot_ws/install/rosbot_controller:/home/ale/Proyecto_CPR/rosbot_ws/install/rosbot_utils:/opt/ros/humble /usr/bin/cmake --build /home/ale/Proyecto_CPR/rosbot_ws/build/rosbot_joy -- -j16 -l16
[1.257s] DEBUG:colcon.colcon_core.event_handler.log_command:Invoked command in '/home/ale/Proyecto_CPR/rosbot_ws/build/open_manipulator_x_joy' returned '0': CMAKE_PREFIX_PATH=${CMAKE_PREFIX_PATH}:/home/ale/Proyecto_CPR/rosbot_ws/install/rosbot_gazebo:/home/ale/Proyecto_CPR/rosbot_ws/install/rosbot_controller:/home/ale/Proyecto_CPR/rosbot_ws/install/rosbot_utils:/opt/ros/humble /usr/bin/cmake --build /home/ale/Proyecto_CPR/rosbot_ws/build/open_manipulator_x_joy -- -j16 -l16
[1.259s] DEBUG:colcon.colcon_core.event_handler.log_command:Invoking command in '/home/ale/Proyecto_CPR/rosbot_ws/build/open_manipulator_x_joy': CMAKE_PREFIX_PATH=${CMAKE_PREFIX_PATH}:/home/ale/Proyecto_CPR/rosbot_ws/install/rosbot_gazebo:/home/ale/Proyecto_CPR/rosbot_ws/install/rosbot_controller:/home/ale/Proyecto_CPR/rosbot_ws/install/rosbot_utils:/opt/ros/humble /usr/bin/cmake --install /home/ale/Proyecto_CPR/rosbot_ws/build/open_manipulator_x_joy
[1.273s] DEBUG:colcon.colcon_core.event_handler.log_command:Invoked command in '/home/ale/Proyecto_CPR/rosbot_ws/build/rosbot_joy' returned '0': CMAKE_PREFIX_PATH=${CMAKE_PREFIX_PATH}:/home/ale/Proyecto_CPR/rosbot_ws/install/rosbot_gazebo:/home/ale/Proyecto_CPR/rosbot_ws/install/rosbot_controller:/home/ale/Proyecto_CPR/rosbot_ws/install/rosbot_utils:/opt/ros/humble /usr/bin/cmake --build /home/ale/Proyecto_CPR/rosbot_ws/build/rosbot_joy -- -j16 -l16
[1.275s] DEBUG:colcon.colcon_core.event_handler.log_command:Invoking command in '/home/ale/Proyecto_CPR/rosbot_ws/build/rosbot_joy': CMAKE_PREFIX_PATH=${CMAKE_PREFIX_PATH}:/home/ale/Proyecto_CPR/rosbot_ws/install/rosbot_gazebo:/home/ale/Proyecto_CPR/rosbot_ws/install/rosbot_controller:/home/ale/Proyecto_CPR/rosbot_ws/install/rosbot_utils:/opt/ros/humble /usr/bin/cmake --install /home/ale/Proyecto_CPR/rosbot_ws/build/rosbot_joy
[1.276s] Level 1:colcon.colcon_core.environment:create_environment_scripts_only(open_manipulator_x_joy)
[1.276s] Level 1:colcon.colcon_core.environment:checking '/home/ale/Proyecto_CPR/rosbot_ws/install/open_manipulator_x_joy' for CMake module files
[1.277s] DEBUG:colcon.colcon_core.event_handler.log_command:Invoked command in '/home/ale/Proyecto_CPR/rosbot_ws/build/open_manipulator_x_joy' returned '0': CMAKE_PREFIX_PATH=${CMAKE_PREFIX_PATH}:/home/ale/Proyecto_CPR/rosbot_ws/install/rosbot_gazebo:/home/ale/Proyecto_CPR/rosbot_ws/install/rosbot_controller:/home/ale/Proyecto_CPR/rosbot_ws/install/rosbot_utils:/opt/ros/humble /usr/bin/cmake --install /home/ale/Proyecto_CPR/rosbot_ws/build/open_manipulator_x_joy
[1.277s] Level 1:colcon.colcon_core.environment:checking '/home/ale/Proyecto_CPR/rosbot_ws/install/open_manipulator_x_joy' for CMake config files
[1.278s] Level 1:colcon.colcon_core.shell:create_environment_hook('open_manipulator_x_joy', 'cmake_prefix_path')
[1.279s] INFO:colcon.colcon_core.shell:Creating environment hook '/home/ale/Proyecto_CPR/rosbot_ws/install/open_manipulator_x_joy/share/open_manipulator_x_joy/hook/cmake_prefix_path.ps1'
[1.279s] INFO:colcon.colcon_core.shell:Creating environment descriptor '/home/ale/Proyecto_CPR/rosbot_ws/install/open_manipulator_x_joy/share/open_manipulator_x_joy/hook/cmake_prefix_path.dsv'
[1.280s] INFO:colcon.colcon_core.shell:Creating environment hook '/home/ale/Proyecto_CPR/rosbot_ws/install/open_manipulator_x_joy/share/open_manipulator_x_joy/hook/cmake_prefix_path.sh'
[1.282s] Level 1:colcon.colcon_core.environment:checking '/home/ale/Proyecto_CPR/rosbot_ws/install/open_manipulator_x_joy/lib'
[1.282s] Level 1:colcon.colcon_core.environment:checking '/home/ale/Proyecto_CPR/rosbot_ws/install/open_manipulator_x_joy/bin'
[1.283s] Level 1:colcon.colcon_core.environment:checking '/home/ale/Proyecto_CPR/rosbot_ws/install/open_manipulator_x_joy/lib/pkgconfig/open_manipulator_x_joy.pc'
[1.283s] Level 1:colcon.colcon_core.environment:checking '/home/ale/Proyecto_CPR/rosbot_ws/install/open_manipulator_x_joy/lib/python3.10/site-packages'
[1.283s] Level 1:colcon.colcon_core.environment:checking '/home/ale/Proyecto_CPR/rosbot_ws/install/open_manipulator_x_joy/bin'
[1.284s] INFO:colcon.colcon_core.shell:Creating package script '/home/ale/Proyecto_CPR/rosbot_ws/install/open_manipulator_x_joy/share/open_manipulator_x_joy/package.ps1'
[1.284s] INFO:colcon.colcon_core.shell:Creating package descriptor '/home/ale/Proyecto_CPR/rosbot_ws/install/open_manipulator_x_joy/share/open_manipulator_x_joy/package.dsv'
[1.284s] INFO:colcon.colcon_core.shell:Creating package script '/home/ale/Proyecto_CPR/rosbot_ws/install/open_manipulator_x_joy/share/open_manipulator_x_joy/package.sh'
[1.285s] INFO:colcon.colcon_core.shell:Creating package script '/home/ale/Proyecto_CPR/rosbot_ws/install/open_manipulator_x_joy/share/open_manipulator_x_joy/package.bash'
[1.285s] INFO:colcon.colcon_core.shell:Creating package script '/home/ale/Proyecto_CPR/rosbot_ws/install/open_manipulator_x_joy/share/open_manipulator_x_joy/package.zsh'
[1.285s] Level 1:colcon.colcon_core.environment:create_file_with_runtime_dependencies(/home/ale/Proyecto_CPR/rosbot_ws/install/open_manipulator_x_joy/share/colcon-core/packages/open_manipulator_x_joy)
[1.285s] Level 1:colcon.colcon_core.environment:create_environment_scripts_only(open_manipulator_x_joy)
[1.286s] Level 1:colcon.colcon_core.environment:checking '/home/ale/Proyecto_CPR/rosbot_ws/install/open_manipulator_x_joy' for CMake module files
[1.286s] Level 1:colcon.colcon_core.environment:checking '/home/ale/Proyecto_CPR/rosbot_ws/install/open_manipulator_x_joy' for CMake config files
[1.286s] Level 1:colcon.colcon_core.shell:create_environment_hook('open_manipulator_x_joy', 'cmake_prefix_path')
[1.286s] INFO:colcon.colcon_core.shell:Creating environment hook '/home/ale/Proyecto_CPR/rosbot_ws/install/open_manipulator_x_joy/share/open_manipulator_x_joy/hook/cmake_prefix_path.ps1'
[1.286s] INFO:colcon.colcon_core.shell:Creating environment descriptor '/home/ale/Proyecto_CPR/rosbot_ws/install/open_manipulator_x_joy/share/open_manipulator_x_joy/hook/cmake_prefix_path.dsv'
[1.287s] INFO:colcon.colcon_core.shell:Creating environment hook '/home/ale/Proyecto_CPR/rosbot_ws/install/open_manipulator_x_joy/share/open_manipulator_x_joy/hook/cmake_prefix_path.sh'
[1.287s] Level 1:colcon.colcon_core.environment:checking '/home/ale/Proyecto_CPR/rosbot_ws/install/open_manipulator_x_joy/lib'
[1.287s] Level 1:colcon.colcon_core.environment:checking '/home/ale/Proyecto_CPR/rosbot_ws/install/open_manipulator_x_joy/bin'
[1.287s] Level 1:colcon.colcon_core.environment:checking '/home/ale/Proyecto_CPR/rosbot_ws/install/open_manipulator_x_joy/lib/pkgconfig/open_manipulator_x_joy.pc'
[1.287s] Level 1:colcon.colcon_core.environment:checking '/home/ale/Proyecto_CPR/rosbot_ws/install/open_manipulator_x_joy/lib/python3.10/site-packages'
[1.287s] Level 1:colcon.colcon_core.environment:checking '/home/ale/Proyecto_CPR/rosbot_ws/install/open_manipulator_x_joy/bin'
[1.288s] INFO:colcon.colcon_core.shell:Creating package script '/home/ale/Proyecto_CPR/rosbot_ws/install/open_manipulator_x_joy/share/open_manipulator_x_joy/package.ps1'
[1.288s] INFO:colcon.colcon_core.shell:Creating package descriptor '/home/ale/Proyecto_CPR/rosbot_ws/install/open_manipulator_x_joy/share/open_manipulator_x_joy/package.dsv'
[1.288s] INFO:colcon.colcon_core.shell:Creating package script '/home/ale/Proyecto_CPR/rosbot_ws/install/open_manipulator_x_joy/share/open_manipulator_x_joy/package.sh'
[1.289s] INFO:colcon.colcon_core.shell:Creating package script '/home/ale/Proyecto_CPR/rosbot_ws/install/open_manipulator_x_joy/share/open_manipulator_x_joy/package.bash'
[1.289s] INFO:colcon.colcon_core.shell:Creating package script '/home/ale/Proyecto_CPR/rosbot_ws/install/open_manipulator_x_joy/share/open_manipulator_x_joy/package.zsh'
[1.289s] Level 1:colcon.colcon_core.environment:create_file_with_runtime_dependencies(/home/ale/Proyecto_CPR/rosbot_ws/install/open_manipulator_x_joy/share/colcon-core/packages/open_manipulator_x_joy)
[1.290s] Level 1:colcon.colcon_core.environment:create_environment_scripts_only(rosbot_joy)
[1.290s] Level 1:colcon.colcon_core.environment:checking '/home/ale/Proyecto_CPR/rosbot_ws/install/rosbot_joy' for CMake module files
[1.291s] DEBUG:colcon.colcon_core.event_handler.log_command:Invoked command in '/home/ale/Proyecto_CPR/rosbot_ws/build/rosbot_joy' returned '0': CMAKE_PREFIX_PATH=${CMAKE_PREFIX_PATH}:/home/ale/Proyecto_CPR/rosbot_ws/install/rosbot_gazebo:/home/ale/Proyecto_CPR/rosbot_ws/install/rosbot_controller:/home/ale/Proyecto_CPR/rosbot_ws/install/rosbot_utils:/opt/ros/humble /usr/bin/cmake --install /home/ale/Proyecto_CPR/rosbot_ws/build/rosbot_joy
[1.291s] Level 1:colcon.colcon_core.environment:checking '/home/ale/Proyecto_CPR/rosbot_ws/install/rosbot_joy' for CMake config files
[1.291s] Level 1:colcon.colcon_core.shell:create_environment_hook('rosbot_joy', 'cmake_prefix_path')
[1.291s] INFO:colcon.colcon_core.shell:Creating environment hook '/home/ale/Proyecto_CPR/rosbot_ws/install/rosbot_joy/share/rosbot_joy/hook/cmake_prefix_path.ps1'
[1.292s] INFO:colcon.colcon_core.shell:Creating environment descriptor '/home/ale/Proyecto_CPR/rosbot_ws/install/rosbot_joy/share/rosbot_joy/hook/cmake_prefix_path.dsv'
[1.292s] INFO:colcon.colcon_core.shell:Creating environment hook '/home/ale/Proyecto_CPR/rosbot_ws/install/rosbot_joy/share/rosbot_joy/hook/cmake_prefix_path.sh'
[1.292s] Level 1:colcon.colcon_core.environment:checking '/home/ale/Proyecto_CPR/rosbot_ws/install/rosbot_joy/bin'
[1.292s] Level 1:colcon.colcon_core.environment:checking '/home/ale/Proyecto_CPR/rosbot_ws/install/rosbot_joy/lib/pkgconfig/rosbot_joy.pc'
[1.292s] Level 1:colcon.colcon_core.environment:checking '/home/ale/Proyecto_CPR/rosbot_ws/install/rosbot_joy/lib/python3.10/site-packages'
[1.293s] Level 1:colcon.colcon_core.environment:checking '/home/ale/Proyecto_CPR/rosbot_ws/install/rosbot_joy/bin'
[1.293s] INFO:colcon.colcon_core.shell:Creating package script '/home/ale/Proyecto_CPR/rosbot_ws/install/rosbot_joy/share/rosbot_joy/package.ps1'
[1.293s] INFO:colcon.colcon_core.shell:Creating package descriptor '/home/ale/Proyecto_CPR/rosbot_ws/install/rosbot_joy/share/rosbot_joy/package.dsv'
[1.294s] INFO:colcon.colcon_core.shell:Creating package script '/home/ale/Proyecto_CPR/rosbot_ws/install/rosbot_joy/share/rosbot_joy/package.sh'
[1.294s] INFO:colcon.colcon_core.shell:Creating package script '/home/ale/Proyecto_CPR/rosbot_ws/install/rosbot_joy/share/rosbot_joy/package.bash'
[1.294s] INFO:colcon.colcon_core.shell:Creating package script '/home/ale/Proyecto_CPR/rosbot_ws/install/rosbot_joy/share/rosbot_joy/package.zsh'
[1.294s] Level 1:colcon.colcon_core.environment:create_file_with_runtime_dependencies(/home/ale/Proyecto_CPR/rosbot_ws/install/rosbot_joy/share/colcon-core/packages/rosbot_joy)
[1.295s] Level 1:colcon.colcon_core.environment:create_environment_scripts_only(rosbot_joy)
[1.295s] Level 1:colcon.colcon_core.environment:checking '/home/ale/Proyecto_CPR/rosbot_ws/install/rosbot_joy' for CMake module files
[1.295s] Level 1:colcon.colcon_core.environment:checking '/home/ale/Proyecto_CPR/rosbot_ws/install/rosbot_joy' for CMake config files
[1.295s] Level 1:colcon.colcon_core.shell:create_environment_hook('rosbot_joy', 'cmake_prefix_path')
[1.295s] INFO:colcon.colcon_core.shell:Creating environment hook '/home/ale/Proyecto_CPR/rosbot_ws/install/rosbot_joy/share/rosbot_joy/hook/cmake_prefix_path.ps1'
[1.295s] INFO:colcon.colcon_core.shell:Creating environment descriptor '/home/ale/Proyecto_CPR/rosbot_ws/install/rosbot_joy/share/rosbot_joy/hook/cmake_prefix_path.dsv'
[1.296s] INFO:colcon.colcon_core.shell:Creating environment hook '/home/ale/Proyecto_CPR/rosbot_ws/install/rosbot_joy/share/rosbot_joy/hook/cmake_prefix_path.sh'
[1.296s] Level 1:colcon.colcon_core.environment:checking '/home/ale/Proyecto_CPR/rosbot_ws/install/rosbot_joy/bin'
[1.296s] Level 1:colcon.colcon_core.environment:checking '/home/ale/Proyecto_CPR/rosbot_ws/install/rosbot_joy/lib/pkgconfig/rosbot_joy.pc'
[1.296s] Level 1:colcon.colcon_core.environment:checking '/home/ale/Proyecto_CPR/rosbot_ws/install/rosbot_joy/lib/python3.10/site-packages'
[1.296s] Level 1:colcon.colcon_core.environment:checking '/home/ale/Proyecto_CPR/rosbot_ws/install/rosbot_joy/bin'
[1.297s] INFO:colcon.colcon_core.shell:Creating package script '/home/ale/Proyecto_CPR/rosbot_ws/install/rosbot_joy/share/rosbot_joy/package.ps1'
[1.297s] INFO:colcon.colcon_core.shell:Creating package descriptor '/home/ale/Proyecto_CPR/rosbot_ws/install/rosbot_joy/share/rosbot_joy/package.dsv'
[1.297s] INFO:colcon.colcon_core.shell:Creating package script '/home/ale/Proyecto_CPR/rosbot_ws/install/rosbot_joy/share/rosbot_joy/package.sh'
[1.298s] INFO:colcon.colcon_core.shell:Creating package script '/home/ale/Proyecto_CPR/rosbot_ws/install/rosbot_joy/share/rosbot_joy/package.bash'
[1.298s] INFO:colcon.colcon_core.shell:Creating package script '/home/ale/Proyecto_CPR/rosbot_ws/install/rosbot_joy/share/rosbot_joy/package.zsh'
[1.298s] Level 1:colcon.colcon_core.environment:create_file_with_runtime_dependencies(/home/ale/Proyecto_CPR/rosbot_ws/install/rosbot_joy/share/colcon-core/packages/rosbot_joy)
[1.299s] Level 1:colcon.colcon_core.environment:checking '/home/ale/Proyecto_CPR/rosbot_ws/install/rosbot_bringup' for CMake module files
[1.299s] DEBUG:colcon.colcon_core.event_handler.log_command:Invoked command in '/home/ale/Proyecto_CPR/rosbot_ws/src/rosbot_ros/rosbot_bringup' returned '0': PYTHONPATH=/home/ale/Proyecto_CPR/rosbot_ws/build/rosbot_bringup/prefix_override:/usr/lib/python3/dist-packages/colcon_core/task/python/colcon_distutils_commands:/home/ale/Proyecto_CPR/rosbot_ws/install/rosbot_bringup/lib/python3.10/site-packages:${PYTHONPATH} /usr/bin/python3 -W ignore:setup.py install is deprecated -W ignore:easy_install command is deprecated setup.py egg_info --egg-base ../../../build/rosbot_bringup build --build-base /home/ale/Proyecto_CPR/rosbot_ws/build/rosbot_bringup/build install --record /home/ale/Proyecto_CPR/rosbot_ws/build/rosbot_bringup/install.log --single-version-externally-managed install_data
[1.299s] Level 1:colcon.colcon_core.environment:checking '/home/ale/Proyecto_CPR/rosbot_ws/install/rosbot_bringup' for CMake config files
[1.300s] Level 1:colcon.colcon_core.environment:checking '/home/ale/Proyecto_CPR/rosbot_ws/install/rosbot_bringup/lib'
[1.300s] Level 1:colcon.colcon_core.environment:checking '/home/ale/Proyecto_CPR/rosbot_ws/install/rosbot_bringup/bin'
[1.300s] Level 1:colcon.colcon_core.environment:checking '/home/ale/Proyecto_CPR/rosbot_ws/install/rosbot_bringup/lib/pkgconfig/rosbot_bringup.pc'
[1.300s] Level 1:colcon.colcon_core.environment:checking '/home/ale/Proyecto_CPR/rosbot_ws/install/rosbot_bringup/lib/python3.10/site-packages'
[1.300s] Level 1:colcon.colcon_core.shell:create_environment_hook('rosbot_bringup', 'pythonpath')
[1.300s] INFO:colcon.colcon_core.shell:Creating environment hook '/home/ale/Proyecto_CPR/rosbot_ws/install/rosbot_bringup/share/rosbot_bringup/hook/pythonpath.ps1'
[1.300s] INFO:colcon.colcon_core.shell:Creating environment descriptor '/home/ale/Proyecto_CPR/rosbot_ws/install/rosbot_bringup/share/rosbot_bringup/hook/pythonpath.dsv'
[1.300s] INFO:colcon.colcon_core.shell:Creating environment hook '/home/ale/Proyecto_CPR/rosbot_ws/install/rosbot_bringup/share/rosbot_bringup/hook/pythonpath.sh'
[1.301s] Level 1:colcon.colcon_core.environment:checking '/home/ale/Proyecto_CPR/rosbot_ws/install/rosbot_bringup/bin'
[1.301s] Level 1:colcon.colcon_core.environment:create_environment_scripts_only(rosbot_bringup)
[1.301s] INFO:colcon.colcon_core.shell:Creating package script '/home/ale/Proyecto_CPR/rosbot_ws/install/rosbot_bringup/share/rosbot_bringup/package.ps1'
[1.301s] INFO:colcon.colcon_core.shell:Creating package descriptor '/home/ale/Proyecto_CPR/rosbot_ws/install/rosbot_bringup/share/rosbot_bringup/package.dsv'
[1.302s] INFO:colcon.colcon_core.shell:Creating package script '/home/ale/Proyecto_CPR/rosbot_ws/install/rosbot_bringup/share/rosbot_bringup/package.sh'
[1.302s] INFO:colcon.colcon_core.shell:Creating package script '/home/ale/Proyecto_CPR/rosbot_ws/install/rosbot_bringup/share/rosbot_bringup/package.bash'
[1.302s] INFO:colcon.colcon_core.shell:Creating package script '/home/ale/Proyecto_CPR/rosbot_ws/install/rosbot_bringup/share/rosbot_bringup/package.zsh'
[1.302s] Level 1:colcon.colcon_core.environment:create_file_with_runtime_dependencies(/home/ale/Proyecto_CPR/rosbot_ws/install/rosbot_bringup/share/colcon-core/packages/rosbot_bringup)
[1.379s] DEBUG:colcon.colcon_core.event_handler.log_command:Invoked command in '/home/ale/Proyecto_CPR/rosbot_ws/build/rosbot_utils' returned '0': PYTHONPATH=/home/ale/Proyecto_CPR/rosbot_ws/build/rosbot_utils/prefix_override:/usr/lib/python3/dist-packages/colcon_core/task/python/colcon_distutils_commands:/home/ale/Proyecto_CPR/rosbot_ws/install/rosbot_utils/lib/python3.10/site-packages:${PYTHONPATH} /usr/bin/python3 -W ignore:setup.py install is deprecated -W ignore:easy_install command is deprecated setup.py develop --uninstall --editable --build-directory /home/ale/Proyecto_CPR/rosbot_ws/build/rosbot_utils/build
[1.380s] DEBUG:colcon.colcon_core.event_handler.log_command:Invoking command in '/home/ale/Proyecto_CPR/rosbot_ws/src/rosbot_ros/rosbot_utils': PYTHONPATH=/home/ale/Proyecto_CPR/rosbot_ws/build/rosbot_utils/prefix_override:/usr/lib/python3/dist-packages/colcon_core/task/python/colcon_distutils_commands:/home/ale/Proyecto_CPR/rosbot_ws/install/rosbot_utils/lib/python3.10/site-packages:${PYTHONPATH} /usr/bin/python3 -W ignore:setup.py install is deprecated -W ignore:easy_install command is deprecated setup.py egg_info --egg-base ../../../build/rosbot_utils build --build-base /home/ale/Proyecto_CPR/rosbot_ws/build/rosbot_utils/build install --record /home/ale/Proyecto_CPR/rosbot_ws/build/rosbot_utils/install.log --single-version-externally-managed install_data --force
[1.542s] DEBUG:colcon.colcon_core.event_handler.log_command:Invoked command in '/home/ale/Proyecto_CPR/rosbot_ws/build/controldesc_pkg' returned '0': CMAKE_PREFIX_PATH=${CMAKE_PREFIX_PATH}:/home/ale/Proyecto_CPR/rosbot_ws/install/rosbot_gazebo:/home/ale/Proyecto_CPR/rosbot_ws/install/rosbot_controller:/home/ale/Proyecto_CPR/rosbot_ws/install/rosbot_utils:/opt/ros/humble /usr/bin/cmake /home/ale/Proyecto_CPR/rosbot_ws/src/controldesc_pkg -DCMAKE_INSTALL_PREFIX=/home/ale/Proyecto_CPR/rosbot_ws/install/controldesc_pkg
[1.543s] DEBUG:colcon.colcon_core.event_handler.log_command:Invoking command in '/home/ale/Proyecto_CPR/rosbot_ws/build/controldesc_pkg': CMAKE_PREFIX_PATH=${CMAKE_PREFIX_PATH}:/home/ale/Proyecto_CPR/rosbot_ws/install/rosbot_gazebo:/home/ale/Proyecto_CPR/rosbot_ws/install/rosbot_controller:/home/ale/Proyecto_CPR/rosbot_ws/install/rosbot_utils:/opt/ros/humble /usr/bin/cmake --build /home/ale/Proyecto_CPR/rosbot_ws/build/controldesc_pkg -- -j16 -l16
[1.596s] Level 1:colcon.colcon_core.environment:checking '/home/ale/Proyecto_CPR/rosbot_ws/install/rosbot_utils' for CMake module files
[1.597s] DEBUG:colcon.colcon_core.event_handler.log_command:Invoked command in '/home/ale/Proyecto_CPR/rosbot_ws/src/rosbot_ros/rosbot_utils' returned '0': PYTHONPATH=/home/ale/Proyecto_CPR/rosbot_ws/build/rosbot_utils/prefix_override:/usr/lib/python3/dist-packages/colcon_core/task/python/colcon_distutils_commands:/home/ale/Proyecto_CPR/rosbot_ws/install/rosbot_utils/lib/python3.10/site-packages:${PYTHONPATH} /usr/bin/python3 -W ignore:setup.py install is deprecated -W ignore:easy_install command is deprecated setup.py egg_info --egg-base ../../../build/rosbot_utils build --build-base /home/ale/Proyecto_CPR/rosbot_ws/build/rosbot_utils/build install --record /home/ale/Proyecto_CPR/rosbot_ws/build/rosbot_utils/install.log --single-version-externally-managed install_data --force
[1.597s] Level 1:colcon.colcon_core.environment:checking '/home/ale/Proyecto_CPR/rosbot_ws/install/rosbot_utils' for CMake config files
[1.597s] Level 1:colcon.colcon_core.environment:checking '/home/ale/Proyecto_CPR/rosbot_ws/install/rosbot_utils/lib'
[1.597s] Level 1:colcon.colcon_core.environment:checking '/home/ale/Proyecto_CPR/rosbot_ws/install/rosbot_utils/bin'
[1.597s] Level 1:colcon.colcon_core.environment:checking '/home/ale/Proyecto_CPR/rosbot_ws/install/rosbot_utils/lib/pkgconfig/rosbot_utils.pc'
[1.598s] Level 1:colcon.colcon_core.environment:checking '/home/ale/Proyecto_CPR/rosbot_ws/install/rosbot_utils/lib/python3.10/site-packages'
[1.598s] Level 1:colcon.colcon_core.shell:create_environment_hook('rosbot_utils', 'pythonpath')
[1.598s] INFO:colcon.colcon_core.shell:Creating environment hook '/home/ale/Proyecto_CPR/rosbot_ws/install/rosbot_utils/share/rosbot_utils/hook/pythonpath.ps1'
[1.598s] INFO:colcon.colcon_core.shell:Creating environment descriptor '/home/ale/Proyecto_CPR/rosbot_ws/install/rosbot_utils/share/rosbot_utils/hook/pythonpath.dsv'
[1.598s] INFO:colcon.colcon_core.shell:Creating environment hook '/home/ale/Proyecto_CPR/rosbot_ws/install/rosbot_utils/share/rosbot_utils/hook/pythonpath.sh'
[1.599s] Level 1:colcon.colcon_core.environment:checking '/home/ale/Proyecto_CPR/rosbot_ws/install/rosbot_utils/bin'
[1.599s] Level 1:colcon.colcon_core.environment:create_environment_scripts_only(rosbot_utils)
[1.599s] INFO:colcon.colcon_core.shell:Creating package script '/home/ale/Proyecto_CPR/rosbot_ws/install/rosbot_utils/share/rosbot_utils/package.ps1'
[1.599s] INFO:colcon.colcon_core.shell:Creating package descriptor '/home/ale/Proyecto_CPR/rosbot_ws/install/rosbot_utils/share/rosbot_utils/package.dsv'
[1.599s] INFO:colcon.colcon_core.shell:Creating package script '/home/ale/Proyecto_CPR/rosbot_ws/install/rosbot_utils/share/rosbot_utils/package.sh'
[1.599s] INFO:colcon.colcon_core.shell:Creating package script '/home/ale/Proyecto_CPR/rosbot_ws/install/rosbot_utils/share/rosbot_utils/package.bash'
[1.600s] INFO:colcon.colcon_core.shell:Creating package script '/home/ale/Proyecto_CPR/rosbot_ws/install/rosbot_utils/share/rosbot_utils/package.zsh'
[1.600s] Level 1:colcon.colcon_core.environment:create_file_with_runtime_dependencies(/home/ale/Proyecto_CPR/rosbot_ws/install/rosbot_utils/share/colcon-core/packages/rosbot_utils)
[1.702s] DEBUG:colcon.colcon_core.event_handler.log_command:Invoked command in '/home/ale/Proyecto_CPR/rosbot_ws/build/rosbot_xl_control' returned '0': CMAKE_PREFIX_PATH=${CMAKE_PREFIX_PATH}:/home/ale/Proyecto_CPR/rosbot_ws/install/rosbot_gazebo:/home/ale/Proyecto_CPR/rosbot_ws/install/rosbot_controller:/home/ale/Proyecto_CPR/rosbot_ws/install/rosbot_utils:/opt/ros/humble /usr/bin/cmake /home/ale/Proyecto_CPR/rosbot_ws/src/rosbot_xl_control -DCMAKE_INSTALL_PREFIX=/home/ale/Proyecto_CPR/rosbot_ws/install/rosbot_xl_control
[1.703s] DEBUG:colcon.colcon_core.event_handler.log_command:Invoking command in '/home/ale/Proyecto_CPR/rosbot_ws/build/rosbot_xl_control': CMAKE_PREFIX_PATH=${CMAKE_PREFIX_PATH}:/home/ale/Proyecto_CPR/rosbot_ws/install/rosbot_gazebo:/home/ale/Proyecto_CPR/rosbot_ws/install/rosbot_controller:/home/ale/Proyecto_CPR/rosbot_ws/install/rosbot_utils:/opt/ros/humble /usr/bin/cmake --build /home/ale/Proyecto_CPR/rosbot_ws/build/rosbot_xl_control -- -j16 -l16
[1.738s] DEBUG:colcon.colcon_core.event_handler.log_command:Invoked command in '/home/ale/Proyecto_CPR/rosbot_ws/build/rosbot_xl_control' returned '0': CMAKE_PREFIX_PATH=${CMAKE_PREFIX_PATH}:/home/ale/Proyecto_CPR/rosbot_ws/install/rosbot_gazebo:/home/ale/Proyecto_CPR/rosbot_ws/install/rosbot_controller:/home/ale/Proyecto_CPR/rosbot_ws/install/rosbot_utils:/opt/ros/humble /usr/bin/cmake --build /home/ale/Proyecto_CPR/rosbot_ws/build/rosbot_xl_control -- -j16 -l16
[1.739s] DEBUG:colcon.colcon_core.event_handler.log_command:Invoking command in '/home/ale/Proyecto_CPR/rosbot_ws/build/rosbot_xl_control': CMAKE_PREFIX_PATH=${CMAKE_PREFIX_PATH}:/home/ale/Proyecto_CPR/rosbot_ws/install/rosbot_gazebo:/home/ale/Proyecto_CPR/rosbot_ws/install/rosbot_controller:/home/ale/Proyecto_CPR/rosbot_ws/install/rosbot_utils:/opt/ros/humble /usr/bin/cmake --install /home/ale/Proyecto_CPR/rosbot_ws/build/rosbot_xl_control
[1.746s] Level 1:colcon.colcon_core.environment:create_environment_scripts_only(rosbot_xl_control)
[1.746s] Level 1:colcon.colcon_core.environment:checking '/home/ale/Proyecto_CPR/rosbot_ws/install/rosbot_xl_control' for CMake module files
[1.747s] DEBUG:colcon.colcon_core.event_handler.log_command:Invoked command in '/home/ale/Proyecto_CPR/rosbot_ws/build/rosbot_xl_control' returned '0': CMAKE_PREFIX_PATH=${CMAKE_PREFIX_PATH}:/home/ale/Proyecto_CPR/rosbot_ws/install/rosbot_gazebo:/home/ale/Proyecto_CPR/rosbot_ws/install/rosbot_controller:/home/ale/Proyecto_CPR/rosbot_ws/install/rosbot_utils:/opt/ros/humble /usr/bin/cmake --install /home/ale/Proyecto_CPR/rosbot_ws/build/rosbot_xl_control
[1.747s] Level 1:colcon.colcon_core.environment:checking '/home/ale/Proyecto_CPR/rosbot_ws/install/rosbot_xl_control' for CMake config files
[1.747s] Level 1:colcon.colcon_core.shell:create_environment_hook('rosbot_xl_control', 'cmake_prefix_path')
[1.747s] INFO:colcon.colcon_core.shell:Creating environment hook '/home/ale/Proyecto_CPR/rosbot_ws/install/rosbot_xl_control/share/rosbot_xl_control/hook/cmake_prefix_path.ps1'
[1.747s] INFO:colcon.colcon_core.shell:Creating environment descriptor '/home/ale/Proyecto_CPR/rosbot_ws/install/rosbot_xl_control/share/rosbot_xl_control/hook/cmake_prefix_path.dsv'
[1.747s] INFO:colcon.colcon_core.shell:Creating environment hook '/home/ale/Proyecto_CPR/rosbot_ws/install/rosbot_xl_control/share/rosbot_xl_control/hook/cmake_prefix_path.sh'
[1.748s] Level 1:colcon.colcon_core.environment:checking '/home/ale/Proyecto_CPR/rosbot_ws/install/rosbot_xl_control/bin'
[1.748s] Level 1:colcon.colcon_core.environment:checking '/home/ale/Proyecto_CPR/rosbot_ws/install/rosbot_xl_control/lib/pkgconfig/rosbot_xl_control.pc'
[1.748s] Level 1:colcon.colcon_core.environment:checking '/home/ale/Proyecto_CPR/rosbot_ws/install/rosbot_xl_control/lib/python3.10/site-packages'
[1.748s] Level 1:colcon.colcon_core.environment:checking '/home/ale/Proyecto_CPR/rosbot_ws/install/rosbot_xl_control/bin'
[1.748s] INFO:colcon.colcon_core.shell:Creating package script '/home/ale/Proyecto_CPR/rosbot_ws/install/rosbot_xl_control/share/rosbot_xl_control/package.ps1'
[1.749s] INFO:colcon.colcon_core.shell:Creating package descriptor '/home/ale/Proyecto_CPR/rosbot_ws/install/rosbot_xl_control/share/rosbot_xl_control/package.dsv'
[1.749s] INFO:colcon.colcon_core.shell:Creating package script '/home/ale/Proyecto_CPR/rosbot_ws/install/rosbot_xl_control/share/rosbot_xl_control/package.sh'
[1.749s] INFO:colcon.colcon_core.shell:Creating package script '/home/ale/Proyecto_CPR/rosbot_ws/install/rosbot_xl_control/share/rosbot_xl_control/package.bash'
[1.749s] INFO:colcon.colcon_core.shell:Creating package script '/home/ale/Proyecto_CPR/rosbot_ws/install/rosbot_xl_control/share/rosbot_xl_control/package.zsh'
[1.749s] Level 1:colcon.colcon_core.environment:create_file_with_runtime_dependencies(/home/ale/Proyecto_CPR/rosbot_ws/install/rosbot_xl_control/share/colcon-core/packages/rosbot_xl_control)
[1.750s] Level 1:colcon.colcon_core.environment:create_environment_scripts_only(rosbot_xl_control)
[1.750s] Level 1:colcon.colcon_core.environment:checking '/home/ale/Proyecto_CPR/rosbot_ws/install/rosbot_xl_control' for CMake module files
[1.750s] Level 1:colcon.colcon_core.environment:checking '/home/ale/Proyecto_CPR/rosbot_ws/install/rosbot_xl_control' for CMake config files
[1.750s] Level 1:colcon.colcon_core.shell:create_environment_hook('rosbot_xl_control', 'cmake_prefix_path')
[1.750s] INFO:colcon.colcon_core.shell:Creating environment hook '/home/ale/Proyecto_CPR/rosbot_ws/install/rosbot_xl_control/share/rosbot_xl_control/hook/cmake_prefix_path.ps1'
[1.750s] INFO:colcon.colcon_core.shell:Creating environment descriptor '/home/ale/Proyecto_CPR/rosbot_ws/install/rosbot_xl_control/share/rosbot_xl_control/hook/cmake_prefix_path.dsv'
[1.751s] INFO:colcon.colcon_core.shell:Creating environment hook '/home/ale/Proyecto_CPR/rosbot_ws/install/rosbot_xl_control/share/rosbot_xl_control/hook/cmake_prefix_path.sh'
[1.751s] Level 1:colcon.colcon_core.environment:checking '/home/ale/Proyecto_CPR/rosbot_ws/install/rosbot_xl_control/bin'
[1.751s] Level 1:colcon.colcon_core.environment:checking '/home/ale/Proyecto_CPR/rosbot_ws/install/rosbot_xl_control/lib/pkgconfig/rosbot_xl_control.pc'
[1.751s] Level 1:colcon.colcon_core.environment:checking '/home/ale/Proyecto_CPR/rosbot_ws/install/rosbot_xl_control/lib/python3.10/site-packages'
[1.751s] Level 1:colcon.colcon_core.environment:checking '/home/ale/Proyecto_CPR/rosbot_ws/install/rosbot_xl_control/bin'
[1.751s] INFO:colcon.colcon_core.shell:Creating package script '/home/ale/Proyecto_CPR/rosbot_ws/install/rosbot_xl_control/share/rosbot_xl_control/package.ps1'
[1.752s] INFO:colcon.colcon_core.shell:Creating package descriptor '/home/ale/Proyecto_CPR/rosbot_ws/install/rosbot_xl_control/share/rosbot_xl_control/package.dsv'
[1.752s] INFO:colcon.colcon_core.shell:Creating package script '/home/ale/Proyecto_CPR/rosbot_ws/install/rosbot_xl_control/share/rosbot_xl_control/package.sh'
[1.752s] INFO:colcon.colcon_core.shell:Creating package script '/home/ale/Proyecto_CPR/rosbot_ws/install/rosbot_xl_control/share/rosbot_xl_control/package.bash'
[1.752s] INFO:colcon.colcon_core.shell:Creating package script '/home/ale/Proyecto_CPR/rosbot_ws/install/rosbot_xl_control/share/rosbot_xl_control/package.zsh'
[1.753s] Level 1:colcon.colcon_core.environment:create_file_with_runtime_dependencies(/home/ale/Proyecto_CPR/rosbot_ws/install/rosbot_xl_control/share/colcon-core/packages/rosbot_xl_control)
[1.768s] DEBUG:colcon.colcon_core.event_handler.log_command:Invoked command in '/home/ale/Proyecto_CPR/rosbot_ws/build/rosbot_description' returned '0': CMAKE_PREFIX_PATH=/home/ale/Proyecto_CPR/rosbot_ws/install/open_manipulator_x_description:/home/ale/Proyecto_CPR/rosbot_ws/install/husarion_components_description:/home/ale/Proyecto_CPR/rosbot_ws/install/dynamixel_hardware_interface:/home/ale/Proyecto_CPR/rosbot_ws/install/rosbot_localization:/home/ale/Proyecto_CPR/rosbot_ws/install/open_manipulator_x_moveit:/home/ale/Proyecto_CPR/rosbot_ws/install/rosbot_description:/home/ale/Proyecto_CPR/rosbot_ws/install/rosbot:/home/ale/Proyecto_CPR/rosbot_ws/install/open_manipulator_x_joy:/home/ale/Proyecto_CPR/rosbot_ws/install/mecanum_drive_controller:/home/ale/Proyecto_CPR/rosbot_ws/install/husarion_gz_worlds:/home/ale/Proyecto_CPR/rosbot_ws/install/controldesc_pkg:/home/ale/Proyecto_CPR/rosbot_ws/install/rosbot_gazebo:/home/ale/Proyecto_CPR/rosbot_ws/install/rosbot_controller:/home/ale/Proyecto_CPR/rosbot_ws/install/rosbot_utils:/opt/ros/humble LD_LIBRARY_PATH=/home/ale/Proyecto_CPR/rosbot_ws/install/dynamixel_hardware_interface/lib:/home/ale/Proyecto_CPR/rosbot_ws/install/mecanum_drive_controller/lib:/usr/lib/x86_64-linux-gnu/gazebo-11/plugins:/opt/ros/humble/opt/rviz_ogre_vendor/lib:/opt/ros/humble/lib/x86_64-linux-gnu:/opt/ros/humble/opt/libphidget22/lib:/opt/ros/humble/lib:/usr/lib/x86_64-linux-gnu/gazebo-11/plugins /usr/bin/cmake /home/ale/Proyecto_CPR/rosbot_ws/src/rosbot_ros/rosbot_description -DCMAKE_INSTALL_PREFIX=/home/ale/Proyecto_CPR/rosbot_ws/install/rosbot_description
[1.769s] DEBUG:colcon.colcon_core.event_handler.log_command:Invoking command in '/home/ale/Proyecto_CPR/rosbot_ws/build/rosbot_description': CMAKE_PREFIX_PATH=/home/ale/Proyecto_CPR/rosbot_ws/install/open_manipulator_x_description:/home/ale/Proyecto_CPR/rosbot_ws/install/husarion_components_description:/home/ale/Proyecto_CPR/rosbot_ws/install/dynamixel_hardware_interface:/home/ale/Proyecto_CPR/rosbot_ws/install/rosbot_localization:/home/ale/Proyecto_CPR/rosbot_ws/install/open_manipulator_x_moveit:/home/ale/Proyecto_CPR/rosbot_ws/install/rosbot_description:/home/ale/Proyecto_CPR/rosbot_ws/install/rosbot:/home/ale/Proyecto_CPR/rosbot_ws/install/open_manipulator_x_joy:/home/ale/Proyecto_CPR/rosbot_ws/install/mecanum_drive_controller:/home/ale/Proyecto_CPR/rosbot_ws/install/husarion_gz_worlds:/home/ale/Proyecto_CPR/rosbot_ws/install/controldesc_pkg:/home/ale/Proyecto_CPR/rosbot_ws/install/rosbot_gazebo:/home/ale/Proyecto_CPR/rosbot_ws/install/rosbot_controller:/home/ale/Proyecto_CPR/rosbot_ws/install/rosbot_utils:/opt/ros/humble LD_LIBRARY_PATH=/home/ale/Proyecto_CPR/rosbot_ws/install/dynamixel_hardware_interface/lib:/home/ale/Proyecto_CPR/rosbot_ws/install/mecanum_drive_controller/lib:/usr/lib/x86_64-linux-gnu/gazebo-11/plugins:/opt/ros/humble/opt/rviz_ogre_vendor/lib:/opt/ros/humble/lib/x86_64-linux-gnu:/opt/ros/humble/opt/libphidget22/lib:/opt/ros/humble/lib:/usr/lib/x86_64-linux-gnu/gazebo-11/plugins /usr/bin/cmake --build /home/ale/Proyecto_CPR/rosbot_ws/build/rosbot_description -- -j16 -l16
[1.794s] DEBUG:colcon.colcon_core.event_handler.log_command:Invoked command in '/home/ale/Proyecto_CPR/rosbot_ws/build/rosbot_description' returned '0': CMAKE_PREFIX_PATH=/home/ale/Proyecto_CPR/rosbot_ws/install/open_manipulator_x_description:/home/ale/Proyecto_CPR/rosbot_ws/install/husarion_components_description:/home/ale/Proyecto_CPR/rosbot_ws/install/dynamixel_hardware_interface:/home/ale/Proyecto_CPR/rosbot_ws/install/rosbot_localization:/home/ale/Proyecto_CPR/rosbot_ws/install/open_manipulator_x_moveit:/home/ale/Proyecto_CPR/rosbot_ws/install/rosbot_description:/home/ale/Proyecto_CPR/rosbot_ws/install/rosbot:/home/ale/Proyecto_CPR/rosbot_ws/install/open_manipulator_x_joy:/home/ale/Proyecto_CPR/rosbot_ws/install/mecanum_drive_controller:/home/ale/Proyecto_CPR/rosbot_ws/install/husarion_gz_worlds:/home/ale/Proyecto_CPR/rosbot_ws/install/controldesc_pkg:/home/ale/Proyecto_CPR/rosbot_ws/install/rosbot_gazebo:/home/ale/Proyecto_CPR/rosbot_ws/install/rosbot_controller:/home/ale/Proyecto_CPR/rosbot_ws/install/rosbot_utils:/opt/ros/humble LD_LIBRARY_PATH=/home/ale/Proyecto_CPR/rosbot_ws/install/dynamixel_hardware_interface/lib:/home/ale/Proyecto_CPR/rosbot_ws/install/mecanum_drive_controller/lib:/usr/lib/x86_64-linux-gnu/gazebo-11/plugins:/opt/ros/humble/opt/rviz_ogre_vendor/lib:/opt/ros/humble/lib/x86_64-linux-gnu:/opt/ros/humble/opt/libphidget22/lib:/opt/ros/humble/lib:/usr/lib/x86_64-linux-gnu/gazebo-11/plugins /usr/bin/cmake --build /home/ale/Proyecto_CPR/rosbot_ws/build/rosbot_description -- -j16 -l16
[1.795s] DEBUG:colcon.colcon_core.event_handler.log_command:Invoking command in '/home/ale/Proyecto_CPR/rosbot_ws/build/rosbot_description': CMAKE_PREFIX_PATH=/home/ale/Proyecto_CPR/rosbot_ws/install/open_manipulator_x_description:/home/ale/Proyecto_CPR/rosbot_ws/install/husarion_components_description:/home/ale/Proyecto_CPR/rosbot_ws/install/dynamixel_hardware_interface:/home/ale/Proyecto_CPR/rosbot_ws/install/rosbot_localization:/home/ale/Proyecto_CPR/rosbot_ws/install/open_manipulator_x_moveit:/home/ale/Proyecto_CPR/rosbot_ws/install/rosbot_description:/home/ale/Proyecto_CPR/rosbot_ws/install/rosbot:/home/ale/Proyecto_CPR/rosbot_ws/install/open_manipulator_x_joy:/home/ale/Proyecto_CPR/rosbot_ws/install/mecanum_drive_controller:/home/ale/Proyecto_CPR/rosbot_ws/install/husarion_gz_worlds:/home/ale/Proyecto_CPR/rosbot_ws/install/controldesc_pkg:/home/ale/Proyecto_CPR/rosbot_ws/install/rosbot_gazebo:/home/ale/Proyecto_CPR/rosbot_ws/install/rosbot_controller:/home/ale/Proyecto_CPR/rosbot_ws/install/rosbot_utils:/opt/ros/humble LD_LIBRARY_PATH=/home/ale/Proyecto_CPR/rosbot_ws/install/dynamixel_hardware_interface/lib:/home/ale/Proyecto_CPR/rosbot_ws/install/mecanum_drive_controller/lib:/usr/lib/x86_64-linux-gnu/gazebo-11/plugins:/opt/ros/humble/opt/rviz_ogre_vendor/lib:/opt/ros/humble/lib/x86_64-linux-gnu:/opt/ros/humble/opt/libphidget22/lib:/opt/ros/humble/lib:/usr/lib/x86_64-linux-gnu/gazebo-11/plugins /usr/bin/cmake --install /home/ale/Proyecto_CPR/rosbot_ws/build/rosbot_description
[1.811s] Level 1:colcon.colcon_core.environment:create_environment_scripts_only(rosbot_description)
[1.811s] Level 1:colcon.colcon_core.environment:checking '/home/ale/Proyecto_CPR/rosbot_ws/install/rosbot_description' for CMake module files
[1.811s] DEBUG:colcon.colcon_core.event_handler.log_command:Invoked command in '/home/ale/Proyecto_CPR/rosbot_ws/build/rosbot_description' returned '0': CMAKE_PREFIX_PATH=/home/ale/Proyecto_CPR/rosbot_ws/install/open_manipulator_x_description:/home/ale/Proyecto_CPR/rosbot_ws/install/husarion_components_description:/home/ale/Proyecto_CPR/rosbot_ws/install/dynamixel_hardware_interface:/home/ale/Proyecto_CPR/rosbot_ws/install/rosbot_localization:/home/ale/Proyecto_CPR/rosbot_ws/install/open_manipulator_x_moveit:/home/ale/Proyecto_CPR/rosbot_ws/install/rosbot_description:/home/ale/Proyecto_CPR/rosbot_ws/install/rosbot:/home/ale/Proyecto_CPR/rosbot_ws/install/open_manipulator_x_joy:/home/ale/Proyecto_CPR/rosbot_ws/install/mecanum_drive_controller:/home/ale/Proyecto_CPR/rosbot_ws/install/husarion_gz_worlds:/home/ale/Proyecto_CPR/rosbot_ws/install/controldesc_pkg:/home/ale/Proyecto_CPR/rosbot_ws/install/rosbot_gazebo:/home/ale/Proyecto_CPR/rosbot_ws/install/rosbot_controller:/home/ale/Proyecto_CPR/rosbot_ws/install/rosbot_utils:/opt/ros/humble LD_LIBRARY_PATH=/home/ale/Proyecto_CPR/rosbot_ws/install/dynamixel_hardware_interface/lib:/home/ale/Proyecto_CPR/rosbot_ws/install/mecanum_drive_controller/lib:/usr/lib/x86_64-linux-gnu/gazebo-11/plugins:/opt/ros/humble/opt/rviz_ogre_vendor/lib:/opt/ros/humble/lib/x86_64-linux-gnu:/opt/ros/humble/opt/libphidget22/lib:/opt/ros/humble/lib:/usr/lib/x86_64-linux-gnu/gazebo-11/plugins /usr/bin/cmake --install /home/ale/Proyecto_CPR/rosbot_ws/build/rosbot_description
[1.812s] Level 1:colcon.colcon_core.environment:checking '/home/ale/Proyecto_CPR/rosbot_ws/install/rosbot_description' for CMake config files
[1.812s] Level 1:colcon.colcon_core.shell:create_environment_hook('rosbot_description', 'cmake_prefix_path')
[1.812s] INFO:colcon.colcon_core.shell:Creating environment hook '/home/ale/Proyecto_CPR/rosbot_ws/install/rosbot_description/share/rosbot_description/hook/cmake_prefix_path.ps1'
[1.813s] INFO:colcon.colcon_core.shell:Creating environment descriptor '/home/ale/Proyecto_CPR/rosbot_ws/install/rosbot_description/share/rosbot_description/hook/cmake_prefix_path.dsv'
[1.813s] INFO:colcon.colcon_core.shell:Creating environment hook '/home/ale/Proyecto_CPR/rosbot_ws/install/rosbot_description/share/rosbot_description/hook/cmake_prefix_path.sh'
[1.813s] Level 1:colcon.colcon_core.environment:checking '/home/ale/Proyecto_CPR/rosbot_ws/install/rosbot_description/bin'
[1.813s] Level 1:colcon.colcon_core.environment:checking '/home/ale/Proyecto_CPR/rosbot_ws/install/rosbot_description/lib/pkgconfig/rosbot_description.pc'
[1.813s] Level 1:colcon.colcon_core.environment:checking '/home/ale/Proyecto_CPR/rosbot_ws/install/rosbot_description/lib/python3.10/site-packages'
[1.813s] Level 1:colcon.colcon_core.environment:checking '/home/ale/Proyecto_CPR/rosbot_ws/install/rosbot_description/bin'
[1.814s] INFO:colcon.colcon_core.shell:Creating package script '/home/ale/Proyecto_CPR/rosbot_ws/install/rosbot_description/share/rosbot_description/package.ps1'
[1.814s] INFO:colcon.colcon_core.shell:Creating package descriptor '/home/ale/Proyecto_CPR/rosbot_ws/install/rosbot_description/share/rosbot_description/package.dsv'
[1.814s] INFO:colcon.colcon_core.shell:Creating package script '/home/ale/Proyecto_CPR/rosbot_ws/install/rosbot_description/share/rosbot_description/package.sh'
[1.814s] INFO:colcon.colcon_core.shell:Creating package script '/home/ale/Proyecto_CPR/rosbot_ws/install/rosbot_description/share/rosbot_description/package.bash'
[1.814s] INFO:colcon.colcon_core.shell:Creating package script '/home/ale/Proyecto_CPR/rosbot_ws/install/rosbot_description/share/rosbot_description/package.zsh'
[1.815s] Level 1:colcon.colcon_core.environment:create_file_with_runtime_dependencies(/home/ale/Proyecto_CPR/rosbot_ws/install/rosbot_description/share/colcon-core/packages/rosbot_description)
[1.815s] Level 1:colcon.colcon_core.environment:create_environment_scripts_only(rosbot_description)
[1.815s] Level 1:colcon.colcon_core.environment:checking '/home/ale/Proyecto_CPR/rosbot_ws/install/rosbot_description' for CMake module files
[1.815s] Level 1:colcon.colcon_core.environment:checking '/home/ale/Proyecto_CPR/rosbot_ws/install/rosbot_description' for CMake config files
[1.815s] Level 1:colcon.colcon_core.shell:create_environment_hook('rosbot_description', 'cmake_prefix_path')
[1.816s] INFO:colcon.colcon_core.shell:Creating environment hook '/home/ale/Proyecto_CPR/rosbot_ws/install/rosbot_description/share/rosbot_description/hook/cmake_prefix_path.ps1'
[1.816s] INFO:colcon.colcon_core.shell:Creating environment descriptor '/home/ale/Proyecto_CPR/rosbot_ws/install/rosbot_description/share/rosbot_description/hook/cmake_prefix_path.dsv'
[1.816s] INFO:colcon.colcon_core.shell:Creating environment hook '/home/ale/Proyecto_CPR/rosbot_ws/install/rosbot_description/share/rosbot_description/hook/cmake_prefix_path.sh'
[1.816s] Level 1:colcon.colcon_core.environment:checking '/home/ale/Proyecto_CPR/rosbot_ws/install/rosbot_description/bin'
[1.816s] Level 1:colcon.colcon_core.environment:checking '/home/ale/Proyecto_CPR/rosbot_ws/install/rosbot_description/lib/pkgconfig/rosbot_description.pc'
[1.816s] Level 1:colcon.colcon_core.environment:checking '/home/ale/Proyecto_CPR/rosbot_ws/install/rosbot_description/lib/python3.10/site-packages'
[1.817s] Level 1:colcon.colcon_core.environment:checking '/home/ale/Proyecto_CPR/rosbot_ws/install/rosbot_description/bin'
[1.817s] INFO:colcon.colcon_core.shell:Creating package script '/home/ale/Proyecto_CPR/rosbot_ws/install/rosbot_description/share/rosbot_description/package.ps1'
[1.817s] INFO:colcon.colcon_core.shell:Creating package descriptor '/home/ale/Proyecto_CPR/rosbot_ws/install/rosbot_description/share/rosbot_description/package.dsv'
[1.817s] INFO:colcon.colcon_core.shell:Creating package script '/home/ale/Proyecto_CPR/rosbot_ws/install/rosbot_description/share/rosbot_description/package.sh'
[1.818s] INFO:colcon.colcon_core.shell:Creating package script '/home/ale/Proyecto_CPR/rosbot_ws/install/rosbot_description/share/rosbot_description/package.bash'
[1.818s] INFO:colcon.colcon_core.shell:Creating package script '/home/ale/Proyecto_CPR/rosbot_ws/install/rosbot_description/share/rosbot_description/package.zsh'
[1.818s] Level 1:colcon.colcon_core.environment:create_file_with_runtime_dependencies(/home/ale/Proyecto_CPR/rosbot_ws/install/rosbot_description/share/colcon-core/packages/rosbot_description)
[1.818s] INFO:colcon.colcon_ros.task.ament_cmake.build:Building ROS package in '/home/ale/Proyecto_CPR/rosbot_ws/src/open_manipulator_x/open_manipulator_x_moveit' with build type 'ament_cmake'
[1.818s] INFO:colcon.colcon_cmake.task.cmake.build:Building CMake package in '/home/ale/Proyecto_CPR/rosbot_ws/src/open_manipulator_x/open_manipulator_x_moveit'
[1.818s] INFO:colcon.colcon_core.shell:Skip shell extension 'powershell' for command environment: Not usable outside of PowerShell
[1.819s] DEBUG:colcon.colcon_core.shell:Skip shell extension 'dsv' for command environment
[1.830s] DEBUG:colcon.colcon_core.event_handler.log_command:Invoking command in '/home/ale/Proyecto_CPR/rosbot_ws/build/open_manipulator_x_moveit': CMAKE_PREFIX_PATH=/home/ale/Proyecto_CPR/rosbot_ws/install/rosbot_description:/home/ale/Proyecto_CPR/rosbot_ws/install/open_manipulator_x_description:/home/ale/Proyecto_CPR/rosbot_ws/install/open_manipulator_x_joy:/home/ale/Proyecto_CPR/rosbot_ws/install/husarion_components_description:/home/ale/Proyecto_CPR/rosbot_ws/install/dynamixel_hardware_interface:/home/ale/Proyecto_CPR/rosbot_ws/install/rosbot_localization:/home/ale/Proyecto_CPR/rosbot_ws/install/open_manipulator_x_moveit:/home/ale/Proyecto_CPR/rosbot_ws/install/rosbot:/home/ale/Proyecto_CPR/rosbot_ws/install/mecanum_drive_controller:/home/ale/Proyecto_CPR/rosbot_ws/install/husarion_gz_worlds:/home/ale/Proyecto_CPR/rosbot_ws/install/controldesc_pkg:/home/ale/Proyecto_CPR/rosbot_ws/install/rosbot_gazebo:/home/ale/Proyecto_CPR/rosbot_ws/install/rosbot_controller:/home/ale/Proyecto_CPR/rosbot_ws/install/rosbot_utils:/opt/ros/humble LD_LIBRARY_PATH=/home/ale/Proyecto_CPR/rosbot_ws/install/dynamixel_hardware_interface/lib:/home/ale/Proyecto_CPR/rosbot_ws/install/mecanum_drive_controller/lib:/usr/lib/x86_64-linux-gnu/gazebo-11/plugins:/opt/ros/humble/opt/rviz_ogre_vendor/lib:/opt/ros/humble/lib/x86_64-linux-gnu:/opt/ros/humble/opt/libphidget22/lib:/opt/ros/humble/lib:/usr/lib/x86_64-linux-gnu/gazebo-11/plugins /usr/bin/cmake /home/ale/Proyecto_CPR/rosbot_ws/src/open_manipulator_x/open_manipulator_x_moveit -DCMAKE_INSTALL_PREFIX=/home/ale/Proyecto_CPR/rosbot_ws/install/open_manipulator_x_moveit
[2.481s] DEBUG:colcon.colcon_core.event_handler.log_command:Invoked command in '/home/ale/Proyecto_CPR/rosbot_ws/build/open_manipulator_x_moveit' returned '0': CMAKE_PREFIX_PATH=/home/ale/Proyecto_CPR/rosbot_ws/install/rosbot_description:/home/ale/Proyecto_CPR/rosbot_ws/install/open_manipulator_x_description:/home/ale/Proyecto_CPR/rosbot_ws/install/open_manipulator_x_joy:/home/ale/Proyecto_CPR/rosbot_ws/install/husarion_components_description:/home/ale/Proyecto_CPR/rosbot_ws/install/dynamixel_hardware_interface:/home/ale/Proyecto_CPR/rosbot_ws/install/rosbot_localization:/home/ale/Proyecto_CPR/rosbot_ws/install/open_manipulator_x_moveit:/home/ale/Proyecto_CPR/rosbot_ws/install/rosbot:/home/ale/Proyecto_CPR/rosbot_ws/install/mecanum_drive_controller:/home/ale/Proyecto_CPR/rosbot_ws/install/husarion_gz_worlds:/home/ale/Proyecto_CPR/rosbot_ws/install/controldesc_pkg:/home/ale/Proyecto_CPR/rosbot_ws/install/rosbot_gazebo:/home/ale/Proyecto_CPR/rosbot_ws/install/rosbot_controller:/home/ale/Proyecto_CPR/rosbot_ws/install/rosbot_utils:/opt/ros/humble LD_LIBRARY_PATH=/home/ale/Proyecto_CPR/rosbot_ws/install/dynamixel_hardware_interface/lib:/home/ale/Proyecto_CPR/rosbot_ws/install/mecanum_drive_controller/lib:/usr/lib/x86_64-linux-gnu/gazebo-11/plugins:/opt/ros/humble/opt/rviz_ogre_vendor/lib:/opt/ros/humble/lib/x86_64-linux-gnu:/opt/ros/humble/opt/libphidget22/lib:/opt/ros/humble/lib:/usr/lib/x86_64-linux-gnu/gazebo-11/plugins /usr/bin/cmake /home/ale/Proyecto_CPR/rosbot_ws/src/open_manipulator_x/open_manipulator_x_moveit -DCMAKE_INSTALL_PREFIX=/home/ale/Proyecto_CPR/rosbot_ws/install/open_manipulator_x_moveit
[2.482s] DEBUG:colcon.colcon_core.event_handler.log_command:Invoking command in '/home/ale/Proyecto_CPR/rosbot_ws/build/open_manipulator_x_moveit': CMAKE_PREFIX_PATH=/home/ale/Proyecto_CPR/rosbot_ws/install/rosbot_description:/home/ale/Proyecto_CPR/rosbot_ws/install/open_manipulator_x_description:/home/ale/Proyecto_CPR/rosbot_ws/install/open_manipulator_x_joy:/home/ale/Proyecto_CPR/rosbot_ws/install/husarion_components_description:/home/ale/Proyecto_CPR/rosbot_ws/install/dynamixel_hardware_interface:/home/ale/Proyecto_CPR/rosbot_ws/install/rosbot_localization:/home/ale/Proyecto_CPR/rosbot_ws/install/open_manipulator_x_moveit:/home/ale/Proyecto_CPR/rosbot_ws/install/rosbot:/home/ale/Proyecto_CPR/rosbot_ws/install/mecanum_drive_controller:/home/ale/Proyecto_CPR/rosbot_ws/install/husarion_gz_worlds:/home/ale/Proyecto_CPR/rosbot_ws/install/controldesc_pkg:/home/ale/Proyecto_CPR/rosbot_ws/install/rosbot_gazebo:/home/ale/Proyecto_CPR/rosbot_ws/install/rosbot_controller:/home/ale/Proyecto_CPR/rosbot_ws/install/rosbot_utils:/opt/ros/humble LD_LIBRARY_PATH=/home/ale/Proyecto_CPR/rosbot_ws/install/dynamixel_hardware_interface/lib:/home/ale/Proyecto_CPR/rosbot_ws/install/mecanum_drive_controller/lib:/usr/lib/x86_64-linux-gnu/gazebo-11/plugins:/opt/ros/humble/opt/rviz_ogre_vendor/lib:/opt/ros/humble/lib/x86_64-linux-gnu:/opt/ros/humble/opt/libphidget22/lib:/opt/ros/humble/lib:/usr/lib/x86_64-linux-gnu/gazebo-11/plugins /usr/bin/cmake --build /home/ale/Proyecto_CPR/rosbot_ws/build/open_manipulator_x_moveit -- -j16 -l16
[2.545s] DEBUG:colcon.colcon_core.event_handler.log_command:Invoked command in '/home/ale/Proyecto_CPR/rosbot_ws/build/open_manipulator_x_moveit' returned '0': CMAKE_PREFIX_PATH=/home/ale/Proyecto_CPR/rosbot_ws/install/rosbot_description:/home/ale/Proyecto_CPR/rosbot_ws/install/open_manipulator_x_description:/home/ale/Proyecto_CPR/rosbot_ws/install/open_manipulator_x_joy:/home/ale/Proyecto_CPR/rosbot_ws/install/husarion_components_description:/home/ale/Proyecto_CPR/rosbot_ws/install/dynamixel_hardware_interface:/home/ale/Proyecto_CPR/rosbot_ws/install/rosbot_localization:/home/ale/Proyecto_CPR/rosbot_ws/install/open_manipulator_x_moveit:/home/ale/Proyecto_CPR/rosbot_ws/install/rosbot:/home/ale/Proyecto_CPR/rosbot_ws/install/mecanum_drive_controller:/home/ale/Proyecto_CPR/rosbot_ws/install/husarion_gz_worlds:/home/ale/Proyecto_CPR/rosbot_ws/install/controldesc_pkg:/home/ale/Proyecto_CPR/rosbot_ws/install/rosbot_gazebo:/home/ale/Proyecto_CPR/rosbot_ws/install/rosbot_controller:/home/ale/Proyecto_CPR/rosbot_ws/install/rosbot_utils:/opt/ros/humble LD_LIBRARY_PATH=/home/ale/Proyecto_CPR/rosbot_ws/install/dynamixel_hardware_interface/lib:/home/ale/Proyecto_CPR/rosbot_ws/install/mecanum_drive_controller/lib:/usr/lib/x86_64-linux-gnu/gazebo-11/plugins:/opt/ros/humble/opt/rviz_ogre_vendor/lib:/opt/ros/humble/lib/x86_64-linux-gnu:/opt/ros/humble/opt/libphidget22/lib:/opt/ros/humble/lib:/usr/lib/x86_64-linux-gnu/gazebo-11/plugins /usr/bin/cmake --build /home/ale/Proyecto_CPR/rosbot_ws/build/open_manipulator_x_moveit -- -j16 -l16
[2.546s] DEBUG:colcon.colcon_core.event_handler.log_command:Invoking command in '/home/ale/Proyecto_CPR/rosbot_ws/build/open_manipulator_x_moveit': CMAKE_PREFIX_PATH=/home/ale/Proyecto_CPR/rosbot_ws/install/rosbot_description:/home/ale/Proyecto_CPR/rosbot_ws/install/open_manipulator_x_description:/home/ale/Proyecto_CPR/rosbot_ws/install/open_manipulator_x_joy:/home/ale/Proyecto_CPR/rosbot_ws/install/husarion_components_description:/home/ale/Proyecto_CPR/rosbot_ws/install/dynamixel_hardware_interface:/home/ale/Proyecto_CPR/rosbot_ws/install/rosbot_localization:/home/ale/Proyecto_CPR/rosbot_ws/install/open_manipulator_x_moveit:/home/ale/Proyecto_CPR/rosbot_ws/install/rosbot:/home/ale/Proyecto_CPR/rosbot_ws/install/mecanum_drive_controller:/home/ale/Proyecto_CPR/rosbot_ws/install/husarion_gz_worlds:/home/ale/Proyecto_CPR/rosbot_ws/install/controldesc_pkg:/home/ale/Proyecto_CPR/rosbot_ws/install/rosbot_gazebo:/home/ale/Proyecto_CPR/rosbot_ws/install/rosbot_controller:/home/ale/Proyecto_CPR/rosbot_ws/install/rosbot_utils:/opt/ros/humble LD_LIBRARY_PATH=/home/ale/Proyecto_CPR/rosbot_ws/install/dynamixel_hardware_interface/lib:/home/ale/Proyecto_CPR/rosbot_ws/install/mecanum_drive_controller/lib:/usr/lib/x86_64-linux-gnu/gazebo-11/plugins:/opt/ros/humble/opt/rviz_ogre_vendor/lib:/opt/ros/humble/lib/x86_64-linux-gnu:/opt/ros/humble/opt/libphidget22/lib:/opt/ros/humble/lib:/usr/lib/x86_64-linux-gnu/gazebo-11/plugins /usr/bin/cmake --install /home/ale/Proyecto_CPR/rosbot_ws/build/open_manipulator_x_moveit
[2.561s] Level 1:colcon.colcon_core.environment:create_environment_scripts_only(open_manipulator_x_moveit)
[2.561s] Level 1:colcon.colcon_core.environment:checking '/home/ale/Proyecto_CPR/rosbot_ws/install/open_manipulator_x_moveit' for CMake module files
[2.562s] DEBUG:colcon.colcon_core.event_handler.log_command:Invoked command in '/home/ale/Proyecto_CPR/rosbot_ws/build/open_manipulator_x_moveit' returned '0': CMAKE_PREFIX_PATH=/home/ale/Proyecto_CPR/rosbot_ws/install/rosbot_description:/home/ale/Proyecto_CPR/rosbot_ws/install/open_manipulator_x_description:/home/ale/Proyecto_CPR/rosbot_ws/install/open_manipulator_x_joy:/home/ale/Proyecto_CPR/rosbot_ws/install/husarion_components_description:/home/ale/Proyecto_CPR/rosbot_ws/install/dynamixel_hardware_interface:/home/ale/Proyecto_CPR/rosbot_ws/install/rosbot_localization:/home/ale/Proyecto_CPR/rosbot_ws/install/open_manipulator_x_moveit:/home/ale/Proyecto_CPR/rosbot_ws/install/rosbot:/home/ale/Proyecto_CPR/rosbot_ws/install/mecanum_drive_controller:/home/ale/Proyecto_CPR/rosbot_ws/install/husarion_gz_worlds:/home/ale/Proyecto_CPR/rosbot_ws/install/controldesc_pkg:/home/ale/Proyecto_CPR/rosbot_ws/install/rosbot_gazebo:/home/ale/Proyecto_CPR/rosbot_ws/install/rosbot_controller:/home/ale/Proyecto_CPR/rosbot_ws/install/rosbot_utils:/opt/ros/humble LD_LIBRARY_PATH=/home/ale/Proyecto_CPR/rosbot_ws/install/dynamixel_hardware_interface/lib:/home/ale/Proyecto_CPR/rosbot_ws/install/mecanum_drive_controller/lib:/usr/lib/x86_64-linux-gnu/gazebo-11/plugins:/opt/ros/humble/opt/rviz_ogre_vendor/lib:/opt/ros/humble/lib/x86_64-linux-gnu:/opt/ros/humble/opt/libphidget22/lib:/opt/ros/humble/lib:/usr/lib/x86_64-linux-gnu/gazebo-11/plugins /usr/bin/cmake --install /home/ale/Proyecto_CPR/rosbot_ws/build/open_manipulator_x_moveit
[2.562s] Level 1:colcon.colcon_core.environment:checking '/home/ale/Proyecto_CPR/rosbot_ws/install/open_manipulator_x_moveit' for CMake config files
[2.562s] Level 1:colcon.colcon_core.shell:create_environment_hook('open_manipulator_x_moveit', 'cmake_prefix_path')
[2.562s] INFO:colcon.colcon_core.shell:Creating environment hook '/home/ale/Proyecto_CPR/rosbot_ws/install/open_manipulator_x_moveit/share/open_manipulator_x_moveit/hook/cmake_prefix_path.ps1'
[2.562s] INFO:colcon.colcon_core.shell:Creating environment descriptor '/home/ale/Proyecto_CPR/rosbot_ws/install/open_manipulator_x_moveit/share/open_manipulator_x_moveit/hook/cmake_prefix_path.dsv'
[2.563s] INFO:colcon.colcon_core.shell:Creating environment hook '/home/ale/Proyecto_CPR/rosbot_ws/install/open_manipulator_x_moveit/share/open_manipulator_x_moveit/hook/cmake_prefix_path.sh'
[2.563s] Level 1:colcon.colcon_core.environment:checking '/home/ale/Proyecto_CPR/rosbot_ws/install/open_manipulator_x_moveit/lib'
[2.563s] Level 1:colcon.colcon_core.environment:checking '/home/ale/Proyecto_CPR/rosbot_ws/install/open_manipulator_x_moveit/bin'
[2.563s] Level 1:colcon.colcon_core.environment:checking '/home/ale/Proyecto_CPR/rosbot_ws/install/open_manipulator_x_moveit/lib/pkgconfig/open_manipulator_x_moveit.pc'
[2.563s] Level 1:colcon.colcon_core.environment:checking '/home/ale/Proyecto_CPR/rosbot_ws/install/open_manipulator_x_moveit/lib/python3.10/site-packages'
[2.563s] Level 1:colcon.colcon_core.environment:checking '/home/ale/Proyecto_CPR/rosbot_ws/install/open_manipulator_x_moveit/bin'
[2.563s] INFO:colcon.colcon_core.shell:Creating package script '/home/ale/Proyecto_CPR/rosbot_ws/install/open_manipulator_x_moveit/share/open_manipulator_x_moveit/package.ps1'
[2.564s] INFO:colcon.colcon_core.shell:Creating package descriptor '/home/ale/Proyecto_CPR/rosbot_ws/install/open_manipulator_x_moveit/share/open_manipulator_x_moveit/package.dsv'
[2.564s] INFO:colcon.colcon_core.shell:Creating package script '/home/ale/Proyecto_CPR/rosbot_ws/install/open_manipulator_x_moveit/share/open_manipulator_x_moveit/package.sh'
[2.564s] INFO:colcon.colcon_core.shell:Creating package script '/home/ale/Proyecto_CPR/rosbot_ws/install/open_manipulator_x_moveit/share/open_manipulator_x_moveit/package.bash'
[2.564s] INFO:colcon.colcon_core.shell:Creating package script '/home/ale/Proyecto_CPR/rosbot_ws/install/open_manipulator_x_moveit/share/open_manipulator_x_moveit/package.zsh'
[2.565s] Level 1:colcon.colcon_core.environment:create_file_with_runtime_dependencies(/home/ale/Proyecto_CPR/rosbot_ws/install/open_manipulator_x_moveit/share/colcon-core/packages/open_manipulator_x_moveit)
[2.565s] Level 1:colcon.colcon_core.environment:create_environment_scripts_only(open_manipulator_x_moveit)
[2.565s] Level 1:colcon.colcon_core.environment:checking '/home/ale/Proyecto_CPR/rosbot_ws/install/open_manipulator_x_moveit' for CMake module files
[2.565s] Level 1:colcon.colcon_core.environment:checking '/home/ale/Proyecto_CPR/rosbot_ws/install/open_manipulator_x_moveit' for CMake config files
[2.565s] Level 1:colcon.colcon_core.shell:create_environment_hook('open_manipulator_x_moveit', 'cmake_prefix_path')
[2.565s] INFO:colcon.colcon_core.shell:Creating environment hook '/home/ale/Proyecto_CPR/rosbot_ws/install/open_manipulator_x_moveit/share/open_manipulator_x_moveit/hook/cmake_prefix_path.ps1'
[2.566s] INFO:colcon.colcon_core.shell:Creating environment descriptor '/home/ale/Proyecto_CPR/rosbot_ws/install/open_manipulator_x_moveit/share/open_manipulator_x_moveit/hook/cmake_prefix_path.dsv'
[2.566s] INFO:colcon.colcon_core.shell:Creating environment hook '/home/ale/Proyecto_CPR/rosbot_ws/install/open_manipulator_x_moveit/share/open_manipulator_x_moveit/hook/cmake_prefix_path.sh'
[2.566s] Level 1:colcon.colcon_core.environment:checking '/home/ale/Proyecto_CPR/rosbot_ws/install/open_manipulator_x_moveit/lib'
[2.566s] Level 1:colcon.colcon_core.environment:checking '/home/ale/Proyecto_CPR/rosbot_ws/install/open_manipulator_x_moveit/bin'
[2.566s] Level 1:colcon.colcon_core.environment:checking '/home/ale/Proyecto_CPR/rosbot_ws/install/open_manipulator_x_moveit/lib/pkgconfig/open_manipulator_x_moveit.pc'
[2.566s] Level 1:colcon.colcon_core.environment:checking '/home/ale/Proyecto_CPR/rosbot_ws/install/open_manipulator_x_moveit/lib/python3.10/site-packages'
[2.566s] Level 1:colcon.colcon_core.environment:checking '/home/ale/Proyecto_CPR/rosbot_ws/install/open_manipulator_x_moveit/bin'
[2.567s] INFO:colcon.colcon_core.shell:Creating package script '/home/ale/Proyecto_CPR/rosbot_ws/install/open_manipulator_x_moveit/share/open_manipulator_x_moveit/package.ps1'
[2.567s] INFO:colcon.colcon_core.shell:Creating package descriptor '/home/ale/Proyecto_CPR/rosbot_ws/install/open_manipulator_x_moveit/share/open_manipulator_x_moveit/package.dsv'
[2.567s] INFO:colcon.colcon_core.shell:Creating package script '/home/ale/Proyecto_CPR/rosbot_ws/install/open_manipulator_x_moveit/share/open_manipulator_x_moveit/package.sh'
[2.567s] INFO:colcon.colcon_core.shell:Creating package script '/home/ale/Proyecto_CPR/rosbot_ws/install/open_manipulator_x_moveit/share/open_manipulator_x_moveit/package.bash'
[2.568s] INFO:colcon.colcon_core.shell:Creating package script '/home/ale/Proyecto_CPR/rosbot_ws/install/open_manipulator_x_moveit/share/open_manipulator_x_moveit/package.zsh'
[2.568s] Level 1:colcon.colcon_core.environment:create_file_with_runtime_dependencies(/home/ale/Proyecto_CPR/rosbot_ws/install/open_manipulator_x_moveit/share/colcon-core/packages/open_manipulator_x_moveit)
[2.568s] INFO:colcon.colcon_ros.task.ament_python.build:Building ROS package in '/home/ale/Proyecto_CPR/rosbot_ws/src/rosbot_ros/rosbot_controller' with build type 'ament_python'
[2.568s] Level 1:colcon.colcon_core.shell:create_environment_hook('rosbot_controller', 'ament_prefix_path')
[2.568s] INFO:colcon.colcon_core.shell:Creating environment hook '/home/ale/Proyecto_CPR/rosbot_ws/install/rosbot_controller/share/rosbot_controller/hook/ament_prefix_path.ps1'
[2.569s] INFO:colcon.colcon_core.shell:Creating environment descriptor '/home/ale/Proyecto_CPR/rosbot_ws/install/rosbot_controller/share/rosbot_controller/hook/ament_prefix_path.dsv'
[2.569s] INFO:colcon.colcon_core.shell:Creating environment hook '/home/ale/Proyecto_CPR/rosbot_ws/install/rosbot_controller/share/rosbot_controller/hook/ament_prefix_path.sh'
[2.569s] INFO:colcon.colcon_core.shell:Skip shell extension 'powershell' for command environment: Not usable outside of PowerShell
[2.569s] DEBUG:colcon.colcon_core.shell:Skip shell extension 'dsv' for command environment
[2.752s] INFO:colcon.colcon_core.task.python.build:Building Python package in '/home/ale/Proyecto_CPR/rosbot_ws/src/rosbot_ros/rosbot_controller'
[2.752s] INFO:colcon.colcon_core.shell:Skip shell extension 'powershell' for command environment: Not usable outside of PowerShell
[2.752s] DEBUG:colcon.colcon_core.shell:Skip shell extension 'dsv' for command environment
[2.996s] DEBUG:colcon.colcon_core.event_handler.log_command:Invoking command in '/home/ale/Proyecto_CPR/rosbot_ws/build/rosbot_controller': AMENT_PREFIX_PATH=/home/ale/Proyecto_CPR/rosbot_ws/install/rosbot_utils:/home/ale/Proyecto_CPR/rosbot_ws/install/rosbot:/home/ale/Proyecto_CPR/rosbot_ws/install/rosbot_localization:/home/ale/Proyecto_CPR/rosbot_ws/install/open_manipulator_x_moveit:/home/ale/Proyecto_CPR/rosbot_ws/install/rosbot_description:/home/ale/Proyecto_CPR/rosbot_ws/install/open_manipulator_x_joy:/home/ale/Proyecto_CPR/rosbot_ws/install/open_manipulator_x_description:/home/ale/Proyecto_CPR/rosbot_ws/install/mecanum_drive_controller:/home/ale/Proyecto_CPR/rosbot_ws/install/husarion_gz_worlds:/home/ale/Proyecto_CPR/rosbot_ws/install/husarion_components_description:/home/ale/Proyecto_CPR/rosbot_ws/install/dynamixel_hardware_interface:/home/ale/Proyecto_CPR/rosbot_ws/install/rosbot_gazebo:/home/ale/Proyecto_CPR/rosbot_ws/install/rosbot_controller:/home/ale/Proyecto_CPR/rosbot_ws/install/controldesc_pkg:/opt/ros/humble CMAKE_PREFIX_PATH=/home/ale/Proyecto_CPR/rosbot_ws/install/open_manipulator_x_moveit:/home/ale/Proyecto_CPR/rosbot_ws/install/rosbot_description:/home/ale/Proyecto_CPR/rosbot_ws/install/open_manipulator_x_description:/home/ale/Proyecto_CPR/rosbot_ws/install/open_manipulator_x_joy:/home/ale/Proyecto_CPR/rosbot_ws/install/mecanum_drive_controller:/home/ale/Proyecto_CPR/rosbot_ws/install/husarion_components_description:/home/ale/Proyecto_CPR/rosbot_ws/install/dynamixel_hardware_interface:/home/ale/Proyecto_CPR/rosbot_ws/install/rosbot_localization:/home/ale/Proyecto_CPR/rosbot_ws/install/rosbot:/home/ale/Proyecto_CPR/rosbot_ws/install/husarion_gz_worlds:/home/ale/Proyecto_CPR/rosbot_ws/install/controldesc_pkg LD_LIBRARY_PATH=/home/ale/Proyecto_CPR/rosbot_ws/install/mecanum_drive_controller/lib:/home/ale/Proyecto_CPR/rosbot_ws/install/dynamixel_hardware_interface/lib:/usr/lib/x86_64-linux-gnu/gazebo-11/plugins:/opt/ros/humble/opt/rviz_ogre_vendor/lib:/opt/ros/humble/lib/x86_64-linux-gnu:/opt/ros/humble/opt/libphidget22/lib:/opt/ros/humble/lib:/usr/lib/x86_64-linux-gnu/gazebo-11/plugins PYTHONPATH=/home/ale/Proyecto_CPR/rosbot_ws/build/rosbot_controller/prefix_override:/usr/lib/python3/dist-packages/colcon_core/task/python/colcon_distutils_commands:/home/ale/Proyecto_CPR/rosbot_ws/install/rosbot_controller/lib/python3.10/site-packages:/home/ale/Proyecto_CPR/rosbot_ws/install/rosbot_utils/lib/python3.10/site-packages:/home/ale/Proyecto_CPR/rosbot_ws/build/rosbot_gazebo:/home/ale/Proyecto_CPR/rosbot_ws/build/rosbot_controller:/home/ale/Proyecto_CPR/rosbot_ws/build/rosbot_utils:/home/ana/rosbot_ws/build/rosbot_gazebo:/home/ale/Proyecto_CPR/rosbot_ws/install/rosbot_gazebo/lib/python3.10/site-packages:/home/ana/rosbot_ws/build/rosbot_controller:/home/ale/Proyecto_CPR/rosbot_ws/install/rosbot_controller/lib/python3.10/site-packages:/home/ana/rosbot_ws/build/rosbot_utils:/opt/ros/humble/lib/python3.10/site-packages:/opt/ros/humble/local/lib/python3.10/dist-packages /usr/bin/python3 -W ignore:setup.py install is deprecated -W ignore:easy_install command is deprecated setup.py develop --uninstall --editable --build-directory /home/ale/Proyecto_CPR/rosbot_ws/build/rosbot_controller/build
[3.307s] DEBUG:colcon.colcon_core.event_handler.log_command:Invoked command in '/home/ale/Proyecto_CPR/rosbot_ws/build/rosbot_controller' returned '0': AMENT_PREFIX_PATH=/home/ale/Proyecto_CPR/rosbot_ws/install/rosbot_utils:/home/ale/Proyecto_CPR/rosbot_ws/install/rosbot:/home/ale/Proyecto_CPR/rosbot_ws/install/rosbot_localization:/home/ale/Proyecto_CPR/rosbot_ws/install/open_manipulator_x_moveit:/home/ale/Proyecto_CPR/rosbot_ws/install/rosbot_description:/home/ale/Proyecto_CPR/rosbot_ws/install/open_manipulator_x_joy:/home/ale/Proyecto_CPR/rosbot_ws/install/open_manipulator_x_description:/home/ale/Proyecto_CPR/rosbot_ws/install/mecanum_drive_controller:/home/ale/Proyecto_CPR/rosbot_ws/install/husarion_gz_worlds:/home/ale/Proyecto_CPR/rosbot_ws/install/husarion_components_description:/home/ale/Proyecto_CPR/rosbot_ws/install/dynamixel_hardware_interface:/home/ale/Proyecto_CPR/rosbot_ws/install/rosbot_gazebo:/home/ale/Proyecto_CPR/rosbot_ws/install/rosbot_controller:/home/ale/Proyecto_CPR/rosbot_ws/install/controldesc_pkg:/opt/ros/humble CMAKE_PREFIX_PATH=/home/ale/Proyecto_CPR/rosbot_ws/install/open_manipulator_x_moveit:/home/ale/Proyecto_CPR/rosbot_ws/install/rosbot_description:/home/ale/Proyecto_CPR/rosbot_ws/install/open_manipulator_x_description:/home/ale/Proyecto_CPR/rosbot_ws/install/open_manipulator_x_joy:/home/ale/Proyecto_CPR/rosbot_ws/install/mecanum_drive_controller:/home/ale/Proyecto_CPR/rosbot_ws/install/husarion_components_description:/home/ale/Proyecto_CPR/rosbot_ws/install/dynamixel_hardware_interface:/home/ale/Proyecto_CPR/rosbot_ws/install/rosbot_localization:/home/ale/Proyecto_CPR/rosbot_ws/install/rosbot:/home/ale/Proyecto_CPR/rosbot_ws/install/husarion_gz_worlds:/home/ale/Proyecto_CPR/rosbot_ws/install/controldesc_pkg LD_LIBRARY_PATH=/home/ale/Proyecto_CPR/rosbot_ws/install/mecanum_drive_controller/lib:/home/ale/Proyecto_CPR/rosbot_ws/install/dynamixel_hardware_interface/lib:/usr/lib/x86_64-linux-gnu/gazebo-11/plugins:/opt/ros/humble/opt/rviz_ogre_vendor/lib:/opt/ros/humble/lib/x86_64-linux-gnu:/opt/ros/humble/opt/libphidget22/lib:/opt/ros/humble/lib:/usr/lib/x86_64-linux-gnu/gazebo-11/plugins PYTHONPATH=/home/ale/Proyecto_CPR/rosbot_ws/build/rosbot_controller/prefix_override:/usr/lib/python3/dist-packages/colcon_core/task/python/colcon_distutils_commands:/home/ale/Proyecto_CPR/rosbot_ws/install/rosbot_controller/lib/python3.10/site-packages:/home/ale/Proyecto_CPR/rosbot_ws/install/rosbot_utils/lib/python3.10/site-packages:/home/ale/Proyecto_CPR/rosbot_ws/build/rosbot_gazebo:/home/ale/Proyecto_CPR/rosbot_ws/build/rosbot_controller:/home/ale/Proyecto_CPR/rosbot_ws/build/rosbot_utils:/home/ana/rosbot_ws/build/rosbot_gazebo:/home/ale/Proyecto_CPR/rosbot_ws/install/rosbot_gazebo/lib/python3.10/site-packages:/home/ana/rosbot_ws/build/rosbot_controller:/home/ale/Proyecto_CPR/rosbot_ws/install/rosbot_controller/lib/python3.10/site-packages:/home/ana/rosbot_ws/build/rosbot_utils:/opt/ros/humble/lib/python3.10/site-packages:/opt/ros/humble/local/lib/python3.10/dist-packages /usr/bin/python3 -W ignore:setup.py install is deprecated -W ignore:easy_install command is deprecated setup.py develop --uninstall --editable --build-directory /home/ale/Proyecto_CPR/rosbot_ws/build/rosbot_controller/build
[3.308s] DEBUG:colcon.colcon_core.event_handler.log_command:Invoking command in '/home/ale/Proyecto_CPR/rosbot_ws/src/rosbot_ros/rosbot_controller': AMENT_PREFIX_PATH=/home/ale/Proyecto_CPR/rosbot_ws/install/rosbot_utils:/home/ale/Proyecto_CPR/rosbot_ws/install/rosbot:/home/ale/Proyecto_CPR/rosbot_ws/install/rosbot_localization:/home/ale/Proyecto_CPR/rosbot_ws/install/open_manipulator_x_moveit:/home/ale/Proyecto_CPR/rosbot_ws/install/rosbot_description:/home/ale/Proyecto_CPR/rosbot_ws/install/open_manipulator_x_joy:/home/ale/Proyecto_CPR/rosbot_ws/install/open_manipulator_x_description:/home/ale/Proyecto_CPR/rosbot_ws/install/mecanum_drive_controller:/home/ale/Proyecto_CPR/rosbot_ws/install/husarion_gz_worlds:/home/ale/Proyecto_CPR/rosbot_ws/install/husarion_components_description:/home/ale/Proyecto_CPR/rosbot_ws/install/dynamixel_hardware_interface:/home/ale/Proyecto_CPR/rosbot_ws/install/rosbot_gazebo:/home/ale/Proyecto_CPR/rosbot_ws/install/rosbot_controller:/home/ale/Proyecto_CPR/rosbot_ws/install/controldesc_pkg:/opt/ros/humble CMAKE_PREFIX_PATH=/home/ale/Proyecto_CPR/rosbot_ws/install/open_manipulator_x_moveit:/home/ale/Proyecto_CPR/rosbot_ws/install/rosbot_description:/home/ale/Proyecto_CPR/rosbot_ws/install/open_manipulator_x_description:/home/ale/Proyecto_CPR/rosbot_ws/install/open_manipulator_x_joy:/home/ale/Proyecto_CPR/rosbot_ws/install/mecanum_drive_controller:/home/ale/Proyecto_CPR/rosbot_ws/install/husarion_components_description:/home/ale/Proyecto_CPR/rosbot_ws/install/dynamixel_hardware_interface:/home/ale/Proyecto_CPR/rosbot_ws/install/rosbot_localization:/home/ale/Proyecto_CPR/rosbot_ws/install/rosbot:/home/ale/Proyecto_CPR/rosbot_ws/install/husarion_gz_worlds:/home/ale/Proyecto_CPR/rosbot_ws/install/controldesc_pkg LD_LIBRARY_PATH=/home/ale/Proyecto_CPR/rosbot_ws/install/mecanum_drive_controller/lib:/home/ale/Proyecto_CPR/rosbot_ws/install/dynamixel_hardware_interface/lib:/usr/lib/x86_64-linux-gnu/gazebo-11/plugins:/opt/ros/humble/opt/rviz_ogre_vendor/lib:/opt/ros/humble/lib/x86_64-linux-gnu:/opt/ros/humble/opt/libphidget22/lib:/opt/ros/humble/lib:/usr/lib/x86_64-linux-gnu/gazebo-11/plugins PYTHONPATH=/home/ale/Proyecto_CPR/rosbot_ws/build/rosbot_controller/prefix_override:/usr/lib/python3/dist-packages/colcon_core/task/python/colcon_distutils_commands:/home/ale/Proyecto_CPR/rosbot_ws/install/rosbot_controller/lib/python3.10/site-packages:/home/ale/Proyecto_CPR/rosbot_ws/install/rosbot_utils/lib/python3.10/site-packages:/home/ale/Proyecto_CPR/rosbot_ws/build/rosbot_gazebo:/home/ale/Proyecto_CPR/rosbot_ws/build/rosbot_controller:/home/ale/Proyecto_CPR/rosbot_ws/build/rosbot_utils:/home/ana/rosbot_ws/build/rosbot_gazebo:/home/ale/Proyecto_CPR/rosbot_ws/install/rosbot_gazebo/lib/python3.10/site-packages:/home/ana/rosbot_ws/build/rosbot_controller:/home/ale/Proyecto_CPR/rosbot_ws/install/rosbot_controller/lib/python3.10/site-packages:/home/ana/rosbot_ws/build/rosbot_utils:/opt/ros/humble/lib/python3.10/site-packages:/opt/ros/humble/local/lib/python3.10/dist-packages /usr/bin/python3 -W ignore:setup.py install is deprecated -W ignore:easy_install command is deprecated setup.py egg_info --egg-base ../../../build/rosbot_controller build --build-base /home/ale/Proyecto_CPR/rosbot_ws/build/rosbot_controller/build install --record /home/ale/Proyecto_CPR/rosbot_ws/build/rosbot_controller/install.log --single-version-externally-managed install_data --force
[3.503s] Level 1:colcon.colcon_core.environment:checking '/home/ale/Proyecto_CPR/rosbot_ws/install/rosbot_controller' for CMake module files
[3.503s] DEBUG:colcon.colcon_core.event_handler.log_command:Invoked command in '/home/ale/Proyecto_CPR/rosbot_ws/src/rosbot_ros/rosbot_controller' returned '0': AMENT_PREFIX_PATH=/home/ale/Proyecto_CPR/rosbot_ws/install/rosbot_utils:/home/ale/Proyecto_CPR/rosbot_ws/install/rosbot:/home/ale/Proyecto_CPR/rosbot_ws/install/rosbot_localization:/home/ale/Proyecto_CPR/rosbot_ws/install/open_manipulator_x_moveit:/home/ale/Proyecto_CPR/rosbot_ws/install/rosbot_description:/home/ale/Proyecto_CPR/rosbot_ws/install/open_manipulator_x_joy:/home/ale/Proyecto_CPR/rosbot_ws/install/open_manipulator_x_description:/home/ale/Proyecto_CPR/rosbot_ws/install/mecanum_drive_controller:/home/ale/Proyecto_CPR/rosbot_ws/install/husarion_gz_worlds:/home/ale/Proyecto_CPR/rosbot_ws/install/husarion_components_description:/home/ale/Proyecto_CPR/rosbot_ws/install/dynamixel_hardware_interface:/home/ale/Proyecto_CPR/rosbot_ws/install/rosbot_gazebo:/home/ale/Proyecto_CPR/rosbot_ws/install/rosbot_controller:/home/ale/Proyecto_CPR/rosbot_ws/install/controldesc_pkg:/opt/ros/humble CMAKE_PREFIX_PATH=/home/ale/Proyecto_CPR/rosbot_ws/install/open_manipulator_x_moveit:/home/ale/Proyecto_CPR/rosbot_ws/install/rosbot_description:/home/ale/Proyecto_CPR/rosbot_ws/install/open_manipulator_x_description:/home/ale/Proyecto_CPR/rosbot_ws/install/open_manipulator_x_joy:/home/ale/Proyecto_CPR/rosbot_ws/install/mecanum_drive_controller:/home/ale/Proyecto_CPR/rosbot_ws/install/husarion_components_description:/home/ale/Proyecto_CPR/rosbot_ws/install/dynamixel_hardware_interface:/home/ale/Proyecto_CPR/rosbot_ws/install/rosbot_localization:/home/ale/Proyecto_CPR/rosbot_ws/install/rosbot:/home/ale/Proyecto_CPR/rosbot_ws/install/husarion_gz_worlds:/home/ale/Proyecto_CPR/rosbot_ws/install/controldesc_pkg LD_LIBRARY_PATH=/home/ale/Proyecto_CPR/rosbot_ws/install/mecanum_drive_controller/lib:/home/ale/Proyecto_CPR/rosbot_ws/install/dynamixel_hardware_interface/lib:/usr/lib/x86_64-linux-gnu/gazebo-11/plugins:/opt/ros/humble/opt/rviz_ogre_vendor/lib:/opt/ros/humble/lib/x86_64-linux-gnu:/opt/ros/humble/opt/libphidget22/lib:/opt/ros/humble/lib:/usr/lib/x86_64-linux-gnu/gazebo-11/plugins PYTHONPATH=/home/ale/Proyecto_CPR/rosbot_ws/build/rosbot_controller/prefix_override:/usr/lib/python3/dist-packages/colcon_core/task/python/colcon_distutils_commands:/home/ale/Proyecto_CPR/rosbot_ws/install/rosbot_controller/lib/python3.10/site-packages:/home/ale/Proyecto_CPR/rosbot_ws/install/rosbot_utils/lib/python3.10/site-packages:/home/ale/Proyecto_CPR/rosbot_ws/build/rosbot_gazebo:/home/ale/Proyecto_CPR/rosbot_ws/build/rosbot_controller:/home/ale/Proyecto_CPR/rosbot_ws/build/rosbot_utils:/home/ana/rosbot_ws/build/rosbot_gazebo:/home/ale/Proyecto_CPR/rosbot_ws/install/rosbot_gazebo/lib/python3.10/site-packages:/home/ana/rosbot_ws/build/rosbot_controller:/home/ale/Proyecto_CPR/rosbot_ws/install/rosbot_controller/lib/python3.10/site-packages:/home/ana/rosbot_ws/build/rosbot_utils:/opt/ros/humble/lib/python3.10/site-packages:/opt/ros/humble/local/lib/python3.10/dist-packages /usr/bin/python3 -W ignore:setup.py install is deprecated -W ignore:easy_install command is deprecated setup.py egg_info --egg-base ../../../build/rosbot_controller build --build-base /home/ale/Proyecto_CPR/rosbot_ws/build/rosbot_controller/build install --record /home/ale/Proyecto_CPR/rosbot_ws/build/rosbot_controller/install.log --single-version-externally-managed install_data --force
[3.504s] Level 1:colcon.colcon_core.environment:checking '/home/ale/Proyecto_CPR/rosbot_ws/install/rosbot_controller' for CMake config files
[3.504s] Level 1:colcon.colcon_core.environment:checking '/home/ale/Proyecto_CPR/rosbot_ws/install/rosbot_controller/lib'
[3.504s] Level 1:colcon.colcon_core.environment:checking '/home/ale/Proyecto_CPR/rosbot_ws/install/rosbot_controller/bin'
[3.504s] Level 1:colcon.colcon_core.environment:checking '/home/ale/Proyecto_CPR/rosbot_ws/install/rosbot_controller/lib/pkgconfig/rosbot_controller.pc'
[3.504s] Level 1:colcon.colcon_core.environment:checking '/home/ale/Proyecto_CPR/rosbot_ws/install/rosbot_controller/lib/python3.10/site-packages'
[3.504s] Level 1:colcon.colcon_core.shell:create_environment_hook('rosbot_controller', 'pythonpath')
[3.504s] INFO:colcon.colcon_core.shell:Creating environment hook '/home/ale/Proyecto_CPR/rosbot_ws/install/rosbot_controller/share/rosbot_controller/hook/pythonpath.ps1'
[3.505s] INFO:colcon.colcon_core.shell:Creating environment descriptor '/home/ale/Proyecto_CPR/rosbot_ws/install/rosbot_controller/share/rosbot_controller/hook/pythonpath.dsv'
[3.505s] INFO:colcon.colcon_core.shell:Creating environment hook '/home/ale/Proyecto_CPR/rosbot_ws/install/rosbot_controller/share/rosbot_controller/hook/pythonpath.sh'
[3.505s] Level 1:colcon.colcon_core.environment:checking '/home/ale/Proyecto_CPR/rosbot_ws/install/rosbot_controller/bin'
[3.505s] Level 1:colcon.colcon_core.environment:create_environment_scripts_only(rosbot_controller)
[3.506s] INFO:colcon.colcon_core.shell:Creating package script '/home/ale/Proyecto_CPR/rosbot_ws/install/rosbot_controller/share/rosbot_controller/package.ps1'
[3.506s] INFO:colcon.colcon_core.shell:Creating package descriptor '/home/ale/Proyecto_CPR/rosbot_ws/install/rosbot_controller/share/rosbot_controller/package.dsv'
[3.506s] INFO:colcon.colcon_core.shell:Creating package script '/home/ale/Proyecto_CPR/rosbot_ws/install/rosbot_controller/share/rosbot_controller/package.sh'
[3.506s] INFO:colcon.colcon_core.shell:Creating package script '/home/ale/Proyecto_CPR/rosbot_ws/install/rosbot_controller/share/rosbot_controller/package.bash'
[3.506s] INFO:colcon.colcon_core.shell:Creating package script '/home/ale/Proyecto_CPR/rosbot_ws/install/rosbot_controller/share/rosbot_controller/package.zsh'
[3.507s] Level 1:colcon.colcon_core.environment:create_file_with_runtime_dependencies(/home/ale/Proyecto_CPR/rosbot_ws/install/rosbot_controller/share/colcon-core/packages/rosbot_controller)
[3.507s] INFO:colcon.colcon_ros.task.ament_python.build:Building ROS package in '/home/ale/Proyecto_CPR/rosbot_ws/src/rosbot_ros/rosbot_gazebo' with build type 'ament_python'
[3.507s] Level 1:colcon.colcon_core.shell:create_environment_hook('rosbot_gazebo', 'ament_prefix_path')
[3.507s] INFO:colcon.colcon_core.shell:Creating environment hook '/home/ale/Proyecto_CPR/rosbot_ws/install/rosbot_gazebo/share/rosbot_gazebo/hook/ament_prefix_path.ps1'
[3.507s] INFO:colcon.colcon_core.shell:Creating environment descriptor '/home/ale/Proyecto_CPR/rosbot_ws/install/rosbot_gazebo/share/rosbot_gazebo/hook/ament_prefix_path.dsv'
[3.508s] INFO:colcon.colcon_core.shell:Creating environment hook '/home/ale/Proyecto_CPR/rosbot_ws/install/rosbot_gazebo/share/rosbot_gazebo/hook/ament_prefix_path.sh'
[3.508s] INFO:colcon.colcon_core.shell:Skip shell extension 'powershell' for command environment: Not usable outside of PowerShell
[3.508s] DEBUG:colcon.colcon_core.shell:Skip shell extension 'dsv' for command environment
[3.693s] INFO:colcon.colcon_core.task.python.build:Building Python package in '/home/ale/Proyecto_CPR/rosbot_ws/src/rosbot_ros/rosbot_gazebo'
[3.693s] INFO:colcon.colcon_core.shell:Skip shell extension 'powershell' for command environment: Not usable outside of PowerShell
[3.693s] DEBUG:colcon.colcon_core.shell:Skip shell extension 'dsv' for command environment
[3.938s] DEBUG:colcon.colcon_core.event_handler.log_command:Invoking command in '/home/ale/Proyecto_CPR/rosbot_ws/build/rosbot_gazebo': AMENT_PREFIX_PATH=/home/ale/Proyecto_CPR/rosbot_ws/install/rosbot_controller:/home/ale/Proyecto_CPR/rosbot_ws/install/rosbot_utils:/home/ale/Proyecto_CPR/rosbot_ws/install/rosbot:/home/ale/Proyecto_CPR/rosbot_ws/install/rosbot_localization:/home/ale/Proyecto_CPR/rosbot_ws/install/open_manipulator_x_moveit:/home/ale/Proyecto_CPR/rosbot_ws/install/rosbot_description:/home/ale/Proyecto_CPR/rosbot_ws/install/open_manipulator_x_joy:/home/ale/Proyecto_CPR/rosbot_ws/install/open_manipulator_x_description:/home/ale/Proyecto_CPR/rosbot_ws/install/mecanum_drive_controller:/home/ale/Proyecto_CPR/rosbot_ws/install/husarion_gz_worlds:/home/ale/Proyecto_CPR/rosbot_ws/install/husarion_components_description:/home/ale/Proyecto_CPR/rosbot_ws/install/dynamixel_hardware_interface:/home/ale/Proyecto_CPR/rosbot_ws/install/rosbot_gazebo:/home/ale/Proyecto_CPR/rosbot_ws/install/controldesc_pkg:/opt/ros/humble CMAKE_PREFIX_PATH=/home/ale/Proyecto_CPR/rosbot_ws/install/open_manipulator_x_moveit:/home/ale/Proyecto_CPR/rosbot_ws/install/rosbot_description:/home/ale/Proyecto_CPR/rosbot_ws/install/open_manipulator_x_description:/home/ale/Proyecto_CPR/rosbot_ws/install/rosbot_localization:/home/ale/Proyecto_CPR/rosbot_ws/install/open_manipulator_x_joy:/home/ale/Proyecto_CPR/rosbot_ws/install/mecanum_drive_controller:/home/ale/Proyecto_CPR/rosbot_ws/install/husarion_gz_worlds:/home/ale/Proyecto_CPR/rosbot_ws/install/husarion_components_description:/home/ale/Proyecto_CPR/rosbot_ws/install/dynamixel_hardware_interface:/home/ale/Proyecto_CPR/rosbot_ws/install/rosbot:/home/ale/Proyecto_CPR/rosbot_ws/install/controldesc_pkg LD_LIBRARY_PATH=/home/ale/Proyecto_CPR/rosbot_ws/install/mecanum_drive_controller/lib:/home/ale/Proyecto_CPR/rosbot_ws/install/dynamixel_hardware_interface/lib:/usr/lib/x86_64-linux-gnu/gazebo-11/plugins:/opt/ros/humble/opt/rviz_ogre_vendor/lib:/opt/ros/humble/lib/x86_64-linux-gnu:/opt/ros/humble/opt/libphidget22/lib:/opt/ros/humble/lib:/usr/lib/x86_64-linux-gnu/gazebo-11/plugins PYTHONPATH=/home/ale/Proyecto_CPR/rosbot_ws/build/rosbot_gazebo/prefix_override:/usr/lib/python3/dist-packages/colcon_core/task/python/colcon_distutils_commands:/home/ale/Proyecto_CPR/rosbot_ws/install/rosbot_gazebo/lib/python3.10/site-packages:/home/ale/Proyecto_CPR/rosbot_ws/install/rosbot_controller/lib/python3.10/site-packages:/home/ale/Proyecto_CPR/rosbot_ws/install/rosbot_utils/lib/python3.10/site-packages:/home/ale/Proyecto_CPR/rosbot_ws/build/rosbot_gazebo:/home/ale/Proyecto_CPR/rosbot_ws/build/rosbot_controller:/home/ale/Proyecto_CPR/rosbot_ws/build/rosbot_utils:/home/ana/rosbot_ws/build/rosbot_gazebo:/home/ale/Proyecto_CPR/rosbot_ws/install/rosbot_gazebo/lib/python3.10/site-packages:/home/ana/rosbot_ws/build/rosbot_controller:/home/ana/rosbot_ws/build/rosbot_utils:/opt/ros/humble/lib/python3.10/site-packages:/opt/ros/humble/local/lib/python3.10/dist-packages /usr/bin/python3 -W ignore:setup.py install is deprecated -W ignore:easy_install command is deprecated setup.py develop --uninstall --editable --build-directory /home/ale/Proyecto_CPR/rosbot_ws/build/rosbot_gazebo/build
[4.161s] DEBUG:colcon.colcon_core.event_handler.log_command:Invoked command in '/home/ale/Proyecto_CPR/rosbot_ws/build/controldesc_pkg' returned '0': CMAKE_PREFIX_PATH=${CMAKE_PREFIX_PATH}:/home/ale/Proyecto_CPR/rosbot_ws/install/rosbot_gazebo:/home/ale/Proyecto_CPR/rosbot_ws/install/rosbot_controller:/home/ale/Proyecto_CPR/rosbot_ws/install/rosbot_utils:/opt/ros/humble /usr/bin/cmake --build /home/ale/Proyecto_CPR/rosbot_ws/build/controldesc_pkg -- -j16 -l16
[4.163s] DEBUG:colcon.colcon_core.event_handler.log_command:Invoking command in '/home/ale/Proyecto_CPR/rosbot_ws/build/controldesc_pkg': CMAKE_PREFIX_PATH=${CMAKE_PREFIX_PATH}:/home/ale/Proyecto_CPR/rosbot_ws/install/rosbot_gazebo:/home/ale/Proyecto_CPR/rosbot_ws/install/rosbot_controller:/home/ale/Proyecto_CPR/rosbot_ws/install/rosbot_utils:/opt/ros/humble /usr/bin/cmake --install /home/ale/Proyecto_CPR/rosbot_ws/build/controldesc_pkg
[4.170s] Level 1:colcon.colcon_core.environment:create_environment_scripts_only(controldesc_pkg)
[4.170s] Level 1:colcon.colcon_core.environment:checking '/home/ale/Proyecto_CPR/rosbot_ws/install/controldesc_pkg' for CMake module files
[4.171s] DEBUG:colcon.colcon_core.event_handler.log_command:Invoked command in '/home/ale/Proyecto_CPR/rosbot_ws/build/controldesc_pkg' returned '0': CMAKE_PREFIX_PATH=${CMAKE_PREFIX_PATH}:/home/ale/Proyecto_CPR/rosbot_ws/install/rosbot_gazebo:/home/ale/Proyecto_CPR/rosbot_ws/install/rosbot_controller:/home/ale/Proyecto_CPR/rosbot_ws/install/rosbot_utils:/opt/ros/humble /usr/bin/cmake --install /home/ale/Proyecto_CPR/rosbot_ws/build/controldesc_pkg
[4.171s] Level 1:colcon.colcon_core.environment:checking '/home/ale/Proyecto_CPR/rosbot_ws/install/controldesc_pkg' for CMake config files
[4.172s] Level 1:colcon.colcon_core.shell:create_environment_hook('controldesc_pkg', 'cmake_prefix_path')
[4.172s] INFO:colcon.colcon_core.shell:Creating environment hook '/home/ale/Proyecto_CPR/rosbot_ws/install/controldesc_pkg/share/controldesc_pkg/hook/cmake_prefix_path.ps1'
[4.172s] INFO:colcon.colcon_core.shell:Creating environment descriptor '/home/ale/Proyecto_CPR/rosbot_ws/install/controldesc_pkg/share/controldesc_pkg/hook/cmake_prefix_path.dsv'
[4.173s] INFO:colcon.colcon_core.shell:Creating environment hook '/home/ale/Proyecto_CPR/rosbot_ws/install/controldesc_pkg/share/controldesc_pkg/hook/cmake_prefix_path.sh'
[4.173s] Level 1:colcon.colcon_core.environment:checking '/home/ale/Proyecto_CPR/rosbot_ws/install/controldesc_pkg/lib'
[4.173s] Level 1:colcon.colcon_core.environment:checking '/home/ale/Proyecto_CPR/rosbot_ws/install/controldesc_pkg/bin'
[4.173s] Level 1:colcon.colcon_core.environment:checking '/home/ale/Proyecto_CPR/rosbot_ws/install/controldesc_pkg/lib/pkgconfig/controldesc_pkg.pc'
[4.174s] Level 1:colcon.colcon_core.environment:checking '/home/ale/Proyecto_CPR/rosbot_ws/install/controldesc_pkg/lib/python3.10/site-packages'
[4.174s] Level 1:colcon.colcon_core.environment:checking '/home/ale/Proyecto_CPR/rosbot_ws/install/controldesc_pkg/bin'
[4.174s] INFO:colcon.colcon_core.shell:Creating package script '/home/ale/Proyecto_CPR/rosbot_ws/install/controldesc_pkg/share/controldesc_pkg/package.ps1'
[4.175s] INFO:colcon.colcon_core.shell:Creating package descriptor '/home/ale/Proyecto_CPR/rosbot_ws/install/controldesc_pkg/share/controldesc_pkg/package.dsv'
[4.175s] INFO:colcon.colcon_core.shell:Creating package script '/home/ale/Proyecto_CPR/rosbot_ws/install/controldesc_pkg/share/controldesc_pkg/package.sh'
[4.176s] INFO:colcon.colcon_core.shell:Creating package script '/home/ale/Proyecto_CPR/rosbot_ws/install/controldesc_pkg/share/controldesc_pkg/package.bash'
[4.176s] INFO:colcon.colcon_core.shell:Creating package script '/home/ale/Proyecto_CPR/rosbot_ws/install/controldesc_pkg/share/controldesc_pkg/package.zsh'
[4.176s] Level 1:colcon.colcon_core.environment:create_file_with_runtime_dependencies(/home/ale/Proyecto_CPR/rosbot_ws/install/controldesc_pkg/share/colcon-core/packages/controldesc_pkg)
[4.176s] Level 1:colcon.colcon_core.environment:create_environment_scripts_only(controldesc_pkg)
[4.176s] Level 1:colcon.colcon_core.environment:checking '/home/ale/Proyecto_CPR/rosbot_ws/install/controldesc_pkg' for CMake module files
[4.177s] Level 1:colcon.colcon_core.environment:checking '/home/ale/Proyecto_CPR/rosbot_ws/install/controldesc_pkg' for CMake config files
[4.177s] Level 1:colcon.colcon_core.shell:create_environment_hook('controldesc_pkg', 'cmake_prefix_path')
[4.177s] INFO:colcon.colcon_core.shell:Creating environment hook '/home/ale/Proyecto_CPR/rosbot_ws/install/controldesc_pkg/share/controldesc_pkg/hook/cmake_prefix_path.ps1'
[4.177s] INFO:colcon.colcon_core.shell:Creating environment descriptor '/home/ale/Proyecto_CPR/rosbot_ws/install/controldesc_pkg/share/controldesc_pkg/hook/cmake_prefix_path.dsv'
[4.177s] INFO:colcon.colcon_core.shell:Creating environment hook '/home/ale/Proyecto_CPR/rosbot_ws/install/controldesc_pkg/share/controldesc_pkg/hook/cmake_prefix_path.sh'
[4.178s] Level 1:colcon.colcon_core.environment:checking '/home/ale/Proyecto_CPR/rosbot_ws/install/controldesc_pkg/lib'
[4.178s] Level 1:colcon.colcon_core.environment:checking '/home/ale/Proyecto_CPR/rosbot_ws/install/controldesc_pkg/bin'
[4.178s] Level 1:colcon.colcon_core.environment:checking '/home/ale/Proyecto_CPR/rosbot_ws/install/controldesc_pkg/lib/pkgconfig/controldesc_pkg.pc'
[4.178s] Level 1:colcon.colcon_core.environment:checking '/home/ale/Proyecto_CPR/rosbot_ws/install/controldesc_pkg/lib/python3.10/site-packages'
[4.178s] Level 1:colcon.colcon_core.environment:checking '/home/ale/Proyecto_CPR/rosbot_ws/install/controldesc_pkg/bin'
[4.178s] INFO:colcon.colcon_core.shell:Creating package script '/home/ale/Proyecto_CPR/rosbot_ws/install/controldesc_pkg/share/controldesc_pkg/package.ps1'
[4.178s] INFO:colcon.colcon_core.shell:Creating package descriptor '/home/ale/Proyecto_CPR/rosbot_ws/install/controldesc_pkg/share/controldesc_pkg/package.dsv'
[4.179s] INFO:colcon.colcon_core.shell:Creating package script '/home/ale/Proyecto_CPR/rosbot_ws/install/controldesc_pkg/share/controldesc_pkg/package.sh'
[4.179s] INFO:colcon.colcon_core.shell:Creating package script '/home/ale/Proyecto_CPR/rosbot_ws/install/controldesc_pkg/share/controldesc_pkg/package.bash'
[4.179s] INFO:colcon.colcon_core.shell:Creating package script '/home/ale/Proyecto_CPR/rosbot_ws/install/controldesc_pkg/share/controldesc_pkg/package.zsh'
[4.179s] Level 1:colcon.colcon_core.environment:create_file_with_runtime_dependencies(/home/ale/Proyecto_CPR/rosbot_ws/install/controldesc_pkg/share/colcon-core/packages/controldesc_pkg)
[4.259s] DEBUG:colcon.colcon_core.event_handler.log_command:Invoked command in '/home/ale/Proyecto_CPR/rosbot_ws/build/rosbot_gazebo' returned '0': AMENT_PREFIX_PATH=/home/ale/Proyecto_CPR/rosbot_ws/install/rosbot_controller:/home/ale/Proyecto_CPR/rosbot_ws/install/rosbot_utils:/home/ale/Proyecto_CPR/rosbot_ws/install/rosbot:/home/ale/Proyecto_CPR/rosbot_ws/install/rosbot_localization:/home/ale/Proyecto_CPR/rosbot_ws/install/open_manipulator_x_moveit:/home/ale/Proyecto_CPR/rosbot_ws/install/rosbot_description:/home/ale/Proyecto_CPR/rosbot_ws/install/open_manipulator_x_joy:/home/ale/Proyecto_CPR/rosbot_ws/install/open_manipulator_x_description:/home/ale/Proyecto_CPR/rosbot_ws/install/mecanum_drive_controller:/home/ale/Proyecto_CPR/rosbot_ws/install/husarion_gz_worlds:/home/ale/Proyecto_CPR/rosbot_ws/install/husarion_components_description:/home/ale/Proyecto_CPR/rosbot_ws/install/dynamixel_hardware_interface:/home/ale/Proyecto_CPR/rosbot_ws/install/rosbot_gazebo:/home/ale/Proyecto_CPR/rosbot_ws/install/controldesc_pkg:/opt/ros/humble CMAKE_PREFIX_PATH=/home/ale/Proyecto_CPR/rosbot_ws/install/open_manipulator_x_moveit:/home/ale/Proyecto_CPR/rosbot_ws/install/rosbot_description:/home/ale/Proyecto_CPR/rosbot_ws/install/open_manipulator_x_description:/home/ale/Proyecto_CPR/rosbot_ws/install/rosbot_localization:/home/ale/Proyecto_CPR/rosbot_ws/install/open_manipulator_x_joy:/home/ale/Proyecto_CPR/rosbot_ws/install/mecanum_drive_controller:/home/ale/Proyecto_CPR/rosbot_ws/install/husarion_gz_worlds:/home/ale/Proyecto_CPR/rosbot_ws/install/husarion_components_description:/home/ale/Proyecto_CPR/rosbot_ws/install/dynamixel_hardware_interface:/home/ale/Proyecto_CPR/rosbot_ws/install/rosbot:/home/ale/Proyecto_CPR/rosbot_ws/install/controldesc_pkg LD_LIBRARY_PATH=/home/ale/Proyecto_CPR/rosbot_ws/install/mecanum_drive_controller/lib:/home/ale/Proyecto_CPR/rosbot_ws/install/dynamixel_hardware_interface/lib:/usr/lib/x86_64-linux-gnu/gazebo-11/plugins:/opt/ros/humble/opt/rviz_ogre_vendor/lib:/opt/ros/humble/lib/x86_64-linux-gnu:/opt/ros/humble/opt/libphidget22/lib:/opt/ros/humble/lib:/usr/lib/x86_64-linux-gnu/gazebo-11/plugins PYTHONPATH=/home/ale/Proyecto_CPR/rosbot_ws/build/rosbot_gazebo/prefix_override:/usr/lib/python3/dist-packages/colcon_core/task/python/colcon_distutils_commands:/home/ale/Proyecto_CPR/rosbot_ws/install/rosbot_gazebo/lib/python3.10/site-packages:/home/ale/Proyecto_CPR/rosbot_ws/install/rosbot_controller/lib/python3.10/site-packages:/home/ale/Proyecto_CPR/rosbot_ws/install/rosbot_utils/lib/python3.10/site-packages:/home/ale/Proyecto_CPR/rosbot_ws/build/rosbot_gazebo:/home/ale/Proyecto_CPR/rosbot_ws/build/rosbot_controller:/home/ale/Proyecto_CPR/rosbot_ws/build/rosbot_utils:/home/ana/rosbot_ws/build/rosbot_gazebo:/home/ale/Proyecto_CPR/rosbot_ws/install/rosbot_gazebo/lib/python3.10/site-packages:/home/ana/rosbot_ws/build/rosbot_controller:/home/ana/rosbot_ws/build/rosbot_utils:/opt/ros/humble/lib/python3.10/site-packages:/opt/ros/humble/local/lib/python3.10/dist-packages /usr/bin/python3 -W ignore:setup.py install is deprecated -W ignore:easy_install command is deprecated setup.py develop --uninstall --editable --build-directory /home/ale/Proyecto_CPR/rosbot_ws/build/rosbot_gazebo/build
[4.259s] DEBUG:colcon.colcon_core.event_handler.log_command:Invoking command in '/home/ale/Proyecto_CPR/rosbot_ws/src/rosbot_ros/rosbot_gazebo': AMENT_PREFIX_PATH=/home/ale/Proyecto_CPR/rosbot_ws/install/rosbot_controller:/home/ale/Proyecto_CPR/rosbot_ws/install/rosbot_utils:/home/ale/Proyecto_CPR/rosbot_ws/install/rosbot:/home/ale/Proyecto_CPR/rosbot_ws/install/rosbot_localization:/home/ale/Proyecto_CPR/rosbot_ws/install/open_manipulator_x_moveit:/home/ale/Proyecto_CPR/rosbot_ws/install/rosbot_description:/home/ale/Proyecto_CPR/rosbot_ws/install/open_manipulator_x_joy:/home/ale/Proyecto_CPR/rosbot_ws/install/open_manipulator_x_description:/home/ale/Proyecto_CPR/rosbot_ws/install/mecanum_drive_controller:/home/ale/Proyecto_CPR/rosbot_ws/install/husarion_gz_worlds:/home/ale/Proyecto_CPR/rosbot_ws/install/husarion_components_description:/home/ale/Proyecto_CPR/rosbot_ws/install/dynamixel_hardware_interface:/home/ale/Proyecto_CPR/rosbot_ws/install/rosbot_gazebo:/home/ale/Proyecto_CPR/rosbot_ws/install/controldesc_pkg:/opt/ros/humble CMAKE_PREFIX_PATH=/home/ale/Proyecto_CPR/rosbot_ws/install/open_manipulator_x_moveit:/home/ale/Proyecto_CPR/rosbot_ws/install/rosbot_description:/home/ale/Proyecto_CPR/rosbot_ws/install/open_manipulator_x_description:/home/ale/Proyecto_CPR/rosbot_ws/install/rosbot_localization:/home/ale/Proyecto_CPR/rosbot_ws/install/open_manipulator_x_joy:/home/ale/Proyecto_CPR/rosbot_ws/install/mecanum_drive_controller:/home/ale/Proyecto_CPR/rosbot_ws/install/husarion_gz_worlds:/home/ale/Proyecto_CPR/rosbot_ws/install/husarion_components_description:/home/ale/Proyecto_CPR/rosbot_ws/install/dynamixel_hardware_interface:/home/ale/Proyecto_CPR/rosbot_ws/install/rosbot:/home/ale/Proyecto_CPR/rosbot_ws/install/controldesc_pkg LD_LIBRARY_PATH=/home/ale/Proyecto_CPR/rosbot_ws/install/mecanum_drive_controller/lib:/home/ale/Proyecto_CPR/rosbot_ws/install/dynamixel_hardware_interface/lib:/usr/lib/x86_64-linux-gnu/gazebo-11/plugins:/opt/ros/humble/opt/rviz_ogre_vendor/lib:/opt/ros/humble/lib/x86_64-linux-gnu:/opt/ros/humble/opt/libphidget22/lib:/opt/ros/humble/lib:/usr/lib/x86_64-linux-gnu/gazebo-11/plugins PYTHONPATH=/home/ale/Proyecto_CPR/rosbot_ws/build/rosbot_gazebo/prefix_override:/usr/lib/python3/dist-packages/colcon_core/task/python/colcon_distutils_commands:/home/ale/Proyecto_CPR/rosbot_ws/install/rosbot_gazebo/lib/python3.10/site-packages:/home/ale/Proyecto_CPR/rosbot_ws/install/rosbot_controller/lib/python3.10/site-packages:/home/ale/Proyecto_CPR/rosbot_ws/install/rosbot_utils/lib/python3.10/site-packages:/home/ale/Proyecto_CPR/rosbot_ws/build/rosbot_gazebo:/home/ale/Proyecto_CPR/rosbot_ws/build/rosbot_controller:/home/ale/Proyecto_CPR/rosbot_ws/build/rosbot_utils:/home/ana/rosbot_ws/build/rosbot_gazebo:/home/ale/Proyecto_CPR/rosbot_ws/install/rosbot_gazebo/lib/python3.10/site-packages:/home/ana/rosbot_ws/build/rosbot_controller:/home/ana/rosbot_ws/build/rosbot_utils:/opt/ros/humble/lib/python3.10/site-packages:/opt/ros/humble/local/lib/python3.10/dist-packages /usr/bin/python3 -W ignore:setup.py install is deprecated -W ignore:easy_install command is deprecated setup.py egg_info --egg-base ../../../build/rosbot_gazebo build --build-base /home/ale/Proyecto_CPR/rosbot_ws/build/rosbot_gazebo/build install --record /home/ale/Proyecto_CPR/rosbot_ws/build/rosbot_gazebo/install.log --single-version-externally-managed install_data --force
[4.447s] Level 1:colcon.colcon_core.environment:checking '/home/ale/Proyecto_CPR/rosbot_ws/install/rosbot_gazebo' for CMake module files
[4.448s] DEBUG:colcon.colcon_core.event_handler.log_command:Invoked command in '/home/ale/Proyecto_CPR/rosbot_ws/src/rosbot_ros/rosbot_gazebo' returned '0': AMENT_PREFIX_PATH=/home/ale/Proyecto_CPR/rosbot_ws/install/rosbot_controller:/home/ale/Proyecto_CPR/rosbot_ws/install/rosbot_utils:/home/ale/Proyecto_CPR/rosbot_ws/install/rosbot:/home/ale/Proyecto_CPR/rosbot_ws/install/rosbot_localization:/home/ale/Proyecto_CPR/rosbot_ws/install/open_manipulator_x_moveit:/home/ale/Proyecto_CPR/rosbot_ws/install/rosbot_description:/home/ale/Proyecto_CPR/rosbot_ws/install/open_manipulator_x_joy:/home/ale/Proyecto_CPR/rosbot_ws/install/open_manipulator_x_description:/home/ale/Proyecto_CPR/rosbot_ws/install/mecanum_drive_controller:/home/ale/Proyecto_CPR/rosbot_ws/install/husarion_gz_worlds:/home/ale/Proyecto_CPR/rosbot_ws/install/husarion_components_description:/home/ale/Proyecto_CPR/rosbot_ws/install/dynamixel_hardware_interface:/home/ale/Proyecto_CPR/rosbot_ws/install/rosbot_gazebo:/home/ale/Proyecto_CPR/rosbot_ws/install/controldesc_pkg:/opt/ros/humble CMAKE_PREFIX_PATH=/home/ale/Proyecto_CPR/rosbot_ws/install/open_manipulator_x_moveit:/home/ale/Proyecto_CPR/rosbot_ws/install/rosbot_description:/home/ale/Proyecto_CPR/rosbot_ws/install/open_manipulator_x_description:/home/ale/Proyecto_CPR/rosbot_ws/install/rosbot_localization:/home/ale/Proyecto_CPR/rosbot_ws/install/open_manipulator_x_joy:/home/ale/Proyecto_CPR/rosbot_ws/install/mecanum_drive_controller:/home/ale/Proyecto_CPR/rosbot_ws/install/husarion_gz_worlds:/home/ale/Proyecto_CPR/rosbot_ws/install/husarion_components_description:/home/ale/Proyecto_CPR/rosbot_ws/install/dynamixel_hardware_interface:/home/ale/Proyecto_CPR/rosbot_ws/install/rosbot:/home/ale/Proyecto_CPR/rosbot_ws/install/controldesc_pkg LD_LIBRARY_PATH=/home/ale/Proyecto_CPR/rosbot_ws/install/mecanum_drive_controller/lib:/home/ale/Proyecto_CPR/rosbot_ws/install/dynamixel_hardware_interface/lib:/usr/lib/x86_64-linux-gnu/gazebo-11/plugins:/opt/ros/humble/opt/rviz_ogre_vendor/lib:/opt/ros/humble/lib/x86_64-linux-gnu:/opt/ros/humble/opt/libphidget22/lib:/opt/ros/humble/lib:/usr/lib/x86_64-linux-gnu/gazebo-11/plugins PYTHONPATH=/home/ale/Proyecto_CPR/rosbot_ws/build/rosbot_gazebo/prefix_override:/usr/lib/python3/dist-packages/colcon_core/task/python/colcon_distutils_commands:/home/ale/Proyecto_CPR/rosbot_ws/install/rosbot_gazebo/lib/python3.10/site-packages:/home/ale/Proyecto_CPR/rosbot_ws/install/rosbot_controller/lib/python3.10/site-packages:/home/ale/Proyecto_CPR/rosbot_ws/install/rosbot_utils/lib/python3.10/site-packages:/home/ale/Proyecto_CPR/rosbot_ws/build/rosbot_gazebo:/home/ale/Proyecto_CPR/rosbot_ws/build/rosbot_controller:/home/ale/Proyecto_CPR/rosbot_ws/build/rosbot_utils:/home/ana/rosbot_ws/build/rosbot_gazebo:/home/ale/Proyecto_CPR/rosbot_ws/install/rosbot_gazebo/lib/python3.10/site-packages:/home/ana/rosbot_ws/build/rosbot_controller:/home/ana/rosbot_ws/build/rosbot_utils:/opt/ros/humble/lib/python3.10/site-packages:/opt/ros/humble/local/lib/python3.10/dist-packages /usr/bin/python3 -W ignore:setup.py install is deprecated -W ignore:easy_install command is deprecated setup.py egg_info --egg-base ../../../build/rosbot_gazebo build --build-base /home/ale/Proyecto_CPR/rosbot_ws/build/rosbot_gazebo/build install --record /home/ale/Proyecto_CPR/rosbot_ws/build/rosbot_gazebo/install.log --single-version-externally-managed install_data --force
[4.448s] Level 1:colcon.colcon_core.environment:checking '/home/ale/Proyecto_CPR/rosbot_ws/install/rosbot_gazebo' for CMake config files
[4.448s] Level 1:colcon.colcon_core.environment:checking '/home/ale/Proyecto_CPR/rosbot_ws/install/rosbot_gazebo/lib'
[4.448s] Level 1:colcon.colcon_core.environment:checking '/home/ale/Proyecto_CPR/rosbot_ws/install/rosbot_gazebo/bin'
[4.448s] Level 1:colcon.colcon_core.environment:checking '/home/ale/Proyecto_CPR/rosbot_ws/install/rosbot_gazebo/lib/pkgconfig/rosbot_gazebo.pc'
[4.448s] Level 1:colcon.colcon_core.environment:checking '/home/ale/Proyecto_CPR/rosbot_ws/install/rosbot_gazebo/lib/python3.10/site-packages'
[4.448s] Level 1:colcon.colcon_core.shell:create_environment_hook('rosbot_gazebo', 'pythonpath')
[4.448s] INFO:colcon.colcon_core.shell:Creating environment hook '/home/ale/Proyecto_CPR/rosbot_ws/install/rosbot_gazebo/share/rosbot_gazebo/hook/pythonpath.ps1'
[4.449s] INFO:colcon.colcon_core.shell:Creating environment descriptor '/home/ale/Proyecto_CPR/rosbot_ws/install/rosbot_gazebo/share/rosbot_gazebo/hook/pythonpath.dsv'
[4.449s] INFO:colcon.colcon_core.shell:Creating environment hook '/home/ale/Proyecto_CPR/rosbot_ws/install/rosbot_gazebo/share/rosbot_gazebo/hook/pythonpath.sh'
[4.449s] Level 1:colcon.colcon_core.environment:checking '/home/ale/Proyecto_CPR/rosbot_ws/install/rosbot_gazebo/bin'
[4.449s] Level 1:colcon.colcon_core.environment:create_environment_scripts_only(rosbot_gazebo)
[4.449s] INFO:colcon.colcon_core.shell:Creating package script '/home/ale/Proyecto_CPR/rosbot_ws/install/rosbot_gazebo/share/rosbot_gazebo/package.ps1'
[4.450s] INFO:colcon.colcon_core.shell:Creating package descriptor '/home/ale/Proyecto_CPR/rosbot_ws/install/rosbot_gazebo/share/rosbot_gazebo/package.dsv'
[4.450s] INFO:colcon.colcon_core.shell:Creating package script '/home/ale/Proyecto_CPR/rosbot_ws/install/rosbot_gazebo/share/rosbot_gazebo/package.sh'
[4.450s] INFO:colcon.colcon_core.shell:Creating package script '/home/ale/Proyecto_CPR/rosbot_ws/install/rosbot_gazebo/share/rosbot_gazebo/package.bash'
[4.450s] INFO:colcon.colcon_core.shell:Creating package script '/home/ale/Proyecto_CPR/rosbot_ws/install/rosbot_gazebo/share/rosbot_gazebo/package.zsh'
[4.450s] Level 1:colcon.colcon_core.environment:create_file_with_runtime_dependencies(/home/ale/Proyecto_CPR/rosbot_ws/install/rosbot_gazebo/share/colcon-core/packages/rosbot_gazebo)
[4.451s] INFO:colcon.colcon_ros.task.ament_cmake.build:Building ROS package in '/home/ale/Proyecto_CPR/rosbot_ws/src/rosbot_ros/rosbot' with build type 'ament_cmake'
[4.451s] INFO:colcon.colcon_cmake.task.cmake.build:Building CMake package in '/home/ale/Proyecto_CPR/rosbot_ws/src/rosbot_ros/rosbot'
[4.451s] INFO:colcon.colcon_core.shell:Skip shell extension 'powershell' for command environment: Not usable outside of PowerShell
[4.451s] DEBUG:colcon.colcon_core.shell:Skip shell extension 'dsv' for command environment
[4.466s] DEBUG:colcon.colcon_core.event_handler.log_command:Invoking command in '/home/ale/Proyecto_CPR/rosbot_ws/build/rosbot': AMENT_PREFIX_PATH=/home/ale/Proyecto_CPR/rosbot_ws/install/rosbot_gazebo:/home/ale/Proyecto_CPR/rosbot_ws/install/rosbot_controller:/home/ale/Proyecto_CPR/rosbot_ws/install/rosbot_utils:/home/ale/Proyecto_CPR/rosbot_ws/install/rosbot:/home/ale/Proyecto_CPR/rosbot_ws/install/rosbot_localization:/home/ale/Proyecto_CPR/rosbot_ws/install/open_manipulator_x_moveit:/home/ale/Proyecto_CPR/rosbot_ws/install/rosbot_description:/home/ale/Proyecto_CPR/rosbot_ws/install/open_manipulator_x_joy:/home/ale/Proyecto_CPR/rosbot_ws/install/open_manipulator_x_description:/home/ale/Proyecto_CPR/rosbot_ws/install/mecanum_drive_controller:/home/ale/Proyecto_CPR/rosbot_ws/install/husarion_gz_worlds:/home/ale/Proyecto_CPR/rosbot_ws/install/husarion_components_description:/home/ale/Proyecto_CPR/rosbot_ws/install/dynamixel_hardware_interface:/home/ale/Proyecto_CPR/rosbot_ws/install/controldesc_pkg:/opt/ros/humble CMAKE_PREFIX_PATH=/home/ale/Proyecto_CPR/rosbot_ws/install/open_manipulator_x_moveit:/home/ale/Proyecto_CPR/rosbot_ws/install/rosbot_description:/home/ale/Proyecto_CPR/rosbot_ws/install/open_manipulator_x_description:/home/ale/Proyecto_CPR/rosbot_ws/install/rosbot_localization:/home/ale/Proyecto_CPR/rosbot_ws/install/open_manipulator_x_joy:/home/ale/Proyecto_CPR/rosbot_ws/install/mecanum_drive_controller:/home/ale/Proyecto_CPR/rosbot_ws/install/husarion_gz_worlds:/home/ale/Proyecto_CPR/rosbot_ws/install/husarion_components_description:/home/ale/Proyecto_CPR/rosbot_ws/install/dynamixel_hardware_interface:/home/ale/Proyecto_CPR/rosbot_ws/install/rosbot:/home/ale/Proyecto_CPR/rosbot_ws/install/controldesc_pkg:/home/ale/Proyecto_CPR/rosbot_ws/install/rosbot_gazebo:/home/ale/Proyecto_CPR/rosbot_ws/install/rosbot_controller:/home/ale/Proyecto_CPR/rosbot_ws/install/rosbot_utils:/opt/ros/humble LD_LIBRARY_PATH=/home/ale/Proyecto_CPR/rosbot_ws/install/mecanum_drive_controller/lib:/home/ale/Proyecto_CPR/rosbot_ws/install/dynamixel_hardware_interface/lib:/usr/lib/x86_64-linux-gnu/gazebo-11/plugins:/opt/ros/humble/opt/rviz_ogre_vendor/lib:/opt/ros/humble/lib/x86_64-linux-gnu:/opt/ros/humble/opt/libphidget22/lib:/opt/ros/humble/lib:/usr/lib/x86_64-linux-gnu/gazebo-11/plugins PYTHONPATH=/home/ale/Proyecto_CPR/rosbot_ws/install/rosbot_gazebo/lib/python3.10/site-packages:/home/ale/Proyecto_CPR/rosbot_ws/install/rosbot_controller/lib/python3.10/site-packages:/home/ale/Proyecto_CPR/rosbot_ws/install/rosbot_utils/lib/python3.10/site-packages:/home/ale/Proyecto_CPR/rosbot_ws/build/rosbot_gazebo:/home/ale/Proyecto_CPR/rosbot_ws/build/rosbot_controller:/home/ale/Proyecto_CPR/rosbot_ws/build/rosbot_utils:/home/ana/rosbot_ws/build/rosbot_gazebo:/home/ana/rosbot_ws/build/rosbot_controller:/home/ana/rosbot_ws/build/rosbot_utils:/opt/ros/humble/lib/python3.10/site-packages:/opt/ros/humble/local/lib/python3.10/dist-packages /usr/bin/cmake /home/ale/Proyecto_CPR/rosbot_ws/src/rosbot_ros/rosbot -DCMAKE_INSTALL_PREFIX=/home/ale/Proyecto_CPR/rosbot_ws/install/rosbot
[4.605s] DEBUG:colcon.colcon_core.event_handler.log_command:Invoked command in '/home/ale/Proyecto_CPR/rosbot_ws/build/rosbot' returned '0': AMENT_PREFIX_PATH=/home/ale/Proyecto_CPR/rosbot_ws/install/rosbot_gazebo:/home/ale/Proyecto_CPR/rosbot_ws/install/rosbot_controller:/home/ale/Proyecto_CPR/rosbot_ws/install/rosbot_utils:/home/ale/Proyecto_CPR/rosbot_ws/install/rosbot:/home/ale/Proyecto_CPR/rosbot_ws/install/rosbot_localization:/home/ale/Proyecto_CPR/rosbot_ws/install/open_manipulator_x_moveit:/home/ale/Proyecto_CPR/rosbot_ws/install/rosbot_description:/home/ale/Proyecto_CPR/rosbot_ws/install/open_manipulator_x_joy:/home/ale/Proyecto_CPR/rosbot_ws/install/open_manipulator_x_description:/home/ale/Proyecto_CPR/rosbot_ws/install/mecanum_drive_controller:/home/ale/Proyecto_CPR/rosbot_ws/install/husarion_gz_worlds:/home/ale/Proyecto_CPR/rosbot_ws/install/husarion_components_description:/home/ale/Proyecto_CPR/rosbot_ws/install/dynamixel_hardware_interface:/home/ale/Proyecto_CPR/rosbot_ws/install/controldesc_pkg:/opt/ros/humble CMAKE_PREFIX_PATH=/home/ale/Proyecto_CPR/rosbot_ws/install/open_manipulator_x_moveit:/home/ale/Proyecto_CPR/rosbot_ws/install/rosbot_description:/home/ale/Proyecto_CPR/rosbot_ws/install/open_manipulator_x_description:/home/ale/Proyecto_CPR/rosbot_ws/install/rosbot_localization:/home/ale/Proyecto_CPR/rosbot_ws/install/open_manipulator_x_joy:/home/ale/Proyecto_CPR/rosbot_ws/install/mecanum_drive_controller:/home/ale/Proyecto_CPR/rosbot_ws/install/husarion_gz_worlds:/home/ale/Proyecto_CPR/rosbot_ws/install/husarion_components_description:/home/ale/Proyecto_CPR/rosbot_ws/install/dynamixel_hardware_interface:/home/ale/Proyecto_CPR/rosbot_ws/install/rosbot:/home/ale/Proyecto_CPR/rosbot_ws/install/controldesc_pkg:/home/ale/Proyecto_CPR/rosbot_ws/install/rosbot_gazebo:/home/ale/Proyecto_CPR/rosbot_ws/install/rosbot_controller:/home/ale/Proyecto_CPR/rosbot_ws/install/rosbot_utils:/opt/ros/humble LD_LIBRARY_PATH=/home/ale/Proyecto_CPR/rosbot_ws/install/mecanum_drive_controller/lib:/home/ale/Proyecto_CPR/rosbot_ws/install/dynamixel_hardware_interface/lib:/usr/lib/x86_64-linux-gnu/gazebo-11/plugins:/opt/ros/humble/opt/rviz_ogre_vendor/lib:/opt/ros/humble/lib/x86_64-linux-gnu:/opt/ros/humble/opt/libphidget22/lib:/opt/ros/humble/lib:/usr/lib/x86_64-linux-gnu/gazebo-11/plugins PYTHONPATH=/home/ale/Proyecto_CPR/rosbot_ws/install/rosbot_gazebo/lib/python3.10/site-packages:/home/ale/Proyecto_CPR/rosbot_ws/install/rosbot_controller/lib/python3.10/site-packages:/home/ale/Proyecto_CPR/rosbot_ws/install/rosbot_utils/lib/python3.10/site-packages:/home/ale/Proyecto_CPR/rosbot_ws/build/rosbot_gazebo:/home/ale/Proyecto_CPR/rosbot_ws/build/rosbot_controller:/home/ale/Proyecto_CPR/rosbot_ws/build/rosbot_utils:/home/ana/rosbot_ws/build/rosbot_gazebo:/home/ana/rosbot_ws/build/rosbot_controller:/home/ana/rosbot_ws/build/rosbot_utils:/opt/ros/humble/lib/python3.10/site-packages:/opt/ros/humble/local/lib/python3.10/dist-packages /usr/bin/cmake /home/ale/Proyecto_CPR/rosbot_ws/src/rosbot_ros/rosbot -DCMAKE_INSTALL_PREFIX=/home/ale/Proyecto_CPR/rosbot_ws/install/rosbot
[4.605s] DEBUG:colcon.colcon_core.event_handler.log_command:Invoking command in '/home/ale/Proyecto_CPR/rosbot_ws/build/rosbot': AMENT_PREFIX_PATH=/home/ale/Proyecto_CPR/rosbot_ws/install/rosbot_gazebo:/home/ale/Proyecto_CPR/rosbot_ws/install/rosbot_controller:/home/ale/Proyecto_CPR/rosbot_ws/install/rosbot_utils:/home/ale/Proyecto_CPR/rosbot_ws/install/rosbot:/home/ale/Proyecto_CPR/rosbot_ws/install/rosbot_localization:/home/ale/Proyecto_CPR/rosbot_ws/install/open_manipulator_x_moveit:/home/ale/Proyecto_CPR/rosbot_ws/install/rosbot_description:/home/ale/Proyecto_CPR/rosbot_ws/install/open_manipulator_x_joy:/home/ale/Proyecto_CPR/rosbot_ws/install/open_manipulator_x_description:/home/ale/Proyecto_CPR/rosbot_ws/install/mecanum_drive_controller:/home/ale/Proyecto_CPR/rosbot_ws/install/husarion_gz_worlds:/home/ale/Proyecto_CPR/rosbot_ws/install/husarion_components_description:/home/ale/Proyecto_CPR/rosbot_ws/install/dynamixel_hardware_interface:/home/ale/Proyecto_CPR/rosbot_ws/install/controldesc_pkg:/opt/ros/humble CMAKE_PREFIX_PATH=/home/ale/Proyecto_CPR/rosbot_ws/install/open_manipulator_x_moveit:/home/ale/Proyecto_CPR/rosbot_ws/install/rosbot_description:/home/ale/Proyecto_CPR/rosbot_ws/install/open_manipulator_x_description:/home/ale/Proyecto_CPR/rosbot_ws/install/rosbot_localization:/home/ale/Proyecto_CPR/rosbot_ws/install/open_manipulator_x_joy:/home/ale/Proyecto_CPR/rosbot_ws/install/mecanum_drive_controller:/home/ale/Proyecto_CPR/rosbot_ws/install/husarion_gz_worlds:/home/ale/Proyecto_CPR/rosbot_ws/install/husarion_components_description:/home/ale/Proyecto_CPR/rosbot_ws/install/dynamixel_hardware_interface:/home/ale/Proyecto_CPR/rosbot_ws/install/rosbot:/home/ale/Proyecto_CPR/rosbot_ws/install/controldesc_pkg:/home/ale/Proyecto_CPR/rosbot_ws/install/rosbot_gazebo:/home/ale/Proyecto_CPR/rosbot_ws/install/rosbot_controller:/home/ale/Proyecto_CPR/rosbot_ws/install/rosbot_utils:/opt/ros/humble LD_LIBRARY_PATH=/home/ale/Proyecto_CPR/rosbot_ws/install/mecanum_drive_controller/lib:/home/ale/Proyecto_CPR/rosbot_ws/install/dynamixel_hardware_interface/lib:/usr/lib/x86_64-linux-gnu/gazebo-11/plugins:/opt/ros/humble/opt/rviz_ogre_vendor/lib:/opt/ros/humble/lib/x86_64-linux-gnu:/opt/ros/humble/opt/libphidget22/lib:/opt/ros/humble/lib:/usr/lib/x86_64-linux-gnu/gazebo-11/plugins PYTHONPATH=/home/ale/Proyecto_CPR/rosbot_ws/install/rosbot_gazebo/lib/python3.10/site-packages:/home/ale/Proyecto_CPR/rosbot_ws/install/rosbot_controller/lib/python3.10/site-packages:/home/ale/Proyecto_CPR/rosbot_ws/install/rosbot_utils/lib/python3.10/site-packages:/home/ale/Proyecto_CPR/rosbot_ws/build/rosbot_gazebo:/home/ale/Proyecto_CPR/rosbot_ws/build/rosbot_controller:/home/ale/Proyecto_CPR/rosbot_ws/build/rosbot_utils:/home/ana/rosbot_ws/build/rosbot_gazebo:/home/ana/rosbot_ws/build/rosbot_controller:/home/ana/rosbot_ws/build/rosbot_utils:/opt/ros/humble/lib/python3.10/site-packages:/opt/ros/humble/local/lib/python3.10/dist-packages /usr/bin/cmake --build /home/ale/Proyecto_CPR/rosbot_ws/build/rosbot -- -j16 -l16
[4.630s] DEBUG:colcon.colcon_core.event_handler.log_command:Invoked command in '/home/ale/Proyecto_CPR/rosbot_ws/build/rosbot' returned '0': AMENT_PREFIX_PATH=/home/ale/Proyecto_CPR/rosbot_ws/install/rosbot_gazebo:/home/ale/Proyecto_CPR/rosbot_ws/install/rosbot_controller:/home/ale/Proyecto_CPR/rosbot_ws/install/rosbot_utils:/home/ale/Proyecto_CPR/rosbot_ws/install/rosbot:/home/ale/Proyecto_CPR/rosbot_ws/install/rosbot_localization:/home/ale/Proyecto_CPR/rosbot_ws/install/open_manipulator_x_moveit:/home/ale/Proyecto_CPR/rosbot_ws/install/rosbot_description:/home/ale/Proyecto_CPR/rosbot_ws/install/open_manipulator_x_joy:/home/ale/Proyecto_CPR/rosbot_ws/install/open_manipulator_x_description:/home/ale/Proyecto_CPR/rosbot_ws/install/mecanum_drive_controller:/home/ale/Proyecto_CPR/rosbot_ws/install/husarion_gz_worlds:/home/ale/Proyecto_CPR/rosbot_ws/install/husarion_components_description:/home/ale/Proyecto_CPR/rosbot_ws/install/dynamixel_hardware_interface:/home/ale/Proyecto_CPR/rosbot_ws/install/controldesc_pkg:/opt/ros/humble CMAKE_PREFIX_PATH=/home/ale/Proyecto_CPR/rosbot_ws/install/open_manipulator_x_moveit:/home/ale/Proyecto_CPR/rosbot_ws/install/rosbot_description:/home/ale/Proyecto_CPR/rosbot_ws/install/open_manipulator_x_description:/home/ale/Proyecto_CPR/rosbot_ws/install/rosbot_localization:/home/ale/Proyecto_CPR/rosbot_ws/install/open_manipulator_x_joy:/home/ale/Proyecto_CPR/rosbot_ws/install/mecanum_drive_controller:/home/ale/Proyecto_CPR/rosbot_ws/install/husarion_gz_worlds:/home/ale/Proyecto_CPR/rosbot_ws/install/husarion_components_description:/home/ale/Proyecto_CPR/rosbot_ws/install/dynamixel_hardware_interface:/home/ale/Proyecto_CPR/rosbot_ws/install/rosbot:/home/ale/Proyecto_CPR/rosbot_ws/install/controldesc_pkg:/home/ale/Proyecto_CPR/rosbot_ws/install/rosbot_gazebo:/home/ale/Proyecto_CPR/rosbot_ws/install/rosbot_controller:/home/ale/Proyecto_CPR/rosbot_ws/install/rosbot_utils:/opt/ros/humble LD_LIBRARY_PATH=/home/ale/Proyecto_CPR/rosbot_ws/install/mecanum_drive_controller/lib:/home/ale/Proyecto_CPR/rosbot_ws/install/dynamixel_hardware_interface/lib:/usr/lib/x86_64-linux-gnu/gazebo-11/plugins:/opt/ros/humble/opt/rviz_ogre_vendor/lib:/opt/ros/humble/lib/x86_64-linux-gnu:/opt/ros/humble/opt/libphidget22/lib:/opt/ros/humble/lib:/usr/lib/x86_64-linux-gnu/gazebo-11/plugins PYTHONPATH=/home/ale/Proyecto_CPR/rosbot_ws/install/rosbot_gazebo/lib/python3.10/site-packages:/home/ale/Proyecto_CPR/rosbot_ws/install/rosbot_controller/lib/python3.10/site-packages:/home/ale/Proyecto_CPR/rosbot_ws/install/rosbot_utils/lib/python3.10/site-packages:/home/ale/Proyecto_CPR/rosbot_ws/build/rosbot_gazebo:/home/ale/Proyecto_CPR/rosbot_ws/build/rosbot_controller:/home/ale/Proyecto_CPR/rosbot_ws/build/rosbot_utils:/home/ana/rosbot_ws/build/rosbot_gazebo:/home/ana/rosbot_ws/build/rosbot_controller:/home/ana/rosbot_ws/build/rosbot_utils:/opt/ros/humble/lib/python3.10/site-packages:/opt/ros/humble/local/lib/python3.10/dist-packages /usr/bin/cmake --build /home/ale/Proyecto_CPR/rosbot_ws/build/rosbot -- -j16 -l16
[4.632s] DEBUG:colcon.colcon_core.event_handler.log_command:Invoking command in '/home/ale/Proyecto_CPR/rosbot_ws/build/rosbot': AMENT_PREFIX_PATH=/home/ale/Proyecto_CPR/rosbot_ws/install/rosbot_gazebo:/home/ale/Proyecto_CPR/rosbot_ws/install/rosbot_controller:/home/ale/Proyecto_CPR/rosbot_ws/install/rosbot_utils:/home/ale/Proyecto_CPR/rosbot_ws/install/rosbot:/home/ale/Proyecto_CPR/rosbot_ws/install/rosbot_localization:/home/ale/Proyecto_CPR/rosbot_ws/install/open_manipulator_x_moveit:/home/ale/Proyecto_CPR/rosbot_ws/install/rosbot_description:/home/ale/Proyecto_CPR/rosbot_ws/install/open_manipulator_x_joy:/home/ale/Proyecto_CPR/rosbot_ws/install/open_manipulator_x_description:/home/ale/Proyecto_CPR/rosbot_ws/install/mecanum_drive_controller:/home/ale/Proyecto_CPR/rosbot_ws/install/husarion_gz_worlds:/home/ale/Proyecto_CPR/rosbot_ws/install/husarion_components_description:/home/ale/Proyecto_CPR/rosbot_ws/install/dynamixel_hardware_interface:/home/ale/Proyecto_CPR/rosbot_ws/install/controldesc_pkg:/opt/ros/humble CMAKE_PREFIX_PATH=/home/ale/Proyecto_CPR/rosbot_ws/install/open_manipulator_x_moveit:/home/ale/Proyecto_CPR/rosbot_ws/install/rosbot_description:/home/ale/Proyecto_CPR/rosbot_ws/install/open_manipulator_x_description:/home/ale/Proyecto_CPR/rosbot_ws/install/rosbot_localization:/home/ale/Proyecto_CPR/rosbot_ws/install/open_manipulator_x_joy:/home/ale/Proyecto_CPR/rosbot_ws/install/mecanum_drive_controller:/home/ale/Proyecto_CPR/rosbot_ws/install/husarion_gz_worlds:/home/ale/Proyecto_CPR/rosbot_ws/install/husarion_components_description:/home/ale/Proyecto_CPR/rosbot_ws/install/dynamixel_hardware_interface:/home/ale/Proyecto_CPR/rosbot_ws/install/rosbot:/home/ale/Proyecto_CPR/rosbot_ws/install/controldesc_pkg:/home/ale/Proyecto_CPR/rosbot_ws/install/rosbot_gazebo:/home/ale/Proyecto_CPR/rosbot_ws/install/rosbot_controller:/home/ale/Proyecto_CPR/rosbot_ws/install/rosbot_utils:/opt/ros/humble LD_LIBRARY_PATH=/home/ale/Proyecto_CPR/rosbot_ws/install/mecanum_drive_controller/lib:/home/ale/Proyecto_CPR/rosbot_ws/install/dynamixel_hardware_interface/lib:/usr/lib/x86_64-linux-gnu/gazebo-11/plugins:/opt/ros/humble/opt/rviz_ogre_vendor/lib:/opt/ros/humble/lib/x86_64-linux-gnu:/opt/ros/humble/opt/libphidget22/lib:/opt/ros/humble/lib:/usr/lib/x86_64-linux-gnu/gazebo-11/plugins PYTHONPATH=/home/ale/Proyecto_CPR/rosbot_ws/install/rosbot_gazebo/lib/python3.10/site-packages:/home/ale/Proyecto_CPR/rosbot_ws/install/rosbot_controller/lib/python3.10/site-packages:/home/ale/Proyecto_CPR/rosbot_ws/install/rosbot_utils/lib/python3.10/site-packages:/home/ale/Proyecto_CPR/rosbot_ws/build/rosbot_gazebo:/home/ale/Proyecto_CPR/rosbot_ws/build/rosbot_controller:/home/ale/Proyecto_CPR/rosbot_ws/build/rosbot_utils:/home/ana/rosbot_ws/build/rosbot_gazebo:/home/ana/rosbot_ws/build/rosbot_controller:/home/ana/rosbot_ws/build/rosbot_utils:/opt/ros/humble/lib/python3.10/site-packages:/opt/ros/humble/local/lib/python3.10/dist-packages /usr/bin/cmake --install /home/ale/Proyecto_CPR/rosbot_ws/build/rosbot
[4.652s] Level 1:colcon.colcon_core.environment:create_environment_scripts_only(rosbot)
[4.652s] Level 1:colcon.colcon_core.environment:checking '/home/ale/Proyecto_CPR/rosbot_ws/install/rosbot' for CMake module files
[4.653s] DEBUG:colcon.colcon_core.event_handler.log_command:Invoked command in '/home/ale/Proyecto_CPR/rosbot_ws/build/rosbot' returned '0': AMENT_PREFIX_PATH=/home/ale/Proyecto_CPR/rosbot_ws/install/rosbot_gazebo:/home/ale/Proyecto_CPR/rosbot_ws/install/rosbot_controller:/home/ale/Proyecto_CPR/rosbot_ws/install/rosbot_utils:/home/ale/Proyecto_CPR/rosbot_ws/install/rosbot:/home/ale/Proyecto_CPR/rosbot_ws/install/rosbot_localization:/home/ale/Proyecto_CPR/rosbot_ws/install/open_manipulator_x_moveit:/home/ale/Proyecto_CPR/rosbot_ws/install/rosbot_description:/home/ale/Proyecto_CPR/rosbot_ws/install/open_manipulator_x_joy:/home/ale/Proyecto_CPR/rosbot_ws/install/open_manipulator_x_description:/home/ale/Proyecto_CPR/rosbot_ws/install/mecanum_drive_controller:/home/ale/Proyecto_CPR/rosbot_ws/install/husarion_gz_worlds:/home/ale/Proyecto_CPR/rosbot_ws/install/husarion_components_description:/home/ale/Proyecto_CPR/rosbot_ws/install/dynamixel_hardware_interface:/home/ale/Proyecto_CPR/rosbot_ws/install/controldesc_pkg:/opt/ros/humble CMAKE_PREFIX_PATH=/home/ale/Proyecto_CPR/rosbot_ws/install/open_manipulator_x_moveit:/home/ale/Proyecto_CPR/rosbot_ws/install/rosbot_description:/home/ale/Proyecto_CPR/rosbot_ws/install/open_manipulator_x_description:/home/ale/Proyecto_CPR/rosbot_ws/install/rosbot_localization:/home/ale/Proyecto_CPR/rosbot_ws/install/open_manipulator_x_joy:/home/ale/Proyecto_CPR/rosbot_ws/install/mecanum_drive_controller:/home/ale/Proyecto_CPR/rosbot_ws/install/husarion_gz_worlds:/home/ale/Proyecto_CPR/rosbot_ws/install/husarion_components_description:/home/ale/Proyecto_CPR/rosbot_ws/install/dynamixel_hardware_interface:/home/ale/Proyecto_CPR/rosbot_ws/install/rosbot:/home/ale/Proyecto_CPR/rosbot_ws/install/controldesc_pkg:/home/ale/Proyecto_CPR/rosbot_ws/install/rosbot_gazebo:/home/ale/Proyecto_CPR/rosbot_ws/install/rosbot_controller:/home/ale/Proyecto_CPR/rosbot_ws/install/rosbot_utils:/opt/ros/humble LD_LIBRARY_PATH=/home/ale/Proyecto_CPR/rosbot_ws/install/mecanum_drive_controller/lib:/home/ale/Proyecto_CPR/rosbot_ws/install/dynamixel_hardware_interface/lib:/usr/lib/x86_64-linux-gnu/gazebo-11/plugins:/opt/ros/humble/opt/rviz_ogre_vendor/lib:/opt/ros/humble/lib/x86_64-linux-gnu:/opt/ros/humble/opt/libphidget22/lib:/opt/ros/humble/lib:/usr/lib/x86_64-linux-gnu/gazebo-11/plugins PYTHONPATH=/home/ale/Proyecto_CPR/rosbot_ws/install/rosbot_gazebo/lib/python3.10/site-packages:/home/ale/Proyecto_CPR/rosbot_ws/install/rosbot_controller/lib/python3.10/site-packages:/home/ale/Proyecto_CPR/rosbot_ws/install/rosbot_utils/lib/python3.10/site-packages:/home/ale/Proyecto_CPR/rosbot_ws/build/rosbot_gazebo:/home/ale/Proyecto_CPR/rosbot_ws/build/rosbot_controller:/home/ale/Proyecto_CPR/rosbot_ws/build/rosbot_utils:/home/ana/rosbot_ws/build/rosbot_gazebo:/home/ana/rosbot_ws/build/rosbot_controller:/home/ana/rosbot_ws/build/rosbot_utils:/opt/ros/humble/lib/python3.10/site-packages:/opt/ros/humble/local/lib/python3.10/dist-packages /usr/bin/cmake --install /home/ale/Proyecto_CPR/rosbot_ws/build/rosbot
[4.653s] Level 1:colcon.colcon_core.environment:checking '/home/ale/Proyecto_CPR/rosbot_ws/install/rosbot' for CMake config files
[4.654s] Level 1:colcon.colcon_core.shell:create_environment_hook('rosbot', 'cmake_prefix_path')
[4.654s] INFO:colcon.colcon_core.shell:Creating environment hook '/home/ale/Proyecto_CPR/rosbot_ws/install/rosbot/share/rosbot/hook/cmake_prefix_path.ps1'
[4.655s] INFO:colcon.colcon_core.shell:Creating environment descriptor '/home/ale/Proyecto_CPR/rosbot_ws/install/rosbot/share/rosbot/hook/cmake_prefix_path.dsv'
[4.655s] INFO:colcon.colcon_core.shell:Creating environment hook '/home/ale/Proyecto_CPR/rosbot_ws/install/rosbot/share/rosbot/hook/cmake_prefix_path.sh'
[4.655s] Level 1:colcon.colcon_core.environment:checking '/home/ale/Proyecto_CPR/rosbot_ws/install/rosbot/bin'
[4.656s] Level 1:colcon.colcon_core.environment:checking '/home/ale/Proyecto_CPR/rosbot_ws/install/rosbot/lib/pkgconfig/rosbot.pc'
[4.656s] Level 1:colcon.colcon_core.environment:checking '/home/ale/Proyecto_CPR/rosbot_ws/install/rosbot/lib/python3.10/site-packages'
[4.656s] Level 1:colcon.colcon_core.environment:checking '/home/ale/Proyecto_CPR/rosbot_ws/install/rosbot/bin'
[4.657s] INFO:colcon.colcon_core.shell:Creating package script '/home/ale/Proyecto_CPR/rosbot_ws/install/rosbot/share/rosbot/package.ps1'
[4.657s] INFO:colcon.colcon_core.shell:Creating package descriptor '/home/ale/Proyecto_CPR/rosbot_ws/install/rosbot/share/rosbot/package.dsv'
[4.658s] INFO:colcon.colcon_core.shell:Creating package script '/home/ale/Proyecto_CPR/rosbot_ws/install/rosbot/share/rosbot/package.sh'
[4.658s] INFO:colcon.colcon_core.shell:Creating package script '/home/ale/Proyecto_CPR/rosbot_ws/install/rosbot/share/rosbot/package.bash'
[4.658s] INFO:colcon.colcon_core.shell:Creating package script '/home/ale/Proyecto_CPR/rosbot_ws/install/rosbot/share/rosbot/package.zsh'
[4.659s] Level 1:colcon.colcon_core.environment:create_file_with_runtime_dependencies(/home/ale/Proyecto_CPR/rosbot_ws/install/rosbot/share/colcon-core/packages/rosbot)
[4.659s] Level 1:colcon.colcon_core.environment:create_environment_scripts_only(rosbot)
[4.659s] Level 1:colcon.colcon_core.environment:checking '/home/ale/Proyecto_CPR/rosbot_ws/install/rosbot' for CMake module files
[4.660s] Level 1:colcon.colcon_core.environment:checking '/home/ale/Proyecto_CPR/rosbot_ws/install/rosbot' for CMake config files
[4.660s] Level 1:colcon.colcon_core.shell:create_environment_hook('rosbot', 'cmake_prefix_path')
[4.660s] INFO:colcon.colcon_core.shell:Creating environment hook '/home/ale/Proyecto_CPR/rosbot_ws/install/rosbot/share/rosbot/hook/cmake_prefix_path.ps1'
[4.660s] INFO:colcon.colcon_core.shell:Creating environment descriptor '/home/ale/Proyecto_CPR/rosbot_ws/install/rosbot/share/rosbot/hook/cmake_prefix_path.dsv'
[4.661s] INFO:colcon.colcon_core.shell:Creating environment hook '/home/ale/Proyecto_CPR/rosbot_ws/install/rosbot/share/rosbot/hook/cmake_prefix_path.sh'
[4.661s] Level 1:colcon.colcon_core.environment:checking '/home/ale/Proyecto_CPR/rosbot_ws/install/rosbot/bin'
[4.661s] Level 1:colcon.colcon_core.environment:checking '/home/ale/Proyecto_CPR/rosbot_ws/install/rosbot/lib/pkgconfig/rosbot.pc'
[4.661s] Level 1:colcon.colcon_core.environment:checking '/home/ale/Proyecto_CPR/rosbot_ws/install/rosbot/lib/python3.10/site-packages'
[4.662s] Level 1:colcon.colcon_core.environment:checking '/home/ale/Proyecto_CPR/rosbot_ws/install/rosbot/bin'
[4.662s] INFO:colcon.colcon_core.shell:Creating package script '/home/ale/Proyecto_CPR/rosbot_ws/install/rosbot/share/rosbot/package.ps1'
[4.662s] INFO:colcon.colcon_core.shell:Creating package descriptor '/home/ale/Proyecto_CPR/rosbot_ws/install/rosbot/share/rosbot/package.dsv'
[4.662s] INFO:colcon.colcon_core.shell:Creating package script '/home/ale/Proyecto_CPR/rosbot_ws/install/rosbot/share/rosbot/package.sh'
[4.663s] INFO:colcon.colcon_core.shell:Creating package script '/home/ale/Proyecto_CPR/rosbot_ws/install/rosbot/share/rosbot/package.bash'
[4.663s] INFO:colcon.colcon_core.shell:Creating package script '/home/ale/Proyecto_CPR/rosbot_ws/install/rosbot/share/rosbot/package.zsh'
[4.663s] Level 1:colcon.colcon_core.environment:create_file_with_runtime_dependencies(/home/ale/Proyecto_CPR/rosbot_ws/install/rosbot/share/colcon-core/packages/rosbot)
[4.663s] DEBUG:colcon.colcon_parallel_executor.executor.parallel:closing loop
[4.663s] DEBUG:colcon.colcon_parallel_executor.executor.parallel:loop closed
[4.663s] DEBUG:colcon.colcon_parallel_executor.executor.parallel:run_until_complete finished with '0'
[4.663s] DEBUG:colcon.colcon_core.event_reactor:joining thread
[4.667s] INFO:colcon.colcon_core.plugin_system:Skipping extension 'colcon_notification.desktop_notification.terminal_notifier': Not used on non-Darwin systems
[4.667s] INFO:colcon.colcon_core.plugin_system:Skipping extension 'colcon_notification.desktop_notification.win32': Not used on non-Windows systems
[4.667s] INFO:colcon.colcon_notification.desktop_notification:Sending desktop notification using 'notify2'
[4.674s] DEBUG:colcon.colcon_core.event_reactor:joined thread
[4.674s] INFO:colcon.colcon_core.shell:Creating prefix script '/home/ale/Proyecto_CPR/rosbot_ws/install/local_setup.ps1'
[4.675s] INFO:colcon.colcon_core.shell:Creating prefix util module '/home/ale/Proyecto_CPR/rosbot_ws/install/_local_setup_util_ps1.py'
[4.676s] INFO:colcon.colcon_core.shell:Creating prefix chain script '/home/ale/Proyecto_CPR/rosbot_ws/install/setup.ps1'
[4.676s] INFO:colcon.colcon_core.shell:Creating prefix script '/home/ale/Proyecto_CPR/rosbot_ws/install/local_setup.sh'
[4.677s] INFO:colcon.colcon_core.shell:Creating prefix util module '/home/ale/Proyecto_CPR/rosbot_ws/install/_local_setup_util_sh.py'
[4.677s] INFO:colcon.colcon_core.shell:Creating prefix chain script '/home/ale/Proyecto_CPR/rosbot_ws/install/setup.sh'
[4.677s] INFO:colcon.colcon_core.shell:Creating prefix script '/home/ale/Proyecto_CPR/rosbot_ws/install/local_setup.bash'
[4.678s] INFO:colcon.colcon_core.shell:Creating prefix chain script '/home/ale/Proyecto_CPR/rosbot_ws/install/setup.bash'
[4.678s] INFO:colcon.colcon_core.shell:Creating prefix script '/home/ale/Proyecto_CPR/rosbot_ws/install/local_setup.zsh'
[4.678s] INFO:colcon.colcon_core.shell:Creating prefix chain script '/home/ale/Proyecto_CPR/rosbot_ws/install/setup.zsh'
