[0.058s] DEBUG:colcon:Command line arguments: ['/usr/bin/colcon', 'build']
[0.058s] DEBUG:colcon:Parsed command line arguments: Namespace(log_base=None, log_level=None, verb_name='build', build_base='build', install_base='install', merge_install=False, symlink_install=False, test_result_base=None, continue_on_error=False, executor='parallel', parallel_workers=16, event_handlers=None, ignore_user_meta=False, metas=['./colcon.meta'], base_paths=['.'], packages_ignore=None, packages_ignore_regex=None, paths=None, packages_up_to=None, packages_up_to_regex=None, packages_above=None, packages_above_and_dependencies=None, packages_above_depth=None, packages_select_by_dep=None, packages_skip_by_dep=None, packages_skip_up_to=None, packages_select_build_failed=False, packages_skip_build_finished=False, packages_select_test_failures=False, packages_skip_test_passed=False, packages_select=None, packages_skip=None, packages_select_regex=None, packages_skip_regex=None, packages_start=None, packages_end=None, allow_overriding=[], cmake_args=None, cmake_target=None, cmake_target_skip_unavailable=False, cmake_clean_cache=False, cmake_clean_first=False, cmake_force_configure=False, ament_cmake_args=None, catkin_cmake_args=None, catkin_skip_building_tests=False, mixin_files=None, mixin=None, verb_parser=<colcon_mixin.mixin.mixin_argument.MixinArgumentDecorator object at 0x76df86c869e0>, verb_extension=<colcon_core.verb.build.BuildVerb object at 0x76df86c86350>, main=<bound method BuildVerb.main of <colcon_core.verb.build.BuildVerb object at 0x76df86c86350>>, mixin_verb=('build',))
[0.152s] Level 1:colcon.colcon_core.package_discovery:discover_packages(colcon_meta) check parameters
[0.152s] Level 1:colcon.colcon_core.package_discovery:discover_packages(recursive) check parameters
[0.152s] Level 1:colcon.colcon_core.package_discovery:discover_packages(ignore) check parameters
[0.152s] Level 1:colcon.colcon_core.package_discovery:discover_packages(path) check parameters
[0.152s] Level 1:colcon.colcon_core.package_discovery:discover_packages(colcon_meta) discover
[0.152s] Level 1:colcon.colcon_core.package_discovery:discover_packages(recursive) discover
[0.152s] INFO:colcon.colcon_core.package_discovery:Crawling recursively for packages in '/home/ale/Proyecto_CPR/rosbot_ws'
[0.152s] Level 1:colcon.colcon_core.package_identification:_identify(.) by extensions ['ignore', 'ignore_ament_install']
[0.152s] Level 1:colcon.colcon_core.package_identification:_identify(.) by extension 'ignore'
[0.152s] Level 1:colcon.colcon_core.package_identification:_identify(.) by extension 'ignore_ament_install'
[0.152s] Level 1:colcon.colcon_core.package_identification:_identify(.) by extensions ['colcon_pkg']
[0.152s] Level 1:colcon.colcon_core.package_identification:_identify(.) by extension 'colcon_pkg'
[0.152s] Level 1:colcon.colcon_core.package_identification:_identify(.) by extensions ['colcon_meta']
[0.152s] Level 1:colcon.colcon_core.package_identification:_identify(.) by extension 'colcon_meta'
[0.152s] Level 1:colcon.colcon_core.package_identification:_identify(.) by extensions ['ros']
[0.152s] Level 1:colcon.colcon_core.package_identification:_identify(.) by extension 'ros'
[0.162s] Level 1:colcon.colcon_core.package_identification:_identify(.) by extensions ['cmake', 'python']
[0.162s] Level 1:colcon.colcon_core.package_identification:_identify(.) by extension 'cmake'
[0.162s] Level 1:colcon.colcon_core.package_identification:_identify(.) by extension 'python'
[0.162s] Level 1:colcon.colcon_core.package_identification:_identify(.) by extensions ['python_setup_py']
[0.162s] Level 1:colcon.colcon_core.package_identification:_identify(.) by extension 'python_setup_py'
[0.162s] Level 1:colcon.colcon_core.package_identification:_identify(build) by extensions ['ignore', 'ignore_ament_install']
[0.162s] Level 1:colcon.colcon_core.package_identification:_identify(build) by extension 'ignore'
[0.162s] Level 1:colcon.colcon_core.package_identification:_identify(build) ignored
[0.162s] Level 1:colcon.colcon_core.package_identification:_identify(install) by extensions ['ignore', 'ignore_ament_install']
[0.162s] Level 1:colcon.colcon_core.package_identification:_identify(install) by extension 'ignore'
[0.162s] Level 1:colcon.colcon_core.package_identification:_identify(install) ignored
[0.162s] Level 1:colcon.colcon_core.package_identification:_identify(log) by extensions ['ignore', 'ignore_ament_install']
[0.162s] Level 1:colcon.colcon_core.package_identification:_identify(log) by extension 'ignore'
[0.162s] Level 1:colcon.colcon_core.package_identification:_identify(log) ignored
[0.162s] Level 1:colcon.colcon_core.package_identification:_identify(src) by extensions ['ignore', 'ignore_ament_install']
[0.162s] Level 1:colcon.colcon_core.package_identification:_identify(src) by extension 'ignore'
[0.162s] Level 1:colcon.colcon_core.package_identification:_identify(src) by extension 'ignore_ament_install'
[0.162s] Level 1:colcon.colcon_core.package_identification:_identify(src) by extensions ['colcon_pkg']
[0.162s] Level 1:colcon.colcon_core.package_identification:_identify(src) by extension 'colcon_pkg'
[0.162s] Level 1:colcon.colcon_core.package_identification:_identify(src) by extensions ['colcon_meta']
[0.162s] Level 1:colcon.colcon_core.package_identification:_identify(src) by extension 'colcon_meta'
[0.162s] Level 1:colcon.colcon_core.package_identification:_identify(src) by extensions ['ros']
[0.162s] Level 1:colcon.colcon_core.package_identification:_identify(src) by extension 'ros'
[0.162s] Level 1:colcon.colcon_core.package_identification:_identify(src) by extensions ['cmake', 'python']
[0.163s] Level 1:colcon.colcon_core.package_identification:_identify(src) by extension 'cmake'
[0.163s] Level 1:colcon.colcon_core.package_identification:_identify(src) by extension 'python'
[0.163s] Level 1:colcon.colcon_core.package_identification:_identify(src) by extensions ['python_setup_py']
[0.163s] Level 1:colcon.colcon_core.package_identification:_identify(src) by extension 'python_setup_py'
[0.163s] Level 1:colcon.colcon_core.package_identification:_identify(src/build) by extensions ['ignore', 'ignore_ament_install']
[0.163s] Level 1:colcon.colcon_core.package_identification:_identify(src/build) by extension 'ignore'
[0.163s] Level 1:colcon.colcon_core.package_identification:_identify(src/build) ignored
[0.163s] Level 1:colcon.colcon_core.package_identification:_identify(src/controldesc_pkg) by extensions ['ignore', 'ignore_ament_install']
[0.163s] Level 1:colcon.colcon_core.package_identification:_identify(src/controldesc_pkg) by extension 'ignore'
[0.163s] Level 1:colcon.colcon_core.package_identification:_identify(src/controldesc_pkg) by extension 'ignore_ament_install'
[0.163s] Level 1:colcon.colcon_core.package_identification:_identify(src/controldesc_pkg) by extensions ['colcon_pkg']
[0.163s] Level 1:colcon.colcon_core.package_identification:_identify(src/controldesc_pkg) by extension 'colcon_pkg'
[0.163s] Level 1:colcon.colcon_core.package_identification:_identify(src/controldesc_pkg) by extensions ['colcon_meta']
[0.163s] Level 1:colcon.colcon_core.package_identification:_identify(src/controldesc_pkg) by extension 'colcon_meta'
[0.163s] Level 1:colcon.colcon_core.package_identification:_identify(src/controldesc_pkg) by extensions ['ros']
[0.163s] Level 1:colcon.colcon_core.package_identification:_identify(src/controldesc_pkg) by extension 'ros'
[0.164s] DEBUG:colcon.colcon_core.package_identification:Package 'src/controldesc_pkg' with type 'ros.ament_cmake' and name 'controldesc_pkg'
[0.164s] Level 1:colcon.colcon_core.package_identification:_identify(src/dynamixel_hardware_interface) by extensions ['ignore', 'ignore_ament_install']
[0.164s] Level 1:colcon.colcon_core.package_identification:_identify(src/dynamixel_hardware_interface) by extension 'ignore'
[0.164s] Level 1:colcon.colcon_core.package_identification:_identify(src/dynamixel_hardware_interface) by extension 'ignore_ament_install'
[0.164s] Level 1:colcon.colcon_core.package_identification:_identify(src/dynamixel_hardware_interface) by extensions ['colcon_pkg']
[0.164s] Level 1:colcon.colcon_core.package_identification:_identify(src/dynamixel_hardware_interface) by extension 'colcon_pkg'
[0.164s] Level 1:colcon.colcon_core.package_identification:_identify(src/dynamixel_hardware_interface) by extensions ['colcon_meta']
[0.164s] Level 1:colcon.colcon_core.package_identification:_identify(src/dynamixel_hardware_interface) by extension 'colcon_meta'
[0.164s] Level 1:colcon.colcon_core.package_identification:_identify(src/dynamixel_hardware_interface) by extensions ['ros']
[0.164s] Level 1:colcon.colcon_core.package_identification:_identify(src/dynamixel_hardware_interface) by extension 'ros'
[0.165s] DEBUG:colcon.colcon_core.package_identification:Package 'src/dynamixel_hardware_interface' with type 'ros.ament_cmake' and name 'dynamixel_hardware_interface'
[0.165s] Level 1:colcon.colcon_core.package_identification:_identify(src/husarion_components_description) by extensions ['ignore', 'ignore_ament_install']
[0.165s] Level 1:colcon.colcon_core.package_identification:_identify(src/husarion_components_description) by extension 'ignore'
[0.165s] Level 1:colcon.colcon_core.package_identification:_identify(src/husarion_components_description) by extension 'ignore_ament_install'
[0.165s] Level 1:colcon.colcon_core.package_identification:_identify(src/husarion_components_description) by extensions ['colcon_pkg']
[0.165s] Level 1:colcon.colcon_core.package_identification:_identify(src/husarion_components_description) by extension 'colcon_pkg'
[0.165s] Level 1:colcon.colcon_core.package_identification:_identify(src/husarion_components_description) by extensions ['colcon_meta']
[0.165s] Level 1:colcon.colcon_core.package_identification:_identify(src/husarion_components_description) by extension 'colcon_meta'
[0.165s] Level 1:colcon.colcon_core.package_identification:_identify(src/husarion_components_description) by extensions ['ros']
[0.165s] Level 1:colcon.colcon_core.package_identification:_identify(src/husarion_components_description) by extension 'ros'
[0.174s] DEBUG:colcon.colcon_core.package_identification:Package 'src/husarion_components_description' with type 'ros.ament_cmake' and name 'husarion_components_description'
[0.175s] Level 1:colcon.colcon_core.package_identification:_identify(src/husarion_controllers) by extensions ['ignore', 'ignore_ament_install']
[0.175s] Level 1:colcon.colcon_core.package_identification:_identify(src/husarion_controllers) by extension 'ignore'
[0.175s] Level 1:colcon.colcon_core.package_identification:_identify(src/husarion_controllers) by extension 'ignore_ament_install'
[0.175s] Level 1:colcon.colcon_core.package_identification:_identify(src/husarion_controllers) by extensions ['colcon_pkg']
[0.175s] Level 1:colcon.colcon_core.package_identification:_identify(src/husarion_controllers) by extension 'colcon_pkg'
[0.175s] Level 1:colcon.colcon_core.package_identification:_identify(src/husarion_controllers) by extensions ['colcon_meta']
[0.175s] Level 1:colcon.colcon_core.package_identification:_identify(src/husarion_controllers) by extension 'colcon_meta'
[0.175s] Level 1:colcon.colcon_core.package_identification:_identify(src/husarion_controllers) by extensions ['ros']
[0.175s] Level 1:colcon.colcon_core.package_identification:_identify(src/husarion_controllers) by extension 'ros'
[0.175s] Level 1:colcon.colcon_core.package_identification:_identify(src/husarion_controllers) by extensions ['cmake', 'python']
[0.175s] Level 1:colcon.colcon_core.package_identification:_identify(src/husarion_controllers) by extension 'cmake'
[0.175s] Level 1:colcon.colcon_core.package_identification:_identify(src/husarion_controllers) by extension 'python'
[0.175s] Level 1:colcon.colcon_core.package_identification:_identify(src/husarion_controllers) by extensions ['python_setup_py']
[0.175s] Level 1:colcon.colcon_core.package_identification:_identify(src/husarion_controllers) by extension 'python_setup_py'
[0.175s] Level 1:colcon.colcon_core.package_identification:_identify(src/husarion_controllers/A_star_controller) by extensions ['ignore', 'ignore_ament_install']
[0.175s] Level 1:colcon.colcon_core.package_identification:_identify(src/husarion_controllers/A_star_controller) by extension 'ignore'
[0.175s] Level 1:colcon.colcon_core.package_identification:_identify(src/husarion_controllers/A_star_controller) by extension 'ignore_ament_install'
[0.175s] Level 1:colcon.colcon_core.package_identification:_identify(src/husarion_controllers/A_star_controller) by extensions ['colcon_pkg']
[0.175s] Level 1:colcon.colcon_core.package_identification:_identify(src/husarion_controllers/A_star_controller) by extension 'colcon_pkg'
[0.175s] Level 1:colcon.colcon_core.package_identification:_identify(src/husarion_controllers/A_star_controller) by extensions ['colcon_meta']
[0.175s] Level 1:colcon.colcon_core.package_identification:_identify(src/husarion_controllers/A_star_controller) by extension 'colcon_meta'
[0.175s] Level 1:colcon.colcon_core.package_identification:_identify(src/husarion_controllers/A_star_controller) by extensions ['ros']
[0.175s] Level 1:colcon.colcon_core.package_identification:_identify(src/husarion_controllers/A_star_controller) by extension 'ros'
[0.175s] Level 1:colcon.colcon_core.package_identification:_identify(src/husarion_controllers/A_star_controller) by extensions ['cmake', 'python']
[0.175s] Level 1:colcon.colcon_core.package_identification:_identify(src/husarion_controllers/A_star_controller) by extension 'cmake'
[0.175s] Level 1:colcon.colcon_core.package_identification:_identify(src/husarion_controllers/A_star_controller) by extension 'python'
[0.175s] Level 1:colcon.colcon_core.package_identification:_identify(src/husarion_controllers/A_star_controller) by extensions ['python_setup_py']
[0.175s] Level 1:colcon.colcon_core.package_identification:_identify(src/husarion_controllers/A_star_controller) by extension 'python_setup_py'
[0.175s] Level 1:colcon.colcon_core.package_identification:_identify(src/husarion_controllers/A_star_controller/maps) by extensions ['ignore', 'ignore_ament_install']
[0.175s] Level 1:colcon.colcon_core.package_identification:_identify(src/husarion_controllers/A_star_controller/maps) by extension 'ignore'
[0.175s] Level 1:colcon.colcon_core.package_identification:_identify(src/husarion_controllers/A_star_controller/maps) by extension 'ignore_ament_install'
[0.175s] Level 1:colcon.colcon_core.package_identification:_identify(src/husarion_controllers/A_star_controller/maps) by extensions ['colcon_pkg']
[0.175s] Level 1:colcon.colcon_core.package_identification:_identify(src/husarion_controllers/A_star_controller/maps) by extension 'colcon_pkg'
[0.175s] Level 1:colcon.colcon_core.package_identification:_identify(src/husarion_controllers/A_star_controller/maps) by extensions ['colcon_meta']
[0.175s] Level 1:colcon.colcon_core.package_identification:_identify(src/husarion_controllers/A_star_controller/maps) by extension 'colcon_meta'
[0.175s] Level 1:colcon.colcon_core.package_identification:_identify(src/husarion_controllers/A_star_controller/maps) by extensions ['ros']
[0.175s] Level 1:colcon.colcon_core.package_identification:_identify(src/husarion_controllers/A_star_controller/maps) by extension 'ros'
[0.175s] Level 1:colcon.colcon_core.package_identification:_identify(src/husarion_controllers/A_star_controller/maps) by extensions ['cmake', 'python']
[0.175s] Level 1:colcon.colcon_core.package_identification:_identify(src/husarion_controllers/A_star_controller/maps) by extension 'cmake'
[0.175s] Level 1:colcon.colcon_core.package_identification:_identify(src/husarion_controllers/A_star_controller/maps) by extension 'python'
[0.175s] Level 1:colcon.colcon_core.package_identification:_identify(src/husarion_controllers/A_star_controller/maps) by extensions ['python_setup_py']
[0.175s] Level 1:colcon.colcon_core.package_identification:_identify(src/husarion_controllers/A_star_controller/maps) by extension 'python_setup_py'
[0.175s] Level 1:colcon.colcon_core.package_identification:_identify(src/husarion_controllers/mecanum_drive_controller) by extensions ['ignore', 'ignore_ament_install']
[0.175s] Level 1:colcon.colcon_core.package_identification:_identify(src/husarion_controllers/mecanum_drive_controller) by extension 'ignore'
[0.175s] Level 1:colcon.colcon_core.package_identification:_identify(src/husarion_controllers/mecanum_drive_controller) by extension 'ignore_ament_install'
[0.176s] Level 1:colcon.colcon_core.package_identification:_identify(src/husarion_controllers/mecanum_drive_controller) by extensions ['colcon_pkg']
[0.176s] Level 1:colcon.colcon_core.package_identification:_identify(src/husarion_controllers/mecanum_drive_controller) by extension 'colcon_pkg'
[0.176s] Level 1:colcon.colcon_core.package_identification:_identify(src/husarion_controllers/mecanum_drive_controller) by extensions ['colcon_meta']
[0.176s] Level 1:colcon.colcon_core.package_identification:_identify(src/husarion_controllers/mecanum_drive_controller) by extension 'colcon_meta'
[0.176s] Level 1:colcon.colcon_core.package_identification:_identify(src/husarion_controllers/mecanum_drive_controller) by extensions ['ros']
[0.176s] Level 1:colcon.colcon_core.package_identification:_identify(src/husarion_controllers/mecanum_drive_controller) by extension 'ros'
[0.176s] DEBUG:colcon.colcon_core.package_identification:Package 'src/husarion_controllers/mecanum_drive_controller' with type 'ros.ament_cmake' and name 'mecanum_drive_controller'
[0.176s] Level 1:colcon.colcon_core.package_identification:_identify(src/husarion_gz_worlds) by extensions ['ignore', 'ignore_ament_install']
[0.176s] Level 1:colcon.colcon_core.package_identification:_identify(src/husarion_gz_worlds) by extension 'ignore'
[0.176s] Level 1:colcon.colcon_core.package_identification:_identify(src/husarion_gz_worlds) by extension 'ignore_ament_install'
[0.176s] Level 1:colcon.colcon_core.package_identification:_identify(src/husarion_gz_worlds) by extensions ['colcon_pkg']
[0.176s] Level 1:colcon.colcon_core.package_identification:_identify(src/husarion_gz_worlds) by extension 'colcon_pkg'
[0.176s] Level 1:colcon.colcon_core.package_identification:_identify(src/husarion_gz_worlds) by extensions ['colcon_meta']
[0.176s] Level 1:colcon.colcon_core.package_identification:_identify(src/husarion_gz_worlds) by extension 'colcon_meta'
[0.176s] Level 1:colcon.colcon_core.package_identification:_identify(src/husarion_gz_worlds) by extensions ['ros']
[0.176s] Level 1:colcon.colcon_core.package_identification:_identify(src/husarion_gz_worlds) by extension 'ros'
[0.177s] DEBUG:colcon.colcon_core.package_identification:Package 'src/husarion_gz_worlds' with type 'ros.ament_cmake' and name 'husarion_gz_worlds'
[0.177s] Level 1:colcon.colcon_core.package_identification:_identify(src/install) by extensions ['ignore', 'ignore_ament_install']
[0.177s] Level 1:colcon.colcon_core.package_identification:_identify(src/install) by extension 'ignore'
[0.177s] Level 1:colcon.colcon_core.package_identification:_identify(src/install) ignored
[0.177s] Level 1:colcon.colcon_core.package_identification:_identify(src/log) by extensions ['ignore', 'ignore_ament_install']
[0.177s] Level 1:colcon.colcon_core.package_identification:_identify(src/log) by extension 'ignore'
[0.177s] Level 1:colcon.colcon_core.package_identification:_identify(src/log) ignored
[0.177s] Level 1:colcon.colcon_core.package_identification:_identify(src/open_manipulator_x) by extensions ['ignore', 'ignore_ament_install']
[0.177s] Level 1:colcon.colcon_core.package_identification:_identify(src/open_manipulator_x) by extension 'ignore'
[0.177s] Level 1:colcon.colcon_core.package_identification:_identify(src/open_manipulator_x) by extension 'ignore_ament_install'
[0.177s] Level 1:colcon.colcon_core.package_identification:_identify(src/open_manipulator_x) by extensions ['colcon_pkg']
[0.177s] Level 1:colcon.colcon_core.package_identification:_identify(src/open_manipulator_x) by extension 'colcon_pkg'
[0.177s] Level 1:colcon.colcon_core.package_identification:_identify(src/open_manipulator_x) by extensions ['colcon_meta']
[0.177s] Level 1:colcon.colcon_core.package_identification:_identify(src/open_manipulator_x) by extension 'colcon_meta'
[0.177s] Level 1:colcon.colcon_core.package_identification:_identify(src/open_manipulator_x) by extensions ['ros']
[0.177s] Level 1:colcon.colcon_core.package_identification:_identify(src/open_manipulator_x) by extension 'ros'
[0.177s] Level 1:colcon.colcon_core.package_identification:_identify(src/open_manipulator_x) by extensions ['cmake', 'python']
[0.177s] Level 1:colcon.colcon_core.package_identification:_identify(src/open_manipulator_x) by extension 'cmake'
[0.177s] Level 1:colcon.colcon_core.package_identification:_identify(src/open_manipulator_x) by extension 'python'
[0.177s] Level 1:colcon.colcon_core.package_identification:_identify(src/open_manipulator_x) by extensions ['python_setup_py']
[0.177s] Level 1:colcon.colcon_core.package_identification:_identify(src/open_manipulator_x) by extension 'python_setup_py'
[0.178s] Level 1:colcon.colcon_core.package_identification:_identify(src/open_manipulator_x/open_manipulator_x_description) by extensions ['ignore', 'ignore_ament_install']
[0.178s] Level 1:colcon.colcon_core.package_identification:_identify(src/open_manipulator_x/open_manipulator_x_description) by extension 'ignore'
[0.178s] Level 1:colcon.colcon_core.package_identification:_identify(src/open_manipulator_x/open_manipulator_x_description) by extension 'ignore_ament_install'
[0.178s] Level 1:colcon.colcon_core.package_identification:_identify(src/open_manipulator_x/open_manipulator_x_description) by extensions ['colcon_pkg']
[0.178s] Level 1:colcon.colcon_core.package_identification:_identify(src/open_manipulator_x/open_manipulator_x_description) by extension 'colcon_pkg'
[0.178s] Level 1:colcon.colcon_core.package_identification:_identify(src/open_manipulator_x/open_manipulator_x_description) by extensions ['colcon_meta']
[0.178s] Level 1:colcon.colcon_core.package_identification:_identify(src/open_manipulator_x/open_manipulator_x_description) by extension 'colcon_meta'
[0.178s] Level 1:colcon.colcon_core.package_identification:_identify(src/open_manipulator_x/open_manipulator_x_description) by extensions ['ros']
[0.178s] Level 1:colcon.colcon_core.package_identification:_identify(src/open_manipulator_x/open_manipulator_x_description) by extension 'ros'
[0.178s] DEBUG:colcon.colcon_core.package_identification:Package 'src/open_manipulator_x/open_manipulator_x_description' with type 'ros.ament_cmake' and name 'open_manipulator_x_description'
[0.178s] Level 1:colcon.colcon_core.package_identification:_identify(src/open_manipulator_x/open_manipulator_x_joy) by extensions ['ignore', 'ignore_ament_install']
[0.178s] Level 1:colcon.colcon_core.package_identification:_identify(src/open_manipulator_x/open_manipulator_x_joy) by extension 'ignore'
[0.178s] Level 1:colcon.colcon_core.package_identification:_identify(src/open_manipulator_x/open_manipulator_x_joy) by extension 'ignore_ament_install'
[0.178s] Level 1:colcon.colcon_core.package_identification:_identify(src/open_manipulator_x/open_manipulator_x_joy) by extensions ['colcon_pkg']
[0.178s] Level 1:colcon.colcon_core.package_identification:_identify(src/open_manipulator_x/open_manipulator_x_joy) by extension 'colcon_pkg'
[0.178s] Level 1:colcon.colcon_core.package_identification:_identify(src/open_manipulator_x/open_manipulator_x_joy) by extensions ['colcon_meta']
[0.178s] Level 1:colcon.colcon_core.package_identification:_identify(src/open_manipulator_x/open_manipulator_x_joy) by extension 'colcon_meta'
[0.178s] Level 1:colcon.colcon_core.package_identification:_identify(src/open_manipulator_x/open_manipulator_x_joy) by extensions ['ros']
[0.178s] Level 1:colcon.colcon_core.package_identification:_identify(src/open_manipulator_x/open_manipulator_x_joy) by extension 'ros'
[0.179s] DEBUG:colcon.colcon_core.package_identification:Package 'src/open_manipulator_x/open_manipulator_x_joy' with type 'ros.ament_cmake' and name 'open_manipulator_x_joy'
[0.179s] Level 1:colcon.colcon_core.package_identification:_identify(src/open_manipulator_x/open_manipulator_x_moveit) by extensions ['ignore', 'ignore_ament_install']
[0.179s] Level 1:colcon.colcon_core.package_identification:_identify(src/open_manipulator_x/open_manipulator_x_moveit) by extension 'ignore'
[0.179s] Level 1:colcon.colcon_core.package_identification:_identify(src/open_manipulator_x/open_manipulator_x_moveit) by extension 'ignore_ament_install'
[0.179s] Level 1:colcon.colcon_core.package_identification:_identify(src/open_manipulator_x/open_manipulator_x_moveit) by extensions ['colcon_pkg']
[0.179s] Level 1:colcon.colcon_core.package_identification:_identify(src/open_manipulator_x/open_manipulator_x_moveit) by extension 'colcon_pkg'
[0.179s] Level 1:colcon.colcon_core.package_identification:_identify(src/open_manipulator_x/open_manipulator_x_moveit) by extensions ['colcon_meta']
[0.179s] Level 1:colcon.colcon_core.package_identification:_identify(src/open_manipulator_x/open_manipulator_x_moveit) by extension 'colcon_meta'
[0.179s] Level 1:colcon.colcon_core.package_identification:_identify(src/open_manipulator_x/open_manipulator_x_moveit) by extensions ['ros']
[0.179s] Level 1:colcon.colcon_core.package_identification:_identify(src/open_manipulator_x/open_manipulator_x_moveit) by extension 'ros'
[0.179s] DEBUG:colcon.colcon_core.package_identification:Package 'src/open_manipulator_x/open_manipulator_x_moveit' with type 'ros.ament_cmake' and name 'open_manipulator_x_moveit'
[0.179s] Level 1:colcon.colcon_core.package_identification:_identify(src/rosbot_ros) by extensions ['ignore', 'ignore_ament_install']
[0.179s] Level 1:colcon.colcon_core.package_identification:_identify(src/rosbot_ros) by extension 'ignore'
[0.179s] Level 1:colcon.colcon_core.package_identification:_identify(src/rosbot_ros) by extension 'ignore_ament_install'
[0.179s] Level 1:colcon.colcon_core.package_identification:_identify(src/rosbot_ros) by extensions ['colcon_pkg']
[0.179s] Level 1:colcon.colcon_core.package_identification:_identify(src/rosbot_ros) by extension 'colcon_pkg'
[0.179s] Level 1:colcon.colcon_core.package_identification:_identify(src/rosbot_ros) by extensions ['colcon_meta']
[0.179s] Level 1:colcon.colcon_core.package_identification:_identify(src/rosbot_ros) by extension 'colcon_meta'
[0.180s] Level 1:colcon.colcon_core.package_identification:_identify(src/rosbot_ros) by extensions ['ros']
[0.180s] Level 1:colcon.colcon_core.package_identification:_identify(src/rosbot_ros) by extension 'ros'
[0.180s] Level 1:colcon.colcon_core.package_identification:_identify(src/rosbot_ros) by extensions ['cmake', 'python']
[0.180s] Level 1:colcon.colcon_core.package_identification:_identify(src/rosbot_ros) by extension 'cmake'
[0.180s] Level 1:colcon.colcon_core.package_identification:_identify(src/rosbot_ros) by extension 'python'
[0.180s] Level 1:colcon.colcon_core.package_identification:_identify(src/rosbot_ros) by extensions ['python_setup_py']
[0.180s] Level 1:colcon.colcon_core.package_identification:_identify(src/rosbot_ros) by extension 'python_setup_py'
[0.180s] Level 1:colcon.colcon_core.package_identification:_identify(src/rosbot_ros/docker) by extensions ['ignore', 'ignore_ament_install']
[0.180s] Level 1:colcon.colcon_core.package_identification:_identify(src/rosbot_ros/docker) by extension 'ignore'
[0.180s] Level 1:colcon.colcon_core.package_identification:_identify(src/rosbot_ros/docker) by extension 'ignore_ament_install'
[0.180s] Level 1:colcon.colcon_core.package_identification:_identify(src/rosbot_ros/docker) by extensions ['colcon_pkg']
[0.180s] Level 1:colcon.colcon_core.package_identification:_identify(src/rosbot_ros/docker) by extension 'colcon_pkg'
[0.180s] Level 1:colcon.colcon_core.package_identification:_identify(src/rosbot_ros/docker) by extensions ['colcon_meta']
[0.180s] Level 1:colcon.colcon_core.package_identification:_identify(src/rosbot_ros/docker) by extension 'colcon_meta'
[0.180s] Level 1:colcon.colcon_core.package_identification:_identify(src/rosbot_ros/docker) by extensions ['ros']
[0.180s] Level 1:colcon.colcon_core.package_identification:_identify(src/rosbot_ros/docker) by extension 'ros'
[0.180s] Level 1:colcon.colcon_core.package_identification:_identify(src/rosbot_ros/docker) by extensions ['cmake', 'python']
[0.180s] Level 1:colcon.colcon_core.package_identification:_identify(src/rosbot_ros/docker) by extension 'cmake'
[0.180s] Level 1:colcon.colcon_core.package_identification:_identify(src/rosbot_ros/docker) by extension 'python'
[0.180s] Level 1:colcon.colcon_core.package_identification:_identify(src/rosbot_ros/docker) by extensions ['python_setup_py']
[0.180s] Level 1:colcon.colcon_core.package_identification:_identify(src/rosbot_ros/docker) by extension 'python_setup_py'
[0.180s] Level 1:colcon.colcon_core.package_identification:_identify(src/rosbot_ros/rosbot) by extensions ['ignore', 'ignore_ament_install']
[0.180s] Level 1:colcon.colcon_core.package_identification:_identify(src/rosbot_ros/rosbot) by extension 'ignore'
[0.180s] Level 1:colcon.colcon_core.package_identification:_identify(src/rosbot_ros/rosbot) by extension 'ignore_ament_install'
[0.180s] Level 1:colcon.colcon_core.package_identification:_identify(src/rosbot_ros/rosbot) by extensions ['colcon_pkg']
[0.180s] Level 1:colcon.colcon_core.package_identification:_identify(src/rosbot_ros/rosbot) by extension 'colcon_pkg'
[0.180s] Level 1:colcon.colcon_core.package_identification:_identify(src/rosbot_ros/rosbot) by extensions ['colcon_meta']
[0.180s] Level 1:colcon.colcon_core.package_identification:_identify(src/rosbot_ros/rosbot) by extension 'colcon_meta'
[0.180s] Level 1:colcon.colcon_core.package_identification:_identify(src/rosbot_ros/rosbot) by extensions ['ros']
[0.180s] Level 1:colcon.colcon_core.package_identification:_identify(src/rosbot_ros/rosbot) by extension 'ros'
[0.181s] DEBUG:colcon.colcon_core.package_identification:Package 'src/rosbot_ros/rosbot' with type 'ros.ament_cmake' and name 'rosbot'
[0.181s] Level 1:colcon.colcon_core.package_identification:_identify(src/rosbot_ros/rosbot_bringup) by extensions ['ignore', 'ignore_ament_install']
[0.181s] Level 1:colcon.colcon_core.package_identification:_identify(src/rosbot_ros/rosbot_bringup) by extension 'ignore'
[0.181s] Level 1:colcon.colcon_core.package_identification:_identify(src/rosbot_ros/rosbot_bringup) by extension 'ignore_ament_install'
[0.181s] Level 1:colcon.colcon_core.package_identification:_identify(src/rosbot_ros/rosbot_bringup) by extensions ['colcon_pkg']
[0.181s] Level 1:colcon.colcon_core.package_identification:_identify(src/rosbot_ros/rosbot_bringup) by extension 'colcon_pkg'
[0.181s] Level 1:colcon.colcon_core.package_identification:_identify(src/rosbot_ros/rosbot_bringup) by extensions ['colcon_meta']
[0.181s] Level 1:colcon.colcon_core.package_identification:_identify(src/rosbot_ros/rosbot_bringup) by extension 'colcon_meta'
[0.181s] Level 1:colcon.colcon_core.package_identification:_identify(src/rosbot_ros/rosbot_bringup) by extensions ['ros']
[0.181s] Level 1:colcon.colcon_core.package_identification:_identify(src/rosbot_ros/rosbot_bringup) by extension 'ros'
[0.183s] DEBUG:colcon.colcon_core.package_identification:Package 'src/rosbot_ros/rosbot_bringup' with type 'ros.ament_python' and name 'rosbot_bringup'
[0.183s] Level 1:colcon.colcon_core.package_identification:_identify(src/rosbot_ros/rosbot_controller) by extensions ['ignore', 'ignore_ament_install']
[0.183s] Level 1:colcon.colcon_core.package_identification:_identify(src/rosbot_ros/rosbot_controller) by extension 'ignore'
[0.183s] Level 1:colcon.colcon_core.package_identification:_identify(src/rosbot_ros/rosbot_controller) by extension 'ignore_ament_install'
[0.183s] Level 1:colcon.colcon_core.package_identification:_identify(src/rosbot_ros/rosbot_controller) by extensions ['colcon_pkg']
[0.183s] Level 1:colcon.colcon_core.package_identification:_identify(src/rosbot_ros/rosbot_controller) by extension 'colcon_pkg'
[0.183s] Level 1:colcon.colcon_core.package_identification:_identify(src/rosbot_ros/rosbot_controller) by extensions ['colcon_meta']
[0.183s] Level 1:colcon.colcon_core.package_identification:_identify(src/rosbot_ros/rosbot_controller) by extension 'colcon_meta'
[0.183s] Level 1:colcon.colcon_core.package_identification:_identify(src/rosbot_ros/rosbot_controller) by extensions ['ros']
[0.183s] Level 1:colcon.colcon_core.package_identification:_identify(src/rosbot_ros/rosbot_controller) by extension 'ros'
[0.184s] DEBUG:colcon.colcon_core.package_identification:Package 'src/rosbot_ros/rosbot_controller' with type 'ros.ament_python' and name 'rosbot_controller'
[0.184s] Level 1:colcon.colcon_core.package_identification:_identify(src/rosbot_ros/rosbot_description) by extensions ['ignore', 'ignore_ament_install']
[0.184s] Level 1:colcon.colcon_core.package_identification:_identify(src/rosbot_ros/rosbot_description) by extension 'ignore'
[0.184s] Level 1:colcon.colcon_core.package_identification:_identify(src/rosbot_ros/rosbot_description) by extension 'ignore_ament_install'
[0.184s] Level 1:colcon.colcon_core.package_identification:_identify(src/rosbot_ros/rosbot_description) by extensions ['colcon_pkg']
[0.184s] Level 1:colcon.colcon_core.package_identification:_identify(src/rosbot_ros/rosbot_description) by extension 'colcon_pkg'
[0.184s] Level 1:colcon.colcon_core.package_identification:_identify(src/rosbot_ros/rosbot_description) by extensions ['colcon_meta']
[0.184s] Level 1:colcon.colcon_core.package_identification:_identify(src/rosbot_ros/rosbot_description) by extension 'colcon_meta'
[0.184s] Level 1:colcon.colcon_core.package_identification:_identify(src/rosbot_ros/rosbot_description) by extensions ['ros']
[0.184s] Level 1:colcon.colcon_core.package_identification:_identify(src/rosbot_ros/rosbot_description) by extension 'ros'
[0.184s] DEBUG:colcon.colcon_core.package_identification:Package 'src/rosbot_ros/rosbot_description' with type 'ros.ament_cmake' and name 'rosbot_description'
[0.185s] Level 1:colcon.colcon_core.package_identification:_identify(src/rosbot_ros/rosbot_gazebo) by extensions ['ignore', 'ignore_ament_install']
[0.185s] Level 1:colcon.colcon_core.package_identification:_identify(src/rosbot_ros/rosbot_gazebo) by extension 'ignore'
[0.185s] Level 1:colcon.colcon_core.package_identification:_identify(src/rosbot_ros/rosbot_gazebo) by extension 'ignore_ament_install'
[0.185s] Level 1:colcon.colcon_core.package_identification:_identify(src/rosbot_ros/rosbot_gazebo) by extensions ['colcon_pkg']
[0.185s] Level 1:colcon.colcon_core.package_identification:_identify(src/rosbot_ros/rosbot_gazebo) by extension 'colcon_pkg'
[0.185s] Level 1:colcon.colcon_core.package_identification:_identify(src/rosbot_ros/rosbot_gazebo) by extensions ['colcon_meta']
[0.185s] Level 1:colcon.colcon_core.package_identification:_identify(src/rosbot_ros/rosbot_gazebo) by extension 'colcon_meta'
[0.185s] Level 1:colcon.colcon_core.package_identification:_identify(src/rosbot_ros/rosbot_gazebo) by extensions ['ros']
[0.185s] Level 1:colcon.colcon_core.package_identification:_identify(src/rosbot_ros/rosbot_gazebo) by extension 'ros'
[0.187s] DEBUG:colcon.colcon_core.package_identification:Package 'src/rosbot_ros/rosbot_gazebo' with type 'ros.ament_python' and name 'rosbot_gazebo'
[0.187s] Level 1:colcon.colcon_core.package_identification:_identify(src/rosbot_ros/rosbot_joy) by extensions ['ignore', 'ignore_ament_install']
[0.187s] Level 1:colcon.colcon_core.package_identification:_identify(src/rosbot_ros/rosbot_joy) by extension 'ignore'
[0.187s] Level 1:colcon.colcon_core.package_identification:_identify(src/rosbot_ros/rosbot_joy) by extension 'ignore_ament_install'
[0.187s] Level 1:colcon.colcon_core.package_identification:_identify(src/rosbot_ros/rosbot_joy) by extensions ['colcon_pkg']
[0.187s] Level 1:colcon.colcon_core.package_identification:_identify(src/rosbot_ros/rosbot_joy) by extension 'colcon_pkg'
[0.187s] Level 1:colcon.colcon_core.package_identification:_identify(src/rosbot_ros/rosbot_joy) by extensions ['colcon_meta']
[0.187s] Level 1:colcon.colcon_core.package_identification:_identify(src/rosbot_ros/rosbot_joy) by extension 'colcon_meta'
[0.187s] Level 1:colcon.colcon_core.package_identification:_identify(src/rosbot_ros/rosbot_joy) by extensions ['ros']
[0.187s] Level 1:colcon.colcon_core.package_identification:_identify(src/rosbot_ros/rosbot_joy) by extension 'ros'
[0.188s] DEBUG:colcon.colcon_core.package_identification:Package 'src/rosbot_ros/rosbot_joy' with type 'ros.ament_cmake' and name 'rosbot_joy'
[0.188s] Level 1:colcon.colcon_core.package_identification:_identify(src/rosbot_ros/rosbot_localization) by extensions ['ignore', 'ignore_ament_install']
[0.188s] Level 1:colcon.colcon_core.package_identification:_identify(src/rosbot_ros/rosbot_localization) by extension 'ignore'
[0.188s] Level 1:colcon.colcon_core.package_identification:_identify(src/rosbot_ros/rosbot_localization) by extension 'ignore_ament_install'
[0.188s] Level 1:colcon.colcon_core.package_identification:_identify(src/rosbot_ros/rosbot_localization) by extensions ['colcon_pkg']
[0.188s] Level 1:colcon.colcon_core.package_identification:_identify(src/rosbot_ros/rosbot_localization) by extension 'colcon_pkg'
[0.188s] Level 1:colcon.colcon_core.package_identification:_identify(src/rosbot_ros/rosbot_localization) by extensions ['colcon_meta']
[0.188s] Level 1:colcon.colcon_core.package_identification:_identify(src/rosbot_ros/rosbot_localization) by extension 'colcon_meta'
[0.188s] Level 1:colcon.colcon_core.package_identification:_identify(src/rosbot_ros/rosbot_localization) by extensions ['ros']
[0.188s] Level 1:colcon.colcon_core.package_identification:_identify(src/rosbot_ros/rosbot_localization) by extension 'ros'
[0.188s] DEBUG:colcon.colcon_core.package_identification:Package 'src/rosbot_ros/rosbot_localization' with type 'ros.ament_cmake' and name 'rosbot_localization'
[0.188s] Level 1:colcon.colcon_core.package_identification:_identify(src/rosbot_ros/rosbot_utils) by extensions ['ignore', 'ignore_ament_install']
[0.188s] Level 1:colcon.colcon_core.package_identification:_identify(src/rosbot_ros/rosbot_utils) by extension 'ignore'
[0.188s] Level 1:colcon.colcon_core.package_identification:_identify(src/rosbot_ros/rosbot_utils) by extension 'ignore_ament_install'
[0.188s] Level 1:colcon.colcon_core.package_identification:_identify(src/rosbot_ros/rosbot_utils) by extensions ['colcon_pkg']
[0.188s] Level 1:colcon.colcon_core.package_identification:_identify(src/rosbot_ros/rosbot_utils) by extension 'colcon_pkg'
[0.188s] Level 1:colcon.colcon_core.package_identification:_identify(src/rosbot_ros/rosbot_utils) by extensions ['colcon_meta']
[0.188s] Level 1:colcon.colcon_core.package_identification:_identify(src/rosbot_ros/rosbot_utils) by extension 'colcon_meta'
[0.188s] Level 1:colcon.colcon_core.package_identification:_identify(src/rosbot_ros/rosbot_utils) by extensions ['ros']
[0.188s] Level 1:colcon.colcon_core.package_identification:_identify(src/rosbot_ros/rosbot_utils) by extension 'ros'
[0.189s] DEBUG:colcon.colcon_core.package_identification:Package 'src/rosbot_ros/rosbot_utils' with type 'ros.ament_python' and name 'rosbot_utils'
[0.189s] Level 1:colcon.colcon_core.package_identification:_identify(src/rosbot_xl_control) by extensions ['ignore', 'ignore_ament_install']
[0.189s] Level 1:colcon.colcon_core.package_identification:_identify(src/rosbot_xl_control) by extension 'ignore'
[0.189s] Level 1:colcon.colcon_core.package_identification:_identify(src/rosbot_xl_control) by extension 'ignore_ament_install'
[0.189s] Level 1:colcon.colcon_core.package_identification:_identify(src/rosbot_xl_control) by extensions ['colcon_pkg']
[0.189s] Level 1:colcon.colcon_core.package_identification:_identify(src/rosbot_xl_control) by extension 'colcon_pkg'
[0.189s] Level 1:colcon.colcon_core.package_identification:_identify(src/rosbot_xl_control) by extensions ['colcon_meta']
[0.189s] Level 1:colcon.colcon_core.package_identification:_identify(src/rosbot_xl_control) by extension 'colcon_meta'
[0.189s] Level 1:colcon.colcon_core.package_identification:_identify(src/rosbot_xl_control) by extensions ['ros']
[0.189s] Level 1:colcon.colcon_core.package_identification:_identify(src/rosbot_xl_control) by extension 'ros'
[0.190s] DEBUG:colcon.colcon_core.package_identification:Package 'src/rosbot_xl_control' with type 'ros.ament_cmake' and name 'rosbot_xl_control'
[0.190s] Level 1:colcon.colcon_core.package_discovery:discover_packages(recursive) using defaults
[0.190s] Level 1:colcon.colcon_core.package_discovery:discover_packages(ignore) discover
[0.190s] Level 1:colcon.colcon_core.package_discovery:discover_packages(ignore) using defaults
[0.190s] Level 1:colcon.colcon_core.package_discovery:discover_packages(path) discover
[0.190s] Level 1:colcon.colcon_core.package_discovery:discover_packages(path) using defaults
[0.203s] Level 1:colcon.colcon_core.package_discovery:discover_packages(prefix_path) check parameters
[0.203s] Level 1:colcon.colcon_core.package_discovery:discover_packages(prefix_path) discover
[0.204s] DEBUG:colcon.colcon_installed_package_information.package_discovery:Found 486 installed packages in /opt/ros/humble
[0.206s] Level 1:colcon.colcon_core.package_discovery:discover_packages(prefix_path) using defaults
[0.232s] WARNING:colcon.colcon_core.package_selection:Some selected packages are already built in one or more underlay workspaces:
	'mecanum_drive_controller' is in: /opt/ros/humble
If a package in a merged underlay workspace is overridden and it installs headers, then all packages in the overlay must sort their include directories by workspace order. Failure to do so may result in build failures or undefined behavior at run time.
If the overridden package is used by another package in any underlay, then the overriding package in the overlay must be API and ABI compatible or undefined behavior at run time may occur.

If you understand the risks and want to override a package anyways, add the following to the command line:
	--allow-overriding mecanum_drive_controller

This may be promoted to an error in a future release of colcon-override-check.
[0.233s] Level 5:colcon.colcon_core.verb:set package 'controldesc_pkg' build argument 'cmake_args' from command line to 'None'
[0.233s] Level 5:colcon.colcon_core.verb:set package 'controldesc_pkg' build argument 'cmake_target' from command line to 'None'
[0.233s] Level 5:colcon.colcon_core.verb:set package 'controldesc_pkg' build argument 'cmake_target_skip_unavailable' from command line to 'False'
[0.233s] Level 5:colcon.colcon_core.verb:set package 'controldesc_pkg' build argument 'cmake_clean_cache' from command line to 'False'
[0.233s] Level 5:colcon.colcon_core.verb:set package 'controldesc_pkg' build argument 'cmake_clean_first' from command line to 'False'
[0.233s] Level 5:colcon.colcon_core.verb:set package 'controldesc_pkg' build argument 'cmake_force_configure' from command line to 'False'
[0.233s] Level 5:colcon.colcon_core.verb:set package 'controldesc_pkg' build argument 'ament_cmake_args' from command line to 'None'
[0.233s] Level 5:colcon.colcon_core.verb:set package 'controldesc_pkg' build argument 'catkin_cmake_args' from command line to 'None'
[0.233s] Level 5:colcon.colcon_core.verb:set package 'controldesc_pkg' build argument 'catkin_skip_building_tests' from command line to 'False'
[0.233s] DEBUG:colcon.colcon_core.verb:Building package 'controldesc_pkg' with the following arguments: {'ament_cmake_args': None, 'build_base': '/home/ale/Proyecto_CPR/rosbot_ws/build/controldesc_pkg', 'catkin_cmake_args': None, 'catkin_skip_building_tests': False, 'cmake_args': None, 'cmake_clean_cache': False, 'cmake_clean_first': False, 'cmake_force_configure': False, 'cmake_target': None, 'cmake_target_skip_unavailable': False, 'install_base': '/home/ale/Proyecto_CPR/rosbot_ws/install/controldesc_pkg', 'merge_install': False, 'path': '/home/ale/Proyecto_CPR/rosbot_ws/src/controldesc_pkg', 'symlink_install': False, 'test_result_base': None}
[0.233s] Level 5:colcon.colcon_core.verb:set package 'dynamixel_hardware_interface' build argument 'cmake_args' from command line to 'None'
[0.233s] Level 5:colcon.colcon_core.verb:set package 'dynamixel_hardware_interface' build argument 'cmake_target' from command line to 'None'
[0.233s] Level 5:colcon.colcon_core.verb:set package 'dynamixel_hardware_interface' build argument 'cmake_target_skip_unavailable' from command line to 'False'
[0.233s] Level 5:colcon.colcon_core.verb:set package 'dynamixel_hardware_interface' build argument 'cmake_clean_cache' from command line to 'False'
[0.233s] Level 5:colcon.colcon_core.verb:set package 'dynamixel_hardware_interface' build argument 'cmake_clean_first' from command line to 'False'
[0.233s] Level 5:colcon.colcon_core.verb:set package 'dynamixel_hardware_interface' build argument 'cmake_force_configure' from command line to 'False'
[0.233s] Level 5:colcon.colcon_core.verb:set package 'dynamixel_hardware_interface' build argument 'ament_cmake_args' from command line to 'None'
[0.233s] Level 5:colcon.colcon_core.verb:set package 'dynamixel_hardware_interface' build argument 'catkin_cmake_args' from command line to 'None'
[0.233s] Level 5:colcon.colcon_core.verb:set package 'dynamixel_hardware_interface' build argument 'catkin_skip_building_tests' from command line to 'False'
[0.233s] DEBUG:colcon.colcon_core.verb:Building package 'dynamixel_hardware_interface' with the following arguments: {'ament_cmake_args': None, 'build_base': '/home/ale/Proyecto_CPR/rosbot_ws/build/dynamixel_hardware_interface', 'catkin_cmake_args': None, 'catkin_skip_building_tests': False, 'cmake_args': None, 'cmake_clean_cache': False, 'cmake_clean_first': False, 'cmake_force_configure': False, 'cmake_target': None, 'cmake_target_skip_unavailable': False, 'install_base': '/home/ale/Proyecto_CPR/rosbot_ws/install/dynamixel_hardware_interface', 'merge_install': False, 'path': '/home/ale/Proyecto_CPR/rosbot_ws/src/dynamixel_hardware_interface', 'symlink_install': False, 'test_result_base': None}
[0.234s] Level 5:colcon.colcon_core.verb:set package 'husarion_components_description' build argument 'cmake_args' from command line to 'None'
[0.234s] Level 5:colcon.colcon_core.verb:set package 'husarion_components_description' build argument 'cmake_target' from command line to 'None'
[0.234s] Level 5:colcon.colcon_core.verb:set package 'husarion_components_description' build argument 'cmake_target_skip_unavailable' from command line to 'False'
[0.234s] Level 5:colcon.colcon_core.verb:set package 'husarion_components_description' build argument 'cmake_clean_cache' from command line to 'False'
[0.234s] Level 5:colcon.colcon_core.verb:set package 'husarion_components_description' build argument 'cmake_clean_first' from command line to 'False'
[0.234s] Level 5:colcon.colcon_core.verb:set package 'husarion_components_description' build argument 'cmake_force_configure' from command line to 'False'
[0.234s] Level 5:colcon.colcon_core.verb:set package 'husarion_components_description' build argument 'ament_cmake_args' from command line to 'None'
[0.234s] Level 5:colcon.colcon_core.verb:set package 'husarion_components_description' build argument 'catkin_cmake_args' from command line to 'None'
[0.234s] Level 5:colcon.colcon_core.verb:set package 'husarion_components_description' build argument 'catkin_skip_building_tests' from command line to 'False'
[0.234s] DEBUG:colcon.colcon_core.verb:Building package 'husarion_components_description' with the following arguments: {'ament_cmake_args': None, 'build_base': '/home/ale/Proyecto_CPR/rosbot_ws/build/husarion_components_description', 'catkin_cmake_args': None, 'catkin_skip_building_tests': False, 'cmake_args': None, 'cmake_clean_cache': False, 'cmake_clean_first': False, 'cmake_force_configure': False, 'cmake_target': None, 'cmake_target_skip_unavailable': False, 'install_base': '/home/ale/Proyecto_CPR/rosbot_ws/install/husarion_components_description', 'merge_install': False, 'path': '/home/ale/Proyecto_CPR/rosbot_ws/src/husarion_components_description', 'symlink_install': False, 'test_result_base': None}
[0.234s] Level 5:colcon.colcon_core.verb:set package 'husarion_gz_worlds' build argument 'cmake_args' from command line to 'None'
[0.234s] Level 5:colcon.colcon_core.verb:set package 'husarion_gz_worlds' build argument 'cmake_target' from command line to 'None'
[0.234s] Level 5:colcon.colcon_core.verb:set package 'husarion_gz_worlds' build argument 'cmake_target_skip_unavailable' from command line to 'False'
[0.234s] Level 5:colcon.colcon_core.verb:set package 'husarion_gz_worlds' build argument 'cmake_clean_cache' from command line to 'False'
[0.234s] Level 5:colcon.colcon_core.verb:set package 'husarion_gz_worlds' build argument 'cmake_clean_first' from command line to 'False'
[0.234s] Level 5:colcon.colcon_core.verb:set package 'husarion_gz_worlds' build argument 'cmake_force_configure' from command line to 'False'
[0.234s] Level 5:colcon.colcon_core.verb:set package 'husarion_gz_worlds' build argument 'ament_cmake_args' from command line to 'None'
[0.234s] Level 5:colcon.colcon_core.verb:set package 'husarion_gz_worlds' build argument 'catkin_cmake_args' from command line to 'None'
[0.234s] Level 5:colcon.colcon_core.verb:set package 'husarion_gz_worlds' build argument 'catkin_skip_building_tests' from command line to 'False'
[0.234s] DEBUG:colcon.colcon_core.verb:Building package 'husarion_gz_worlds' with the following arguments: {'ament_cmake_args': None, 'build_base': '/home/ale/Proyecto_CPR/rosbot_ws/build/husarion_gz_worlds', 'catkin_cmake_args': None, 'catkin_skip_building_tests': False, 'cmake_args': None, 'cmake_clean_cache': False, 'cmake_clean_first': False, 'cmake_force_configure': False, 'cmake_target': None, 'cmake_target_skip_unavailable': False, 'install_base': '/home/ale/Proyecto_CPR/rosbot_ws/install/husarion_gz_worlds', 'merge_install': False, 'path': '/home/ale/Proyecto_CPR/rosbot_ws/src/husarion_gz_worlds', 'symlink_install': False, 'test_result_base': None}
[0.234s] Level 5:colcon.colcon_core.verb:set package 'mecanum_drive_controller' build argument 'cmake_args' from command line to 'None'
[0.234s] Level 5:colcon.colcon_core.verb:set package 'mecanum_drive_controller' build argument 'cmake_target' from command line to 'None'
[0.234s] Level 5:colcon.colcon_core.verb:set package 'mecanum_drive_controller' build argument 'cmake_target_skip_unavailable' from command line to 'False'
[0.234s] Level 5:colcon.colcon_core.verb:set package 'mecanum_drive_controller' build argument 'cmake_clean_cache' from command line to 'False'
[0.234s] Level 5:colcon.colcon_core.verb:set package 'mecanum_drive_controller' build argument 'cmake_clean_first' from command line to 'False'
[0.234s] Level 5:colcon.colcon_core.verb:set package 'mecanum_drive_controller' build argument 'cmake_force_configure' from command line to 'False'
[0.234s] Level 5:colcon.colcon_core.verb:set package 'mecanum_drive_controller' build argument 'ament_cmake_args' from command line to 'None'
[0.234s] Level 5:colcon.colcon_core.verb:set package 'mecanum_drive_controller' build argument 'catkin_cmake_args' from command line to 'None'
[0.234s] Level 5:colcon.colcon_core.verb:set package 'mecanum_drive_controller' build argument 'catkin_skip_building_tests' from command line to 'False'
[0.234s] DEBUG:colcon.colcon_core.verb:Building package 'mecanum_drive_controller' with the following arguments: {'ament_cmake_args': None, 'build_base': '/home/ale/Proyecto_CPR/rosbot_ws/build/mecanum_drive_controller', 'catkin_cmake_args': None, 'catkin_skip_building_tests': False, 'cmake_args': None, 'cmake_clean_cache': False, 'cmake_clean_first': False, 'cmake_force_configure': False, 'cmake_target': None, 'cmake_target_skip_unavailable': False, 'install_base': '/home/ale/Proyecto_CPR/rosbot_ws/install/mecanum_drive_controller', 'merge_install': False, 'path': '/home/ale/Proyecto_CPR/rosbot_ws/src/husarion_controllers/mecanum_drive_controller', 'symlink_install': False, 'test_result_base': None}
[0.234s] Level 5:colcon.colcon_core.verb:set package 'open_manipulator_x_joy' build argument 'cmake_args' from command line to 'None'
[0.234s] Level 5:colcon.colcon_core.verb:set package 'open_manipulator_x_joy' build argument 'cmake_target' from command line to 'None'
[0.234s] Level 5:colcon.colcon_core.verb:set package 'open_manipulator_x_joy' build argument 'cmake_target_skip_unavailable' from command line to 'False'
[0.234s] Level 5:colcon.colcon_core.verb:set package 'open_manipulator_x_joy' build argument 'cmake_clean_cache' from command line to 'False'
[0.234s] Level 5:colcon.colcon_core.verb:set package 'open_manipulator_x_joy' build argument 'cmake_clean_first' from command line to 'False'
[0.234s] Level 5:colcon.colcon_core.verb:set package 'open_manipulator_x_joy' build argument 'cmake_force_configure' from command line to 'False'
[0.234s] Level 5:colcon.colcon_core.verb:set package 'open_manipulator_x_joy' build argument 'ament_cmake_args' from command line to 'None'
[0.234s] Level 5:colcon.colcon_core.verb:set package 'open_manipulator_x_joy' build argument 'catkin_cmake_args' from command line to 'None'
[0.234s] Level 5:colcon.colcon_core.verb:set package 'open_manipulator_x_joy' build argument 'catkin_skip_building_tests' from command line to 'False'
[0.234s] DEBUG:colcon.colcon_core.verb:Building package 'open_manipulator_x_joy' with the following arguments: {'ament_cmake_args': None, 'build_base': '/home/ale/Proyecto_CPR/rosbot_ws/build/open_manipulator_x_joy', 'catkin_cmake_args': None, 'catkin_skip_building_tests': False, 'cmake_args': None, 'cmake_clean_cache': False, 'cmake_clean_first': False, 'cmake_force_configure': False, 'cmake_target': None, 'cmake_target_skip_unavailable': False, 'install_base': '/home/ale/Proyecto_CPR/rosbot_ws/install/open_manipulator_x_joy', 'merge_install': False, 'path': '/home/ale/Proyecto_CPR/rosbot_ws/src/open_manipulator_x/open_manipulator_x_joy', 'symlink_install': False, 'test_result_base': None}
[0.235s] Level 5:colcon.colcon_core.verb:set package 'rosbot_bringup' build argument 'cmake_args' from command line to 'None'
[0.235s] Level 5:colcon.colcon_core.verb:set package 'rosbot_bringup' build argument 'cmake_target' from command line to 'None'
[0.235s] Level 5:colcon.colcon_core.verb:set package 'rosbot_bringup' build argument 'cmake_target_skip_unavailable' from command line to 'False'
[0.235s] Level 5:colcon.colcon_core.verb:set package 'rosbot_bringup' build argument 'cmake_clean_cache' from command line to 'False'
[0.235s] Level 5:colcon.colcon_core.verb:set package 'rosbot_bringup' build argument 'cmake_clean_first' from command line to 'False'
[0.235s] Level 5:colcon.colcon_core.verb:set package 'rosbot_bringup' build argument 'cmake_force_configure' from command line to 'False'
[0.235s] Level 5:colcon.colcon_core.verb:set package 'rosbot_bringup' build argument 'ament_cmake_args' from command line to 'None'
[0.235s] Level 5:colcon.colcon_core.verb:set package 'rosbot_bringup' build argument 'catkin_cmake_args' from command line to 'None'
[0.235s] Level 5:colcon.colcon_core.verb:set package 'rosbot_bringup' build argument 'catkin_skip_building_tests' from command line to 'False'
[0.235s] DEBUG:colcon.colcon_core.verb:Building package 'rosbot_bringup' with the following arguments: {'ament_cmake_args': None, 'build_base': '/home/ale/Proyecto_CPR/rosbot_ws/build/rosbot_bringup', 'catkin_cmake_args': None, 'catkin_skip_building_tests': False, 'cmake_args': None, 'cmake_clean_cache': False, 'cmake_clean_first': False, 'cmake_force_configure': False, 'cmake_target': None, 'cmake_target_skip_unavailable': False, 'install_base': '/home/ale/Proyecto_CPR/rosbot_ws/install/rosbot_bringup', 'merge_install': False, 'path': '/home/ale/Proyecto_CPR/rosbot_ws/src/rosbot_ros/rosbot_bringup', 'symlink_install': False, 'test_result_base': None}
[0.235s] Level 5:colcon.colcon_core.verb:set package 'rosbot_joy' build argument 'cmake_args' from command line to 'None'
[0.235s] Level 5:colcon.colcon_core.verb:set package 'rosbot_joy' build argument 'cmake_target' from command line to 'None'
[0.235s] Level 5:colcon.colcon_core.verb:set package 'rosbot_joy' build argument 'cmake_target_skip_unavailable' from command line to 'False'
[0.235s] Level 5:colcon.colcon_core.verb:set package 'rosbot_joy' build argument 'cmake_clean_cache' from command line to 'False'
[0.235s] Level 5:colcon.colcon_core.verb:set package 'rosbot_joy' build argument 'cmake_clean_first' from command line to 'False'
[0.235s] Level 5:colcon.colcon_core.verb:set package 'rosbot_joy' build argument 'cmake_force_configure' from command line to 'False'
[0.235s] Level 5:colcon.colcon_core.verb:set package 'rosbot_joy' build argument 'ament_cmake_args' from command line to 'None'
[0.235s] Level 5:colcon.colcon_core.verb:set package 'rosbot_joy' build argument 'catkin_cmake_args' from command line to 'None'
[0.235s] Level 5:colcon.colcon_core.verb:set package 'rosbot_joy' build argument 'catkin_skip_building_tests' from command line to 'False'
[0.235s] DEBUG:colcon.colcon_core.verb:Building package 'rosbot_joy' with the following arguments: {'ament_cmake_args': None, 'build_base': '/home/ale/Proyecto_CPR/rosbot_ws/build/rosbot_joy', 'catkin_cmake_args': None, 'catkin_skip_building_tests': False, 'cmake_args': None, 'cmake_clean_cache': False, 'cmake_clean_first': False, 'cmake_force_configure': False, 'cmake_target': None, 'cmake_target_skip_unavailable': False, 'install_base': '/home/ale/Proyecto_CPR/rosbot_ws/install/rosbot_joy', 'merge_install': False, 'path': '/home/ale/Proyecto_CPR/rosbot_ws/src/rosbot_ros/rosbot_joy', 'symlink_install': False, 'test_result_base': None}
[0.235s] Level 5:colcon.colcon_core.verb:set package 'rosbot_localization' build argument 'cmake_args' from command line to 'None'
[0.235s] Level 5:colcon.colcon_core.verb:set package 'rosbot_localization' build argument 'cmake_target' from command line to 'None'
[0.235s] Level 5:colcon.colcon_core.verb:set package 'rosbot_localization' build argument 'cmake_target_skip_unavailable' from command line to 'False'
[0.235s] Level 5:colcon.colcon_core.verb:set package 'rosbot_localization' build argument 'cmake_clean_cache' from command line to 'False'
[0.235s] Level 5:colcon.colcon_core.verb:set package 'rosbot_localization' build argument 'cmake_clean_first' from command line to 'False'
[0.235s] Level 5:colcon.colcon_core.verb:set package 'rosbot_localization' build argument 'cmake_force_configure' from command line to 'False'
[0.235s] Level 5:colcon.colcon_core.verb:set package 'rosbot_localization' build argument 'ament_cmake_args' from command line to 'None'
[0.235s] Level 5:colcon.colcon_core.verb:set package 'rosbot_localization' build argument 'catkin_cmake_args' from command line to 'None'
[0.235s] Level 5:colcon.colcon_core.verb:set package 'rosbot_localization' build argument 'catkin_skip_building_tests' from command line to 'False'
[0.235s] DEBUG:colcon.colcon_core.verb:Building package 'rosbot_localization' with the following arguments: {'ament_cmake_args': None, 'build_base': '/home/ale/Proyecto_CPR/rosbot_ws/build/rosbot_localization', 'catkin_cmake_args': None, 'catkin_skip_building_tests': False, 'cmake_args': None, 'cmake_clean_cache': False, 'cmake_clean_first': False, 'cmake_force_configure': False, 'cmake_target': None, 'cmake_target_skip_unavailable': False, 'install_base': '/home/ale/Proyecto_CPR/rosbot_ws/install/rosbot_localization', 'merge_install': False, 'path': '/home/ale/Proyecto_CPR/rosbot_ws/src/rosbot_ros/rosbot_localization', 'symlink_install': False, 'test_result_base': None}
[0.235s] Level 5:colcon.colcon_core.verb:set package 'rosbot_utils' build argument 'cmake_args' from command line to 'None'
[0.235s] Level 5:colcon.colcon_core.verb:set package 'rosbot_utils' build argument 'cmake_target' from command line to 'None'
[0.235s] Level 5:colcon.colcon_core.verb:set package 'rosbot_utils' build argument 'cmake_target_skip_unavailable' from command line to 'False'
[0.235s] Level 5:colcon.colcon_core.verb:set package 'rosbot_utils' build argument 'cmake_clean_cache' from command line to 'False'
[0.235s] Level 5:colcon.colcon_core.verb:set package 'rosbot_utils' build argument 'cmake_clean_first' from command line to 'False'
[0.235s] Level 5:colcon.colcon_core.verb:set package 'rosbot_utils' build argument 'cmake_force_configure' from command line to 'False'
[0.235s] Level 5:colcon.colcon_core.verb:set package 'rosbot_utils' build argument 'ament_cmake_args' from command line to 'None'
[0.235s] Level 5:colcon.colcon_core.verb:set package 'rosbot_utils' build argument 'catkin_cmake_args' from command line to 'None'
[0.235s] Level 5:colcon.colcon_core.verb:set package 'rosbot_utils' build argument 'catkin_skip_building_tests' from command line to 'False'
[0.235s] DEBUG:colcon.colcon_core.verb:Building package 'rosbot_utils' with the following arguments: {'ament_cmake_args': None, 'build_base': '/home/ale/Proyecto_CPR/rosbot_ws/build/rosbot_utils', 'catkin_cmake_args': None, 'catkin_skip_building_tests': False, 'cmake_args': None, 'cmake_clean_cache': False, 'cmake_clean_first': False, 'cmake_force_configure': False, 'cmake_target': None, 'cmake_target_skip_unavailable': False, 'install_base': '/home/ale/Proyecto_CPR/rosbot_ws/install/rosbot_utils', 'merge_install': False, 'path': '/home/ale/Proyecto_CPR/rosbot_ws/src/rosbot_ros/rosbot_utils', 'symlink_install': False, 'test_result_base': None}
[0.236s] Level 5:colcon.colcon_core.verb:set package 'rosbot_xl_control' build argument 'cmake_args' from command line to 'None'
[0.236s] Level 5:colcon.colcon_core.verb:set package 'rosbot_xl_control' build argument 'cmake_target' from command line to 'None'
[0.236s] Level 5:colcon.colcon_core.verb:set package 'rosbot_xl_control' build argument 'cmake_target_skip_unavailable' from command line to 'False'
[0.236s] Level 5:colcon.colcon_core.verb:set package 'rosbot_xl_control' build argument 'cmake_clean_cache' from command line to 'False'
[0.236s] Level 5:colcon.colcon_core.verb:set package 'rosbot_xl_control' build argument 'cmake_clean_first' from command line to 'False'
[0.236s] Level 5:colcon.colcon_core.verb:set package 'rosbot_xl_control' build argument 'cmake_force_configure' from command line to 'False'
[0.236s] Level 5:colcon.colcon_core.verb:set package 'rosbot_xl_control' build argument 'ament_cmake_args' from command line to 'None'
[0.236s] Level 5:colcon.colcon_core.verb:set package 'rosbot_xl_control' build argument 'catkin_cmake_args' from command line to 'None'
[0.236s] Level 5:colcon.colcon_core.verb:set package 'rosbot_xl_control' build argument 'catkin_skip_building_tests' from command line to 'False'
[0.236s] DEBUG:colcon.colcon_core.verb:Building package 'rosbot_xl_control' with the following arguments: {'ament_cmake_args': None, 'build_base': '/home/ale/Proyecto_CPR/rosbot_ws/build/rosbot_xl_control', 'catkin_cmake_args': None, 'catkin_skip_building_tests': False, 'cmake_args': None, 'cmake_clean_cache': False, 'cmake_clean_first': False, 'cmake_force_configure': False, 'cmake_target': None, 'cmake_target_skip_unavailable': False, 'install_base': '/home/ale/Proyecto_CPR/rosbot_ws/install/rosbot_xl_control', 'merge_install': False, 'path': '/home/ale/Proyecto_CPR/rosbot_ws/src/rosbot_xl_control', 'symlink_install': False, 'test_result_base': None}
[0.236s] Level 5:colcon.colcon_core.verb:set package 'open_manipulator_x_description' build argument 'cmake_args' from command line to 'None'
[0.236s] Level 5:colcon.colcon_core.verb:set package 'open_manipulator_x_description' build argument 'cmake_target' from command line to 'None'
[0.236s] Level 5:colcon.colcon_core.verb:set package 'open_manipulator_x_description' build argument 'cmake_target_skip_unavailable' from command line to 'False'
[0.236s] Level 5:colcon.colcon_core.verb:set package 'open_manipulator_x_description' build argument 'cmake_clean_cache' from command line to 'False'
[0.236s] Level 5:colcon.colcon_core.verb:set package 'open_manipulator_x_description' build argument 'cmake_clean_first' from command line to 'False'
[0.236s] Level 5:colcon.colcon_core.verb:set package 'open_manipulator_x_description' build argument 'cmake_force_configure' from command line to 'False'
[0.236s] Level 5:colcon.colcon_core.verb:set package 'open_manipulator_x_description' build argument 'ament_cmake_args' from command line to 'None'
[0.236s] Level 5:colcon.colcon_core.verb:set package 'open_manipulator_x_description' build argument 'catkin_cmake_args' from command line to 'None'
[0.236s] Level 5:colcon.colcon_core.verb:set package 'open_manipulator_x_description' build argument 'catkin_skip_building_tests' from command line to 'False'
[0.236s] DEBUG:colcon.colcon_core.verb:Building package 'open_manipulator_x_description' with the following arguments: {'ament_cmake_args': None, 'build_base': '/home/ale/Proyecto_CPR/rosbot_ws/build/open_manipulator_x_description', 'catkin_cmake_args': None, 'catkin_skip_building_tests': False, 'cmake_args': None, 'cmake_clean_cache': False, 'cmake_clean_first': False, 'cmake_force_configure': False, 'cmake_target': None, 'cmake_target_skip_unavailable': False, 'install_base': '/home/ale/Proyecto_CPR/rosbot_ws/install/open_manipulator_x_description', 'merge_install': False, 'path': '/home/ale/Proyecto_CPR/rosbot_ws/src/open_manipulator_x/open_manipulator_x_description', 'symlink_install': False, 'test_result_base': None}
[0.236s] Level 5:colcon.colcon_core.verb:set package 'rosbot_description' build argument 'cmake_args' from command line to 'None'
[0.236s] Level 5:colcon.colcon_core.verb:set package 'rosbot_description' build argument 'cmake_target' from command line to 'None'
[0.236s] Level 5:colcon.colcon_core.verb:set package 'rosbot_description' build argument 'cmake_target_skip_unavailable' from command line to 'False'
[0.236s] Level 5:colcon.colcon_core.verb:set package 'rosbot_description' build argument 'cmake_clean_cache' from command line to 'False'
[0.236s] Level 5:colcon.colcon_core.verb:set package 'rosbot_description' build argument 'cmake_clean_first' from command line to 'False'
[0.236s] Level 5:colcon.colcon_core.verb:set package 'rosbot_description' build argument 'cmake_force_configure' from command line to 'False'
[0.236s] Level 5:colcon.colcon_core.verb:set package 'rosbot_description' build argument 'ament_cmake_args' from command line to 'None'
[0.236s] Level 5:colcon.colcon_core.verb:set package 'rosbot_description' build argument 'catkin_cmake_args' from command line to 'None'
[0.236s] Level 5:colcon.colcon_core.verb:set package 'rosbot_description' build argument 'catkin_skip_building_tests' from command line to 'False'
[0.236s] DEBUG:colcon.colcon_core.verb:Building package 'rosbot_description' with the following arguments: {'ament_cmake_args': None, 'build_base': '/home/ale/Proyecto_CPR/rosbot_ws/build/rosbot_description', 'catkin_cmake_args': None, 'catkin_skip_building_tests': False, 'cmake_args': None, 'cmake_clean_cache': False, 'cmake_clean_first': False, 'cmake_force_configure': False, 'cmake_target': None, 'cmake_target_skip_unavailable': False, 'install_base': '/home/ale/Proyecto_CPR/rosbot_ws/install/rosbot_description', 'merge_install': False, 'path': '/home/ale/Proyecto_CPR/rosbot_ws/src/rosbot_ros/rosbot_description', 'symlink_install': False, 'test_result_base': None}
[0.236s] Level 5:colcon.colcon_core.verb:set package 'open_manipulator_x_moveit' build argument 'cmake_args' from command line to 'None'
[0.236s] Level 5:colcon.colcon_core.verb:set package 'open_manipulator_x_moveit' build argument 'cmake_target' from command line to 'None'
[0.236s] Level 5:colcon.colcon_core.verb:set package 'open_manipulator_x_moveit' build argument 'cmake_target_skip_unavailable' from command line to 'False'
[0.236s] Level 5:colcon.colcon_core.verb:set package 'open_manipulator_x_moveit' build argument 'cmake_clean_cache' from command line to 'False'
[0.236s] Level 5:colcon.colcon_core.verb:set package 'open_manipulator_x_moveit' build argument 'cmake_clean_first' from command line to 'False'
[0.236s] Level 5:colcon.colcon_core.verb:set package 'open_manipulator_x_moveit' build argument 'cmake_force_configure' from command line to 'False'
[0.236s] Level 5:colcon.colcon_core.verb:set package 'open_manipulator_x_moveit' build argument 'ament_cmake_args' from command line to 'None'
[0.237s] Level 5:colcon.colcon_core.verb:set package 'open_manipulator_x_moveit' build argument 'catkin_cmake_args' from command line to 'None'
[0.237s] Level 5:colcon.colcon_core.verb:set package 'open_manipulator_x_moveit' build argument 'catkin_skip_building_tests' from command line to 'False'
[0.237s] DEBUG:colcon.colcon_core.verb:Building package 'open_manipulator_x_moveit' with the following arguments: {'ament_cmake_args': None, 'build_base': '/home/ale/Proyecto_CPR/rosbot_ws/build/open_manipulator_x_moveit', 'catkin_cmake_args': None, 'catkin_skip_building_tests': False, 'cmake_args': None, 'cmake_clean_cache': False, 'cmake_clean_first': False, 'cmake_force_configure': False, 'cmake_target': None, 'cmake_target_skip_unavailable': False, 'install_base': '/home/ale/Proyecto_CPR/rosbot_ws/install/open_manipulator_x_moveit', 'merge_install': False, 'path': '/home/ale/Proyecto_CPR/rosbot_ws/src/open_manipulator_x/open_manipulator_x_moveit', 'symlink_install': False, 'test_result_base': None}
[0.237s] Level 5:colcon.colcon_core.verb:set package 'rosbot_controller' build argument 'cmake_args' from command line to 'None'
[0.237s] Level 5:colcon.colcon_core.verb:set package 'rosbot_controller' build argument 'cmake_target' from command line to 'None'
[0.237s] Level 5:colcon.colcon_core.verb:set package 'rosbot_controller' build argument 'cmake_target_skip_unavailable' from command line to 'False'
[0.237s] Level 5:colcon.colcon_core.verb:set package 'rosbot_controller' build argument 'cmake_clean_cache' from command line to 'False'
[0.237s] Level 5:colcon.colcon_core.verb:set package 'rosbot_controller' build argument 'cmake_clean_first' from command line to 'False'
[0.237s] Level 5:colcon.colcon_core.verb:set package 'rosbot_controller' build argument 'cmake_force_configure' from command line to 'False'
[0.237s] Level 5:colcon.colcon_core.verb:set package 'rosbot_controller' build argument 'ament_cmake_args' from command line to 'None'
[0.237s] Level 5:colcon.colcon_core.verb:set package 'rosbot_controller' build argument 'catkin_cmake_args' from command line to 'None'
[0.237s] Level 5:colcon.colcon_core.verb:set package 'rosbot_controller' build argument 'catkin_skip_building_tests' from command line to 'False'
[0.237s] DEBUG:colcon.colcon_core.verb:Building package 'rosbot_controller' with the following arguments: {'ament_cmake_args': None, 'build_base': '/home/ale/Proyecto_CPR/rosbot_ws/build/rosbot_controller', 'catkin_cmake_args': None, 'catkin_skip_building_tests': False, 'cmake_args': None, 'cmake_clean_cache': False, 'cmake_clean_first': False, 'cmake_force_configure': False, 'cmake_target': None, 'cmake_target_skip_unavailable': False, 'install_base': '/home/ale/Proyecto_CPR/rosbot_ws/install/rosbot_controller', 'merge_install': False, 'path': '/home/ale/Proyecto_CPR/rosbot_ws/src/rosbot_ros/rosbot_controller', 'symlink_install': False, 'test_result_base': None}
[0.237s] Level 5:colcon.colcon_core.verb:set package 'rosbot_gazebo' build argument 'cmake_args' from command line to 'None'
[0.237s] Level 5:colcon.colcon_core.verb:set package 'rosbot_gazebo' build argument 'cmake_target' from command line to 'None'
[0.237s] Level 5:colcon.colcon_core.verb:set package 'rosbot_gazebo' build argument 'cmake_target_skip_unavailable' from command line to 'False'
[0.237s] Level 5:colcon.colcon_core.verb:set package 'rosbot_gazebo' build argument 'cmake_clean_cache' from command line to 'False'
[0.237s] Level 5:colcon.colcon_core.verb:set package 'rosbot_gazebo' build argument 'cmake_clean_first' from command line to 'False'
[0.237s] Level 5:colcon.colcon_core.verb:set package 'rosbot_gazebo' build argument 'cmake_force_configure' from command line to 'False'
[0.237s] Level 5:colcon.colcon_core.verb:set package 'rosbot_gazebo' build argument 'ament_cmake_args' from command line to 'None'
[0.237s] Level 5:colcon.colcon_core.verb:set package 'rosbot_gazebo' build argument 'catkin_cmake_args' from command line to 'None'
[0.237s] Level 5:colcon.colcon_core.verb:set package 'rosbot_gazebo' build argument 'catkin_skip_building_tests' from command line to 'False'
[0.237s] DEBUG:colcon.colcon_core.verb:Building package 'rosbot_gazebo' with the following arguments: {'ament_cmake_args': None, 'build_base': '/home/ale/Proyecto_CPR/rosbot_ws/build/rosbot_gazebo', 'catkin_cmake_args': None, 'catkin_skip_building_tests': False, 'cmake_args': None, 'cmake_clean_cache': False, 'cmake_clean_first': False, 'cmake_force_configure': False, 'cmake_target': None, 'cmake_target_skip_unavailable': False, 'install_base': '/home/ale/Proyecto_CPR/rosbot_ws/install/rosbot_gazebo', 'merge_install': False, 'path': '/home/ale/Proyecto_CPR/rosbot_ws/src/rosbot_ros/rosbot_gazebo', 'symlink_install': False, 'test_result_base': None}
[0.237s] Level 5:colcon.colcon_core.verb:set package 'rosbot' build argument 'cmake_args' from command line to 'None'
[0.237s] Level 5:colcon.colcon_core.verb:set package 'rosbot' build argument 'cmake_target' from command line to 'None'
[0.237s] Level 5:colcon.colcon_core.verb:set package 'rosbot' build argument 'cmake_target_skip_unavailable' from command line to 'False'
[0.237s] Level 5:colcon.colcon_core.verb:set package 'rosbot' build argument 'cmake_clean_cache' from command line to 'False'
[0.237s] Level 5:colcon.colcon_core.verb:set package 'rosbot' build argument 'cmake_clean_first' from command line to 'False'
[0.237s] Level 5:colcon.colcon_core.verb:set package 'rosbot' build argument 'cmake_force_configure' from command line to 'False'
[0.237s] Level 5:colcon.colcon_core.verb:set package 'rosbot' build argument 'ament_cmake_args' from command line to 'None'
[0.237s] Level 5:colcon.colcon_core.verb:set package 'rosbot' build argument 'catkin_cmake_args' from command line to 'None'
[0.237s] Level 5:colcon.colcon_core.verb:set package 'rosbot' build argument 'catkin_skip_building_tests' from command line to 'False'
[0.237s] DEBUG:colcon.colcon_core.verb:Building package 'rosbot' with the following arguments: {'ament_cmake_args': None, 'build_base': '/home/ale/Proyecto_CPR/rosbot_ws/build/rosbot', 'catkin_cmake_args': None, 'catkin_skip_building_tests': False, 'cmake_args': None, 'cmake_clean_cache': False, 'cmake_clean_first': False, 'cmake_force_configure': False, 'cmake_target': None, 'cmake_target_skip_unavailable': False, 'install_base': '/home/ale/Proyecto_CPR/rosbot_ws/install/rosbot', 'merge_install': False, 'path': '/home/ale/Proyecto_CPR/rosbot_ws/src/rosbot_ros/rosbot', 'symlink_install': False, 'test_result_base': None}
[0.237s] INFO:colcon.colcon_core.executor:Executing jobs using 'parallel' executor
[0.238s] DEBUG:colcon.colcon_parallel_executor.executor.parallel:run_until_complete
[0.239s] INFO:colcon.colcon_ros.task.ament_cmake.build:Building ROS package in '/home/ale/Proyecto_CPR/rosbot_ws/src/dynamixel_hardware_interface' with build type 'ament_cmake'
[0.239s] INFO:colcon.colcon_cmake.task.cmake.build:Building CMake package in '/home/ale/Proyecto_CPR/rosbot_ws/src/dynamixel_hardware_interface'
[0.240s] INFO:colcon.colcon_core.plugin_system:Skipping extension 'colcon_core.shell.bat': Not used on non-Windows systems
[0.240s] INFO:colcon.colcon_core.shell:Skip shell extension 'powershell' for command environment: Not usable outside of PowerShell
[0.240s] DEBUG:colcon.colcon_core.shell:Skip shell extension 'dsv' for command environment
[0.242s] INFO:colcon.colcon_ros.task.ament_cmake.build:Building ROS package in '/home/ale/Proyecto_CPR/rosbot_ws/src/husarion_components_description' with build type 'ament_cmake'
[0.242s] INFO:colcon.colcon_cmake.task.cmake.build:Building CMake package in '/home/ale/Proyecto_CPR/rosbot_ws/src/husarion_components_description'
[0.242s] INFO:colcon.colcon_core.shell:Skip shell extension 'powershell' for command environment: Not usable outside of PowerShell
[0.242s] DEBUG:colcon.colcon_core.shell:Skip shell extension 'dsv' for command environment
[0.244s] INFO:colcon.colcon_ros.task.ament_cmake.build:Building ROS package in '/home/ale/Proyecto_CPR/rosbot_ws/src/open_manipulator_x/open_manipulator_x_joy' with build type 'ament_cmake'
[0.244s] INFO:colcon.colcon_cmake.task.cmake.build:Building CMake package in '/home/ale/Proyecto_CPR/rosbot_ws/src/open_manipulator_x/open_manipulator_x_joy'
[0.244s] INFO:colcon.colcon_core.shell:Skip shell extension 'powershell' for command environment: Not usable outside of PowerShell
[0.244s] DEBUG:colcon.colcon_core.shell:Skip shell extension 'dsv' for command environment
[0.247s] INFO:colcon.colcon_ros.task.ament_cmake.build:Building ROS package in '/home/ale/Proyecto_CPR/rosbot_ws/src/husarion_controllers/mecanum_drive_controller' with build type 'ament_cmake'
[0.247s] INFO:colcon.colcon_cmake.task.cmake.build:Building CMake package in '/home/ale/Proyecto_CPR/rosbot_ws/src/husarion_controllers/mecanum_drive_controller'
[0.247s] INFO:colcon.colcon_core.shell:Skip shell extension 'powershell' for command environment: Not usable outside of PowerShell
[0.247s] DEBUG:colcon.colcon_core.shell:Skip shell extension 'dsv' for command environment
[0.249s] INFO:colcon.colcon_ros.task.ament_python.build:Building ROS package in '/home/ale/Proyecto_CPR/rosbot_ws/src/rosbot_ros/rosbot_utils' with build type 'ament_python'
[0.249s] Level 1:colcon.colcon_core.shell:create_environment_hook('rosbot_utils', 'ament_prefix_path')
[0.249s] INFO:colcon.colcon_core.shell:Creating environment hook '/home/ale/Proyecto_CPR/rosbot_ws/install/rosbot_utils/share/rosbot_utils/hook/ament_prefix_path.ps1'
[0.250s] INFO:colcon.colcon_core.shell:Creating environment descriptor '/home/ale/Proyecto_CPR/rosbot_ws/install/rosbot_utils/share/rosbot_utils/hook/ament_prefix_path.dsv'
[0.250s] INFO:colcon.colcon_core.shell:Creating environment hook '/home/ale/Proyecto_CPR/rosbot_ws/install/rosbot_utils/share/rosbot_utils/hook/ament_prefix_path.sh'
[0.250s] INFO:colcon.colcon_core.shell:Skip shell extension 'powershell' for command environment: Not usable outside of PowerShell
[0.250s] DEBUG:colcon.colcon_core.shell:Skip shell extension 'dsv' for command environment
[0.252s] INFO:colcon.colcon_ros.task.ament_cmake.build:Building ROS package in '/home/ale/Proyecto_CPR/rosbot_ws/src/husarion_gz_worlds' with build type 'ament_cmake'
[0.252s] INFO:colcon.colcon_cmake.task.cmake.build:Building CMake package in '/home/ale/Proyecto_CPR/rosbot_ws/src/husarion_gz_worlds'
[0.252s] INFO:colcon.colcon_core.shell:Skip shell extension 'powershell' for command environment: Not usable outside of PowerShell
[0.252s] DEBUG:colcon.colcon_core.shell:Skip shell extension 'dsv' for command environment
[0.254s] INFO:colcon.colcon_ros.task.ament_cmake.build:Building ROS package in '/home/ale/Proyecto_CPR/rosbot_ws/src/rosbot_ros/rosbot_localization' with build type 'ament_cmake'
[0.254s] INFO:colcon.colcon_cmake.task.cmake.build:Building CMake package in '/home/ale/Proyecto_CPR/rosbot_ws/src/rosbot_ros/rosbot_localization'
[0.254s] INFO:colcon.colcon_core.shell:Skip shell extension 'powershell' for command environment: Not usable outside of PowerShell
[0.254s] DEBUG:colcon.colcon_core.shell:Skip shell extension 'dsv' for command environment
[0.256s] INFO:colcon.colcon_ros.task.ament_cmake.build:Building ROS package in '/home/ale/Proyecto_CPR/rosbot_ws/src/controldesc_pkg' with build type 'ament_cmake'
[0.256s] INFO:colcon.colcon_cmake.task.cmake.build:Building CMake package in '/home/ale/Proyecto_CPR/rosbot_ws/src/controldesc_pkg'
[0.256s] INFO:colcon.colcon_core.shell:Skip shell extension 'powershell' for command environment: Not usable outside of PowerShell
[0.256s] DEBUG:colcon.colcon_core.shell:Skip shell extension 'dsv' for command environment
[0.258s] INFO:colcon.colcon_ros.task.ament_python.build:Building ROS package in '/home/ale/Proyecto_CPR/rosbot_ws/src/rosbot_ros/rosbot_bringup' with build type 'ament_python'
[0.258s] Level 1:colcon.colcon_core.shell:create_environment_hook('rosbot_bringup', 'ament_prefix_path')
[0.258s] INFO:colcon.colcon_core.shell:Creating environment hook '/home/ale/Proyecto_CPR/rosbot_ws/install/rosbot_bringup/share/rosbot_bringup/hook/ament_prefix_path.ps1'
[0.258s] INFO:colcon.colcon_core.shell:Creating environment descriptor '/home/ale/Proyecto_CPR/rosbot_ws/install/rosbot_bringup/share/rosbot_bringup/hook/ament_prefix_path.dsv'
[0.259s] INFO:colcon.colcon_core.shell:Creating environment hook '/home/ale/Proyecto_CPR/rosbot_ws/install/rosbot_bringup/share/rosbot_bringup/hook/ament_prefix_path.sh'
[0.259s] INFO:colcon.colcon_core.shell:Skip shell extension 'powershell' for command environment: Not usable outside of PowerShell
[0.259s] DEBUG:colcon.colcon_core.shell:Skip shell extension 'dsv' for command environment
[0.262s] INFO:colcon.colcon_ros.task.ament_cmake.build:Building ROS package in '/home/ale/Proyecto_CPR/rosbot_ws/src/rosbot_ros/rosbot_joy' with build type 'ament_cmake'
[0.262s] INFO:colcon.colcon_cmake.task.cmake.build:Building CMake package in '/home/ale/Proyecto_CPR/rosbot_ws/src/rosbot_ros/rosbot_joy'
[0.262s] INFO:colcon.colcon_core.shell:Skip shell extension 'powershell' for command environment: Not usable outside of PowerShell
[0.262s] DEBUG:colcon.colcon_core.shell:Skip shell extension 'dsv' for command environment
[0.264s] INFO:colcon.colcon_ros.task.ament_cmake.build:Building ROS package in '/home/ale/Proyecto_CPR/rosbot_ws/src/rosbot_xl_control' with build type 'ament_cmake'
[0.264s] INFO:colcon.colcon_cmake.task.cmake.build:Building CMake package in '/home/ale/Proyecto_CPR/rosbot_ws/src/rosbot_xl_control'
[0.264s] INFO:colcon.colcon_core.shell:Skip shell extension 'powershell' for command environment: Not usable outside of PowerShell
[0.264s] DEBUG:colcon.colcon_core.shell:Skip shell extension 'dsv' for command environment
[0.270s] DEBUG:colcon.colcon_core.event_handler.log_command:Invoking command in '/home/ale/Proyecto_CPR/rosbot_ws/build/dynamixel_hardware_interface': CMAKE_PREFIX_PATH=/opt/ros/humble /usr/bin/cmake --build /home/ale/Proyecto_CPR/rosbot_ws/build/dynamixel_hardware_interface -- -j16 -l16
[0.272s] DEBUG:colcon.colcon_core.event_handler.log_command:Invoking command in '/home/ale/Proyecto_CPR/rosbot_ws/build/husarion_components_description': CMAKE_PREFIX_PATH=/opt/ros/humble /usr/bin/cmake --build /home/ale/Proyecto_CPR/rosbot_ws/build/husarion_components_description -- -j16 -l16
[0.273s] DEBUG:colcon.colcon_core.event_handler.log_command:Invoking command in '/home/ale/Proyecto_CPR/rosbot_ws/build/open_manipulator_x_joy': CMAKE_PREFIX_PATH=/opt/ros/humble /usr/bin/cmake --build /home/ale/Proyecto_CPR/rosbot_ws/build/open_manipulator_x_joy -- -j16 -l16
[0.275s] DEBUG:colcon.colcon_core.event_handler.log_command:Invoking command in '/home/ale/Proyecto_CPR/rosbot_ws/build/mecanum_drive_controller': CMAKE_PREFIX_PATH=/opt/ros/humble /usr/bin/cmake --build /home/ale/Proyecto_CPR/rosbot_ws/build/mecanum_drive_controller -- -j16 -l16
[0.437s] INFO:colcon.colcon_core.task.python.build:Building Python package in '/home/ale/Proyecto_CPR/rosbot_ws/src/rosbot_ros/rosbot_utils'
[0.438s] INFO:colcon.colcon_core.shell:Skip shell extension 'powershell' for command environment: Not usable outside of PowerShell
[0.438s] DEBUG:colcon.colcon_core.shell:Skip shell extension 'dsv' for command environment
[0.442s] DEBUG:colcon.colcon_core.event_handler.log_command:Invoking command in '/home/ale/Proyecto_CPR/rosbot_ws/build/husarion_gz_worlds': CMAKE_PREFIX_PATH=/opt/ros/humble /usr/bin/cmake --build /home/ale/Proyecto_CPR/rosbot_ws/build/husarion_gz_worlds -- -j16 -l16
[0.443s] DEBUG:colcon.colcon_core.event_handler.log_command:Invoking command in '/home/ale/Proyecto_CPR/rosbot_ws/build/rosbot_localization': CMAKE_PREFIX_PATH=/opt/ros/humble /usr/bin/cmake --build /home/ale/Proyecto_CPR/rosbot_ws/build/rosbot_localization -- -j16 -l16
[0.444s] DEBUG:colcon.colcon_core.event_handler.log_command:Invoking command in '/home/ale/Proyecto_CPR/rosbot_ws/build/controldesc_pkg': CMAKE_PREFIX_PATH=/opt/ros/humble /usr/bin/cmake --build /home/ale/Proyecto_CPR/rosbot_ws/build/controldesc_pkg -- -j16 -l16
[0.605s] INFO:colcon.colcon_core.task.python.build:Building Python package in '/home/ale/Proyecto_CPR/rosbot_ws/src/rosbot_ros/rosbot_bringup'
[0.605s] INFO:colcon.colcon_core.shell:Skip shell extension 'powershell' for command environment: Not usable outside of PowerShell
[0.605s] DEBUG:colcon.colcon_core.shell:Skip shell extension 'dsv' for command environment
[0.611s] DEBUG:colcon.colcon_core.event_handler.log_command:Invoking command in '/home/ale/Proyecto_CPR/rosbot_ws/build/rosbot_joy': CMAKE_PREFIX_PATH=/opt/ros/humble /usr/bin/cmake --build /home/ale/Proyecto_CPR/rosbot_ws/build/rosbot_joy -- -j16 -l16
[0.616s] DEBUG:colcon.colcon_core.event_handler.log_command:Invoking command in '/home/ale/Proyecto_CPR/rosbot_ws/build/rosbot_xl_control': CMAKE_PREFIX_PATH=/opt/ros/humble /usr/bin/cmake --build /home/ale/Proyecto_CPR/rosbot_ws/build/rosbot_xl_control -- -j16 -l16
[0.618s] DEBUG:colcon.colcon_core.event_handler.log_command:Invoked command in '/home/ale/Proyecto_CPR/rosbot_ws/build/open_manipulator_x_joy' returned '0': CMAKE_PREFIX_PATH=/opt/ros/humble /usr/bin/cmake --build /home/ale/Proyecto_CPR/rosbot_ws/build/open_manipulator_x_joy -- -j16 -l16
[0.628s] DEBUG:colcon.colcon_core.event_handler.log_command:Invoking command in '/home/ale/Proyecto_CPR/rosbot_ws/build/open_manipulator_x_joy': CMAKE_PREFIX_PATH=/opt/ros/humble /usr/bin/cmake --install /home/ale/Proyecto_CPR/rosbot_ws/build/open_manipulator_x_joy
[0.628s] DEBUG:colcon.colcon_core.event_handler.log_command:Invoked command in '/home/ale/Proyecto_CPR/rosbot_ws/build/dynamixel_hardware_interface' returned '0': CMAKE_PREFIX_PATH=/opt/ros/humble /usr/bin/cmake --build /home/ale/Proyecto_CPR/rosbot_ws/build/dynamixel_hardware_interface -- -j16 -l16
[0.630s] DEBUG:colcon.colcon_core.event_handler.log_command:Invoking command in '/home/ale/Proyecto_CPR/rosbot_ws/build/dynamixel_hardware_interface': CMAKE_PREFIX_PATH=/opt/ros/humble /usr/bin/cmake --install /home/ale/Proyecto_CPR/rosbot_ws/build/dynamixel_hardware_interface
[0.630s] DEBUG:colcon.colcon_core.event_handler.log_command:Invoked command in '/home/ale/Proyecto_CPR/rosbot_ws/build/husarion_components_description' returned '0': CMAKE_PREFIX_PATH=/opt/ros/humble /usr/bin/cmake --build /home/ale/Proyecto_CPR/rosbot_ws/build/husarion_components_description -- -j16 -l16
[0.632s] DEBUG:colcon.colcon_core.event_handler.log_command:Invoking command in '/home/ale/Proyecto_CPR/rosbot_ws/build/husarion_components_description': CMAKE_PREFIX_PATH=/opt/ros/humble /usr/bin/cmake --install /home/ale/Proyecto_CPR/rosbot_ws/build/husarion_components_description
[0.632s] DEBUG:colcon.colcon_core.event_handler.log_command:Invoked command in '/home/ale/Proyecto_CPR/rosbot_ws/build/mecanum_drive_controller' returned '0': CMAKE_PREFIX_PATH=/opt/ros/humble /usr/bin/cmake --build /home/ale/Proyecto_CPR/rosbot_ws/build/mecanum_drive_controller -- -j16 -l16
[0.635s] DEBUG:colcon.colcon_core.event_handler.log_command:Invoking command in '/home/ale/Proyecto_CPR/rosbot_ws/build/mecanum_drive_controller': CMAKE_PREFIX_PATH=/opt/ros/humble /usr/bin/cmake --install /home/ale/Proyecto_CPR/rosbot_ws/build/mecanum_drive_controller
[0.635s] DEBUG:colcon.colcon_core.event_handler.log_command:Invoked command in '/home/ale/Proyecto_CPR/rosbot_ws/build/rosbot_localization' returned '0': CMAKE_PREFIX_PATH=/opt/ros/humble /usr/bin/cmake --build /home/ale/Proyecto_CPR/rosbot_ws/build/rosbot_localization -- -j16 -l16
[0.636s] DEBUG:colcon.colcon_core.event_handler.log_command:Invoking command in '/home/ale/Proyecto_CPR/rosbot_ws/build/rosbot_localization': CMAKE_PREFIX_PATH=/opt/ros/humble /usr/bin/cmake --install /home/ale/Proyecto_CPR/rosbot_ws/build/rosbot_localization
[0.637s] DEBUG:colcon.colcon_core.event_handler.log_command:Invoked command in '/home/ale/Proyecto_CPR/rosbot_ws/build/husarion_gz_worlds' returned '0': CMAKE_PREFIX_PATH=/opt/ros/humble /usr/bin/cmake --build /home/ale/Proyecto_CPR/rosbot_ws/build/husarion_gz_worlds -- -j16 -l16
[0.639s] DEBUG:colcon.colcon_core.event_handler.log_command:Invoking command in '/home/ale/Proyecto_CPR/rosbot_ws/build/husarion_gz_worlds': CMAKE_PREFIX_PATH=/opt/ros/humble /usr/bin/cmake --install /home/ale/Proyecto_CPR/rosbot_ws/build/husarion_gz_worlds
[0.665s] Level 1:colcon.colcon_core.environment:create_environment_scripts_only(open_manipulator_x_joy)
[0.668s] DEBUG:colcon.colcon_core.event_handler.log_command:Invoked command in '/home/ale/Proyecto_CPR/rosbot_ws/build/rosbot_joy' returned '0': CMAKE_PREFIX_PATH=/opt/ros/humble /usr/bin/cmake --build /home/ale/Proyecto_CPR/rosbot_ws/build/rosbot_joy -- -j16 -l16
[0.671s] DEBUG:colcon.colcon_core.event_handler.log_command:Invoking command in '/home/ale/Proyecto_CPR/rosbot_ws/build/rosbot_joy': CMAKE_PREFIX_PATH=/opt/ros/humble /usr/bin/cmake --install /home/ale/Proyecto_CPR/rosbot_ws/build/rosbot_joy
[0.671s] DEBUG:colcon.colcon_core.event_handler.log_command:Invoked command in '/home/ale/Proyecto_CPR/rosbot_ws/build/open_manipulator_x_joy' returned '0': CMAKE_PREFIX_PATH=/opt/ros/humble /usr/bin/cmake --install /home/ale/Proyecto_CPR/rosbot_ws/build/open_manipulator_x_joy
[0.672s] Level 1:colcon.colcon_core.environment:checking '/home/ale/Proyecto_CPR/rosbot_ws/install/open_manipulator_x_joy' for CMake module files
[0.672s] Level 1:colcon.colcon_core.environment:checking '/home/ale/Proyecto_CPR/rosbot_ws/install/open_manipulator_x_joy' for CMake config files
[0.673s] Level 1:colcon.colcon_core.shell:create_environment_hook('open_manipulator_x_joy', 'cmake_prefix_path')
[0.673s] INFO:colcon.colcon_core.shell:Creating environment hook '/home/ale/Proyecto_CPR/rosbot_ws/install/open_manipulator_x_joy/share/open_manipulator_x_joy/hook/cmake_prefix_path.ps1'
[0.673s] INFO:colcon.colcon_core.shell:Creating environment descriptor '/home/ale/Proyecto_CPR/rosbot_ws/install/open_manipulator_x_joy/share/open_manipulator_x_joy/hook/cmake_prefix_path.dsv'
[0.673s] INFO:colcon.colcon_core.shell:Creating environment hook '/home/ale/Proyecto_CPR/rosbot_ws/install/open_manipulator_x_joy/share/open_manipulator_x_joy/hook/cmake_prefix_path.sh'
[0.674s] Level 1:colcon.colcon_core.environment:checking '/home/ale/Proyecto_CPR/rosbot_ws/install/open_manipulator_x_joy/lib'
[0.674s] Level 1:colcon.colcon_core.environment:checking '/home/ale/Proyecto_CPR/rosbot_ws/install/open_manipulator_x_joy/bin'
[0.674s] Level 1:colcon.colcon_core.environment:checking '/home/ale/Proyecto_CPR/rosbot_ws/install/open_manipulator_x_joy/lib/pkgconfig/open_manipulator_x_joy.pc'
[0.674s] Level 1:colcon.colcon_core.environment:checking '/home/ale/Proyecto_CPR/rosbot_ws/install/open_manipulator_x_joy/lib/python3.10/site-packages'
[0.675s] Level 1:colcon.colcon_core.environment:checking '/home/ale/Proyecto_CPR/rosbot_ws/install/open_manipulator_x_joy/bin'
[0.675s] INFO:colcon.colcon_core.shell:Creating package script '/home/ale/Proyecto_CPR/rosbot_ws/install/open_manipulator_x_joy/share/open_manipulator_x_joy/package.ps1'
[0.675s] INFO:colcon.colcon_core.shell:Creating package descriptor '/home/ale/Proyecto_CPR/rosbot_ws/install/open_manipulator_x_joy/share/open_manipulator_x_joy/package.dsv'
[0.676s] INFO:colcon.colcon_core.shell:Creating package script '/home/ale/Proyecto_CPR/rosbot_ws/install/open_manipulator_x_joy/share/open_manipulator_x_joy/package.sh'
[0.676s] INFO:colcon.colcon_core.shell:Creating package script '/home/ale/Proyecto_CPR/rosbot_ws/install/open_manipulator_x_joy/share/open_manipulator_x_joy/package.bash'
[0.677s] INFO:colcon.colcon_core.shell:Creating package script '/home/ale/Proyecto_CPR/rosbot_ws/install/open_manipulator_x_joy/share/open_manipulator_x_joy/package.zsh'
[0.677s] Level 1:colcon.colcon_core.environment:create_file_with_runtime_dependencies(/home/ale/Proyecto_CPR/rosbot_ws/install/open_manipulator_x_joy/share/colcon-core/packages/open_manipulator_x_joy)
[0.678s] Level 1:colcon.colcon_core.environment:create_environment_scripts_only(open_manipulator_x_joy)
[0.678s] Level 1:colcon.colcon_core.environment:checking '/home/ale/Proyecto_CPR/rosbot_ws/install/open_manipulator_x_joy' for CMake module files
[0.678s] Level 1:colcon.colcon_core.environment:checking '/home/ale/Proyecto_CPR/rosbot_ws/install/open_manipulator_x_joy' for CMake config files
[0.678s] Level 1:colcon.colcon_core.shell:create_environment_hook('open_manipulator_x_joy', 'cmake_prefix_path')
[0.678s] INFO:colcon.colcon_core.shell:Creating environment hook '/home/ale/Proyecto_CPR/rosbot_ws/install/open_manipulator_x_joy/share/open_manipulator_x_joy/hook/cmake_prefix_path.ps1'
[0.679s] INFO:colcon.colcon_core.shell:Creating environment descriptor '/home/ale/Proyecto_CPR/rosbot_ws/install/open_manipulator_x_joy/share/open_manipulator_x_joy/hook/cmake_prefix_path.dsv'
[0.679s] INFO:colcon.colcon_core.shell:Creating environment hook '/home/ale/Proyecto_CPR/rosbot_ws/install/open_manipulator_x_joy/share/open_manipulator_x_joy/hook/cmake_prefix_path.sh'
[0.679s] Level 1:colcon.colcon_core.environment:checking '/home/ale/Proyecto_CPR/rosbot_ws/install/open_manipulator_x_joy/lib'
[0.679s] Level 1:colcon.colcon_core.environment:checking '/home/ale/Proyecto_CPR/rosbot_ws/install/open_manipulator_x_joy/bin'
[0.679s] Level 1:colcon.colcon_core.environment:checking '/home/ale/Proyecto_CPR/rosbot_ws/install/open_manipulator_x_joy/lib/pkgconfig/open_manipulator_x_joy.pc'
[0.679s] Level 1:colcon.colcon_core.environment:checking '/home/ale/Proyecto_CPR/rosbot_ws/install/open_manipulator_x_joy/lib/python3.10/site-packages'
[0.680s] Level 1:colcon.colcon_core.environment:checking '/home/ale/Proyecto_CPR/rosbot_ws/install/open_manipulator_x_joy/bin'
[0.680s] INFO:colcon.colcon_core.shell:Creating package script '/home/ale/Proyecto_CPR/rosbot_ws/install/open_manipulator_x_joy/share/open_manipulator_x_joy/package.ps1'
[0.680s] INFO:colcon.colcon_core.shell:Creating package descriptor '/home/ale/Proyecto_CPR/rosbot_ws/install/open_manipulator_x_joy/share/open_manipulator_x_joy/package.dsv'
[0.681s] INFO:colcon.colcon_core.shell:Creating package script '/home/ale/Proyecto_CPR/rosbot_ws/install/open_manipulator_x_joy/share/open_manipulator_x_joy/package.sh'
[0.682s] INFO:colcon.colcon_core.shell:Creating package script '/home/ale/Proyecto_CPR/rosbot_ws/install/open_manipulator_x_joy/share/open_manipulator_x_joy/package.bash'
[0.682s] INFO:colcon.colcon_core.shell:Creating package script '/home/ale/Proyecto_CPR/rosbot_ws/install/open_manipulator_x_joy/share/open_manipulator_x_joy/package.zsh'
[0.682s] Level 1:colcon.colcon_core.environment:create_file_with_runtime_dependencies(/home/ale/Proyecto_CPR/rosbot_ws/install/open_manipulator_x_joy/share/colcon-core/packages/open_manipulator_x_joy)
[0.684s] DEBUG:colcon.colcon_core.event_handler.log_command:Invoked command in '/home/ale/Proyecto_CPR/rosbot_ws/build/rosbot_xl_control' returned '0': CMAKE_PREFIX_PATH=/opt/ros/humble /usr/bin/cmake --build /home/ale/Proyecto_CPR/rosbot_ws/build/rosbot_xl_control -- -j16 -l16
[0.684s] DEBUG:colcon.colcon_core.event_handler.log_command:Invoking command in '/home/ale/Proyecto_CPR/rosbot_ws/build/rosbot_xl_control': CMAKE_PREFIX_PATH=/opt/ros/humble /usr/bin/cmake --install /home/ale/Proyecto_CPR/rosbot_ws/build/rosbot_xl_control
[0.685s] Level 1:colcon.colcon_core.environment:create_environment_scripts_only(husarion_components_description)
[0.685s] Level 1:colcon.colcon_core.environment:checking '/home/ale/Proyecto_CPR/rosbot_ws/install/husarion_components_description' for CMake module files
[0.685s] DEBUG:colcon.colcon_core.event_handler.log_command:Invoked command in '/home/ale/Proyecto_CPR/rosbot_ws/build/husarion_components_description' returned '0': CMAKE_PREFIX_PATH=/opt/ros/humble /usr/bin/cmake --install /home/ale/Proyecto_CPR/rosbot_ws/build/husarion_components_description
[0.686s] Level 1:colcon.colcon_core.environment:checking '/home/ale/Proyecto_CPR/rosbot_ws/install/husarion_components_description' for CMake config files
[0.687s] Level 1:colcon.colcon_core.shell:create_environment_hook('husarion_components_description', 'cmake_prefix_path')
[0.687s] INFO:colcon.colcon_core.shell:Creating environment hook '/home/ale/Proyecto_CPR/rosbot_ws/install/husarion_components_description/share/husarion_components_description/hook/cmake_prefix_path.ps1'
[0.687s] INFO:colcon.colcon_core.shell:Creating environment descriptor '/home/ale/Proyecto_CPR/rosbot_ws/install/husarion_components_description/share/husarion_components_description/hook/cmake_prefix_path.dsv'
[0.687s] INFO:colcon.colcon_core.shell:Creating environment hook '/home/ale/Proyecto_CPR/rosbot_ws/install/husarion_components_description/share/husarion_components_description/hook/cmake_prefix_path.sh'
[0.688s] Level 1:colcon.colcon_core.environment:checking '/home/ale/Proyecto_CPR/rosbot_ws/install/husarion_components_description/bin'
[0.688s] Level 1:colcon.colcon_core.environment:checking '/home/ale/Proyecto_CPR/rosbot_ws/install/husarion_components_description/lib/pkgconfig/husarion_components_description.pc'
[0.688s] Level 1:colcon.colcon_core.environment:checking '/home/ale/Proyecto_CPR/rosbot_ws/install/husarion_components_description/lib/python3.10/site-packages'
[0.688s] Level 1:colcon.colcon_core.environment:checking '/home/ale/Proyecto_CPR/rosbot_ws/install/husarion_components_description/bin'
[0.688s] INFO:colcon.colcon_core.shell:Creating package script '/home/ale/Proyecto_CPR/rosbot_ws/install/husarion_components_description/share/husarion_components_description/package.ps1'
[0.689s] INFO:colcon.colcon_core.shell:Creating package descriptor '/home/ale/Proyecto_CPR/rosbot_ws/install/husarion_components_description/share/husarion_components_description/package.dsv'
[0.689s] INFO:colcon.colcon_core.shell:Creating package script '/home/ale/Proyecto_CPR/rosbot_ws/install/husarion_components_description/share/husarion_components_description/package.sh'
[0.689s] INFO:colcon.colcon_core.shell:Creating package script '/home/ale/Proyecto_CPR/rosbot_ws/install/husarion_components_description/share/husarion_components_description/package.bash'
[0.689s] INFO:colcon.colcon_core.shell:Creating package script '/home/ale/Proyecto_CPR/rosbot_ws/install/husarion_components_description/share/husarion_components_description/package.zsh'
[0.690s] Level 1:colcon.colcon_core.environment:create_file_with_runtime_dependencies(/home/ale/Proyecto_CPR/rosbot_ws/install/husarion_components_description/share/colcon-core/packages/husarion_components_description)
[0.690s] Level 1:colcon.colcon_core.environment:create_environment_scripts_only(husarion_components_description)
[0.690s] Level 1:colcon.colcon_core.environment:checking '/home/ale/Proyecto_CPR/rosbot_ws/install/husarion_components_description' for CMake module files
[0.691s] Level 1:colcon.colcon_core.environment:checking '/home/ale/Proyecto_CPR/rosbot_ws/install/husarion_components_description' for CMake config files
[0.691s] Level 1:colcon.colcon_core.shell:create_environment_hook('husarion_components_description', 'cmake_prefix_path')
[0.691s] INFO:colcon.colcon_core.shell:Creating environment hook '/home/ale/Proyecto_CPR/rosbot_ws/install/husarion_components_description/share/husarion_components_description/hook/cmake_prefix_path.ps1'
[0.691s] INFO:colcon.colcon_core.shell:Creating environment descriptor '/home/ale/Proyecto_CPR/rosbot_ws/install/husarion_components_description/share/husarion_components_description/hook/cmake_prefix_path.dsv'
[0.691s] INFO:colcon.colcon_core.shell:Creating environment hook '/home/ale/Proyecto_CPR/rosbot_ws/install/husarion_components_description/share/husarion_components_description/hook/cmake_prefix_path.sh'
[0.692s] Level 1:colcon.colcon_core.environment:checking '/home/ale/Proyecto_CPR/rosbot_ws/install/husarion_components_description/bin'
[0.692s] Level 1:colcon.colcon_core.environment:checking '/home/ale/Proyecto_CPR/rosbot_ws/install/husarion_components_description/lib/pkgconfig/husarion_components_description.pc'
[0.692s] Level 1:colcon.colcon_core.environment:checking '/home/ale/Proyecto_CPR/rosbot_ws/install/husarion_components_description/lib/python3.10/site-packages'
[0.692s] Level 1:colcon.colcon_core.environment:checking '/home/ale/Proyecto_CPR/rosbot_ws/install/husarion_components_description/bin'
[0.692s] INFO:colcon.colcon_core.shell:Creating package script '/home/ale/Proyecto_CPR/rosbot_ws/install/husarion_components_description/share/husarion_components_description/package.ps1'
[0.693s] INFO:colcon.colcon_core.shell:Creating package descriptor '/home/ale/Proyecto_CPR/rosbot_ws/install/husarion_components_description/share/husarion_components_description/package.dsv'
[0.693s] INFO:colcon.colcon_core.shell:Creating package script '/home/ale/Proyecto_CPR/rosbot_ws/install/husarion_components_description/share/husarion_components_description/package.sh'
[0.693s] INFO:colcon.colcon_core.shell:Creating package script '/home/ale/Proyecto_CPR/rosbot_ws/install/husarion_components_description/share/husarion_components_description/package.bash'
[0.694s] INFO:colcon.colcon_core.shell:Creating package script '/home/ale/Proyecto_CPR/rosbot_ws/install/husarion_components_description/share/husarion_components_description/package.zsh'
[0.694s] Level 1:colcon.colcon_core.environment:create_file_with_runtime_dependencies(/home/ale/Proyecto_CPR/rosbot_ws/install/husarion_components_description/share/colcon-core/packages/husarion_components_description)
[0.695s] Level 1:colcon.colcon_core.environment:create_environment_scripts_only(rosbot_localization)
[0.695s] Level 1:colcon.colcon_core.environment:checking '/home/ale/Proyecto_CPR/rosbot_ws/install/rosbot_localization' for CMake module files
[0.698s] Level 1:colcon.colcon_core.environment:checking '/home/ale/Proyecto_CPR/rosbot_ws/install/rosbot_localization' for CMake config files
[0.698s] DEBUG:colcon.colcon_core.event_handler.log_command:Invoked command in '/home/ale/Proyecto_CPR/rosbot_ws/build/rosbot_localization' returned '0': CMAKE_PREFIX_PATH=/opt/ros/humble /usr/bin/cmake --install /home/ale/Proyecto_CPR/rosbot_ws/build/rosbot_localization
[0.700s] Level 1:colcon.colcon_core.shell:create_environment_hook('rosbot_localization', 'cmake_prefix_path')
[0.701s] INFO:colcon.colcon_core.shell:Creating environment hook '/home/ale/Proyecto_CPR/rosbot_ws/install/rosbot_localization/share/rosbot_localization/hook/cmake_prefix_path.ps1'
[0.701s] INFO:colcon.colcon_core.shell:Creating environment descriptor '/home/ale/Proyecto_CPR/rosbot_ws/install/rosbot_localization/share/rosbot_localization/hook/cmake_prefix_path.dsv'
[0.701s] INFO:colcon.colcon_core.shell:Creating environment hook '/home/ale/Proyecto_CPR/rosbot_ws/install/rosbot_localization/share/rosbot_localization/hook/cmake_prefix_path.sh'
[0.702s] Level 1:colcon.colcon_core.environment:checking '/home/ale/Proyecto_CPR/rosbot_ws/install/rosbot_localization/bin'
[0.702s] Level 1:colcon.colcon_core.environment:checking '/home/ale/Proyecto_CPR/rosbot_ws/install/rosbot_localization/lib/pkgconfig/rosbot_localization.pc'
[0.702s] Level 1:colcon.colcon_core.environment:checking '/home/ale/Proyecto_CPR/rosbot_ws/install/rosbot_localization/lib/python3.10/site-packages'
[0.702s] Level 1:colcon.colcon_core.environment:checking '/home/ale/Proyecto_CPR/rosbot_ws/install/rosbot_localization/bin'
[0.702s] INFO:colcon.colcon_core.shell:Creating package script '/home/ale/Proyecto_CPR/rosbot_ws/install/rosbot_localization/share/rosbot_localization/package.ps1'
[0.703s] INFO:colcon.colcon_core.shell:Creating package descriptor '/home/ale/Proyecto_CPR/rosbot_ws/install/rosbot_localization/share/rosbot_localization/package.dsv'
[0.703s] INFO:colcon.colcon_core.shell:Creating package script '/home/ale/Proyecto_CPR/rosbot_ws/install/rosbot_localization/share/rosbot_localization/package.sh'
[0.703s] INFO:colcon.colcon_core.shell:Creating package script '/home/ale/Proyecto_CPR/rosbot_ws/install/rosbot_localization/share/rosbot_localization/package.bash'
[0.703s] INFO:colcon.colcon_core.shell:Creating package script '/home/ale/Proyecto_CPR/rosbot_ws/install/rosbot_localization/share/rosbot_localization/package.zsh'
[0.704s] Level 1:colcon.colcon_core.environment:create_file_with_runtime_dependencies(/home/ale/Proyecto_CPR/rosbot_ws/install/rosbot_localization/share/colcon-core/packages/rosbot_localization)
[0.704s] Level 1:colcon.colcon_core.environment:create_environment_scripts_only(rosbot_localization)
[0.704s] Level 1:colcon.colcon_core.environment:checking '/home/ale/Proyecto_CPR/rosbot_ws/install/rosbot_localization' for CMake module files
[0.704s] Level 1:colcon.colcon_core.environment:checking '/home/ale/Proyecto_CPR/rosbot_ws/install/rosbot_localization' for CMake config files
[0.705s] Level 1:colcon.colcon_core.shell:create_environment_hook('rosbot_localization', 'cmake_prefix_path')
[0.705s] INFO:colcon.colcon_core.shell:Creating environment hook '/home/ale/Proyecto_CPR/rosbot_ws/install/rosbot_localization/share/rosbot_localization/hook/cmake_prefix_path.ps1'
[0.705s] INFO:colcon.colcon_core.shell:Creating environment descriptor '/home/ale/Proyecto_CPR/rosbot_ws/install/rosbot_localization/share/rosbot_localization/hook/cmake_prefix_path.dsv'
[0.705s] INFO:colcon.colcon_core.shell:Creating environment hook '/home/ale/Proyecto_CPR/rosbot_ws/install/rosbot_localization/share/rosbot_localization/hook/cmake_prefix_path.sh'
[0.706s] Level 1:colcon.colcon_core.environment:checking '/home/ale/Proyecto_CPR/rosbot_ws/install/rosbot_localization/bin'
[0.706s] Level 1:colcon.colcon_core.environment:checking '/home/ale/Proyecto_CPR/rosbot_ws/install/rosbot_localization/lib/pkgconfig/rosbot_localization.pc'
[0.706s] Level 1:colcon.colcon_core.environment:checking '/home/ale/Proyecto_CPR/rosbot_ws/install/rosbot_localization/lib/python3.10/site-packages'
[0.707s] Level 1:colcon.colcon_core.environment:checking '/home/ale/Proyecto_CPR/rosbot_ws/install/rosbot_localization/bin'
[0.707s] INFO:colcon.colcon_core.shell:Creating package script '/home/ale/Proyecto_CPR/rosbot_ws/install/rosbot_localization/share/rosbot_localization/package.ps1'
[0.707s] INFO:colcon.colcon_core.shell:Creating package descriptor '/home/ale/Proyecto_CPR/rosbot_ws/install/rosbot_localization/share/rosbot_localization/package.dsv'
[0.707s] INFO:colcon.colcon_core.shell:Creating package script '/home/ale/Proyecto_CPR/rosbot_ws/install/rosbot_localization/share/rosbot_localization/package.sh'
[0.708s] INFO:colcon.colcon_core.shell:Creating package script '/home/ale/Proyecto_CPR/rosbot_ws/install/rosbot_localization/share/rosbot_localization/package.bash'
[0.708s] INFO:colcon.colcon_core.shell:Creating package script '/home/ale/Proyecto_CPR/rosbot_ws/install/rosbot_localization/share/rosbot_localization/package.zsh'
[0.708s] Level 1:colcon.colcon_core.environment:create_file_with_runtime_dependencies(/home/ale/Proyecto_CPR/rosbot_ws/install/rosbot_localization/share/colcon-core/packages/rosbot_localization)
[0.709s] Level 1:colcon.colcon_core.environment:create_environment_scripts_only(husarion_gz_worlds)
[0.709s] Level 1:colcon.colcon_core.environment:checking '/home/ale/Proyecto_CPR/rosbot_ws/install/husarion_gz_worlds' for CMake module files
[0.710s] Level 1:colcon.colcon_core.environment:checking '/home/ale/Proyecto_CPR/rosbot_ws/install/husarion_gz_worlds' for CMake config files
[0.710s] DEBUG:colcon.colcon_core.event_handler.log_command:Invoked command in '/home/ale/Proyecto_CPR/rosbot_ws/build/husarion_gz_worlds' returned '0': CMAKE_PREFIX_PATH=/opt/ros/humble /usr/bin/cmake --install /home/ale/Proyecto_CPR/rosbot_ws/build/husarion_gz_worlds
[0.711s] Level 1:colcon.colcon_core.shell:create_environment_hook('husarion_gz_worlds', 'cmake_prefix_path')
[0.711s] INFO:colcon.colcon_core.shell:Creating environment hook '/home/ale/Proyecto_CPR/rosbot_ws/install/husarion_gz_worlds/share/husarion_gz_worlds/hook/cmake_prefix_path.ps1'
[0.711s] INFO:colcon.colcon_core.shell:Creating environment descriptor '/home/ale/Proyecto_CPR/rosbot_ws/install/husarion_gz_worlds/share/husarion_gz_worlds/hook/cmake_prefix_path.dsv'
[0.712s] INFO:colcon.colcon_core.shell:Creating environment hook '/home/ale/Proyecto_CPR/rosbot_ws/install/husarion_gz_worlds/share/husarion_gz_worlds/hook/cmake_prefix_path.sh'
[0.712s] Level 1:colcon.colcon_core.environment:checking '/home/ale/Proyecto_CPR/rosbot_ws/install/husarion_gz_worlds/bin'
[0.712s] Level 1:colcon.colcon_core.environment:checking '/home/ale/Proyecto_CPR/rosbot_ws/install/husarion_gz_worlds/lib/pkgconfig/husarion_gz_worlds.pc'
[0.712s] Level 1:colcon.colcon_core.environment:checking '/home/ale/Proyecto_CPR/rosbot_ws/install/husarion_gz_worlds/lib/python3.10/site-packages'
[0.712s] Level 1:colcon.colcon_core.environment:checking '/home/ale/Proyecto_CPR/rosbot_ws/install/husarion_gz_worlds/bin'
[0.713s] INFO:colcon.colcon_core.shell:Creating package script '/home/ale/Proyecto_CPR/rosbot_ws/install/husarion_gz_worlds/share/husarion_gz_worlds/package.ps1'
[0.713s] INFO:colcon.colcon_core.shell:Creating package descriptor '/home/ale/Proyecto_CPR/rosbot_ws/install/husarion_gz_worlds/share/husarion_gz_worlds/package.dsv'
[0.713s] INFO:colcon.colcon_core.shell:Creating package script '/home/ale/Proyecto_CPR/rosbot_ws/install/husarion_gz_worlds/share/husarion_gz_worlds/package.sh'
[0.713s] INFO:colcon.colcon_core.shell:Creating package script '/home/ale/Proyecto_CPR/rosbot_ws/install/husarion_gz_worlds/share/husarion_gz_worlds/package.bash'
[0.714s] INFO:colcon.colcon_core.shell:Creating package script '/home/ale/Proyecto_CPR/rosbot_ws/install/husarion_gz_worlds/share/husarion_gz_worlds/package.zsh'
[0.714s] Level 1:colcon.colcon_core.environment:create_file_with_runtime_dependencies(/home/ale/Proyecto_CPR/rosbot_ws/install/husarion_gz_worlds/share/colcon-core/packages/husarion_gz_worlds)
[0.714s] Level 1:colcon.colcon_core.environment:create_environment_scripts_only(husarion_gz_worlds)
[0.714s] Level 1:colcon.colcon_core.environment:checking '/home/ale/Proyecto_CPR/rosbot_ws/install/husarion_gz_worlds' for CMake module files
[0.714s] Level 1:colcon.colcon_core.environment:checking '/home/ale/Proyecto_CPR/rosbot_ws/install/husarion_gz_worlds' for CMake config files
[0.715s] Level 1:colcon.colcon_core.shell:create_environment_hook('husarion_gz_worlds', 'cmake_prefix_path')
[0.715s] INFO:colcon.colcon_core.shell:Creating environment hook '/home/ale/Proyecto_CPR/rosbot_ws/install/husarion_gz_worlds/share/husarion_gz_worlds/hook/cmake_prefix_path.ps1'
[0.715s] INFO:colcon.colcon_core.shell:Creating environment descriptor '/home/ale/Proyecto_CPR/rosbot_ws/install/husarion_gz_worlds/share/husarion_gz_worlds/hook/cmake_prefix_path.dsv'
[0.715s] INFO:colcon.colcon_core.shell:Creating environment hook '/home/ale/Proyecto_CPR/rosbot_ws/install/husarion_gz_worlds/share/husarion_gz_worlds/hook/cmake_prefix_path.sh'
[0.716s] Level 1:colcon.colcon_core.environment:checking '/home/ale/Proyecto_CPR/rosbot_ws/install/husarion_gz_worlds/bin'
[0.716s] Level 1:colcon.colcon_core.environment:checking '/home/ale/Proyecto_CPR/rosbot_ws/install/husarion_gz_worlds/lib/pkgconfig/husarion_gz_worlds.pc'
[0.716s] Level 1:colcon.colcon_core.environment:checking '/home/ale/Proyecto_CPR/rosbot_ws/install/husarion_gz_worlds/lib/python3.10/site-packages'
[0.716s] Level 1:colcon.colcon_core.environment:checking '/home/ale/Proyecto_CPR/rosbot_ws/install/husarion_gz_worlds/bin'
[0.716s] INFO:colcon.colcon_core.shell:Creating package script '/home/ale/Proyecto_CPR/rosbot_ws/install/husarion_gz_worlds/share/husarion_gz_worlds/package.ps1'
[0.717s] INFO:colcon.colcon_core.shell:Creating package descriptor '/home/ale/Proyecto_CPR/rosbot_ws/install/husarion_gz_worlds/share/husarion_gz_worlds/package.dsv'
[0.717s] INFO:colcon.colcon_core.shell:Creating package script '/home/ale/Proyecto_CPR/rosbot_ws/install/husarion_gz_worlds/share/husarion_gz_worlds/package.sh'
[0.717s] INFO:colcon.colcon_core.shell:Creating package script '/home/ale/Proyecto_CPR/rosbot_ws/install/husarion_gz_worlds/share/husarion_gz_worlds/package.bash'
[0.717s] INFO:colcon.colcon_core.shell:Creating package script '/home/ale/Proyecto_CPR/rosbot_ws/install/husarion_gz_worlds/share/husarion_gz_worlds/package.zsh'
[0.718s] Level 1:colcon.colcon_core.environment:create_file_with_runtime_dependencies(/home/ale/Proyecto_CPR/rosbot_ws/install/husarion_gz_worlds/share/colcon-core/packages/husarion_gz_worlds)
[0.718s] Level 1:colcon.colcon_core.environment:create_environment_scripts_only(mecanum_drive_controller)
[0.718s] Level 1:colcon.colcon_core.environment:checking '/home/ale/Proyecto_CPR/rosbot_ws/install/mecanum_drive_controller' for CMake module files
[0.719s] Level 1:colcon.colcon_core.environment:checking '/home/ale/Proyecto_CPR/rosbot_ws/install/mecanum_drive_controller' for CMake config files
[0.719s] Level 1:colcon.colcon_core.shell:create_environment_hook('mecanum_drive_controller', 'cmake_prefix_path')
[0.719s] INFO:colcon.colcon_core.shell:Creating environment hook '/home/ale/Proyecto_CPR/rosbot_ws/install/mecanum_drive_controller/share/mecanum_drive_controller/hook/cmake_prefix_path.ps1'
[0.719s] INFO:colcon.colcon_core.shell:Creating environment descriptor '/home/ale/Proyecto_CPR/rosbot_ws/install/mecanum_drive_controller/share/mecanum_drive_controller/hook/cmake_prefix_path.dsv'
[0.719s] INFO:colcon.colcon_core.shell:Creating environment hook '/home/ale/Proyecto_CPR/rosbot_ws/install/mecanum_drive_controller/share/mecanum_drive_controller/hook/cmake_prefix_path.sh'
[0.720s] DEBUG:colcon.colcon_core.event_handler.log_command:Invoked command in '/home/ale/Proyecto_CPR/rosbot_ws/build/mecanum_drive_controller' returned '0': CMAKE_PREFIX_PATH=/opt/ros/humble /usr/bin/cmake --install /home/ale/Proyecto_CPR/rosbot_ws/build/mecanum_drive_controller
[0.720s] Level 1:colcon.colcon_core.environment:checking '/home/ale/Proyecto_CPR/rosbot_ws/install/mecanum_drive_controller/lib'
[0.720s] Level 1:colcon.colcon_core.shell:create_environment_hook('mecanum_drive_controller', 'ld_library_path_lib')
[0.720s] INFO:colcon.colcon_core.shell:Creating environment hook '/home/ale/Proyecto_CPR/rosbot_ws/install/mecanum_drive_controller/share/mecanum_drive_controller/hook/ld_library_path_lib.ps1'
[0.721s] INFO:colcon.colcon_core.shell:Creating environment descriptor '/home/ale/Proyecto_CPR/rosbot_ws/install/mecanum_drive_controller/share/mecanum_drive_controller/hook/ld_library_path_lib.dsv'
[0.721s] INFO:colcon.colcon_core.shell:Creating environment hook '/home/ale/Proyecto_CPR/rosbot_ws/install/mecanum_drive_controller/share/mecanum_drive_controller/hook/ld_library_path_lib.sh'
[0.721s] Level 1:colcon.colcon_core.environment:checking '/home/ale/Proyecto_CPR/rosbot_ws/install/mecanum_drive_controller/bin'
[0.721s] Level 1:colcon.colcon_core.environment:checking '/home/ale/Proyecto_CPR/rosbot_ws/install/mecanum_drive_controller/lib/pkgconfig/mecanum_drive_controller.pc'
[0.721s] Level 1:colcon.colcon_core.environment:checking '/home/ale/Proyecto_CPR/rosbot_ws/install/mecanum_drive_controller/lib/python3.10/site-packages'
[0.722s] Level 1:colcon.colcon_core.environment:checking '/home/ale/Proyecto_CPR/rosbot_ws/install/mecanum_drive_controller/bin'
[0.722s] INFO:colcon.colcon_core.shell:Creating package script '/home/ale/Proyecto_CPR/rosbot_ws/install/mecanum_drive_controller/share/mecanum_drive_controller/package.ps1'
[0.722s] INFO:colcon.colcon_core.shell:Creating package descriptor '/home/ale/Proyecto_CPR/rosbot_ws/install/mecanum_drive_controller/share/mecanum_drive_controller/package.dsv'
[0.722s] INFO:colcon.colcon_core.shell:Creating package script '/home/ale/Proyecto_CPR/rosbot_ws/install/mecanum_drive_controller/share/mecanum_drive_controller/package.sh'
[0.723s] INFO:colcon.colcon_core.shell:Creating package script '/home/ale/Proyecto_CPR/rosbot_ws/install/mecanum_drive_controller/share/mecanum_drive_controller/package.bash'
[0.723s] INFO:colcon.colcon_core.shell:Creating package script '/home/ale/Proyecto_CPR/rosbot_ws/install/mecanum_drive_controller/share/mecanum_drive_controller/package.zsh'
[0.723s] Level 1:colcon.colcon_core.environment:create_file_with_runtime_dependencies(/home/ale/Proyecto_CPR/rosbot_ws/install/mecanum_drive_controller/share/colcon-core/packages/mecanum_drive_controller)
[0.723s] Level 1:colcon.colcon_core.environment:create_environment_scripts_only(mecanum_drive_controller)
[0.724s] Level 1:colcon.colcon_core.environment:checking '/home/ale/Proyecto_CPR/rosbot_ws/install/mecanum_drive_controller' for CMake module files
[0.724s] Level 1:colcon.colcon_core.environment:checking '/home/ale/Proyecto_CPR/rosbot_ws/install/mecanum_drive_controller' for CMake config files
[0.724s] Level 1:colcon.colcon_core.shell:create_environment_hook('mecanum_drive_controller', 'cmake_prefix_path')
[0.724s] INFO:colcon.colcon_core.shell:Creating environment hook '/home/ale/Proyecto_CPR/rosbot_ws/install/mecanum_drive_controller/share/mecanum_drive_controller/hook/cmake_prefix_path.ps1'
[0.724s] INFO:colcon.colcon_core.shell:Creating environment descriptor '/home/ale/Proyecto_CPR/rosbot_ws/install/mecanum_drive_controller/share/mecanum_drive_controller/hook/cmake_prefix_path.dsv'
[0.725s] INFO:colcon.colcon_core.shell:Creating environment hook '/home/ale/Proyecto_CPR/rosbot_ws/install/mecanum_drive_controller/share/mecanum_drive_controller/hook/cmake_prefix_path.sh'
[0.725s] Level 1:colcon.colcon_core.environment:checking '/home/ale/Proyecto_CPR/rosbot_ws/install/mecanum_drive_controller/lib'
[0.725s] Level 1:colcon.colcon_core.shell:create_environment_hook('mecanum_drive_controller', 'ld_library_path_lib')
[0.725s] INFO:colcon.colcon_core.shell:Creating environment hook '/home/ale/Proyecto_CPR/rosbot_ws/install/mecanum_drive_controller/share/mecanum_drive_controller/hook/ld_library_path_lib.ps1'
[0.725s] INFO:colcon.colcon_core.shell:Creating environment descriptor '/home/ale/Proyecto_CPR/rosbot_ws/install/mecanum_drive_controller/share/mecanum_drive_controller/hook/ld_library_path_lib.dsv'
[0.726s] INFO:colcon.colcon_core.shell:Creating environment hook '/home/ale/Proyecto_CPR/rosbot_ws/install/mecanum_drive_controller/share/mecanum_drive_controller/hook/ld_library_path_lib.sh'
[0.726s] Level 1:colcon.colcon_core.environment:checking '/home/ale/Proyecto_CPR/rosbot_ws/install/mecanum_drive_controller/bin'
[0.726s] Level 1:colcon.colcon_core.environment:checking '/home/ale/Proyecto_CPR/rosbot_ws/install/mecanum_drive_controller/lib/pkgconfig/mecanum_drive_controller.pc'
[0.726s] Level 1:colcon.colcon_core.environment:checking '/home/ale/Proyecto_CPR/rosbot_ws/install/mecanum_drive_controller/lib/python3.10/site-packages'
[0.726s] Level 1:colcon.colcon_core.environment:checking '/home/ale/Proyecto_CPR/rosbot_ws/install/mecanum_drive_controller/bin'
[0.726s] INFO:colcon.colcon_core.shell:Creating package script '/home/ale/Proyecto_CPR/rosbot_ws/install/mecanum_drive_controller/share/mecanum_drive_controller/package.ps1'
[0.727s] INFO:colcon.colcon_core.shell:Creating package descriptor '/home/ale/Proyecto_CPR/rosbot_ws/install/mecanum_drive_controller/share/mecanum_drive_controller/package.dsv'
[0.727s] INFO:colcon.colcon_core.shell:Creating package script '/home/ale/Proyecto_CPR/rosbot_ws/install/mecanum_drive_controller/share/mecanum_drive_controller/package.sh'
[0.727s] INFO:colcon.colcon_core.shell:Creating package script '/home/ale/Proyecto_CPR/rosbot_ws/install/mecanum_drive_controller/share/mecanum_drive_controller/package.bash'
[0.727s] INFO:colcon.colcon_core.shell:Creating package script '/home/ale/Proyecto_CPR/rosbot_ws/install/mecanum_drive_controller/share/mecanum_drive_controller/package.zsh'
[0.728s] Level 1:colcon.colcon_core.environment:create_file_with_runtime_dependencies(/home/ale/Proyecto_CPR/rosbot_ws/install/mecanum_drive_controller/share/colcon-core/packages/mecanum_drive_controller)
[0.728s] Level 1:colcon.colcon_core.environment:create_environment_scripts_only(rosbot_joy)
[0.728s] Level 1:colcon.colcon_core.environment:checking '/home/ale/Proyecto_CPR/rosbot_ws/install/rosbot_joy' for CMake module files
[0.729s] Level 1:colcon.colcon_core.environment:checking '/home/ale/Proyecto_CPR/rosbot_ws/install/rosbot_joy' for CMake config files
[0.729s] DEBUG:colcon.colcon_core.event_handler.log_command:Invoked command in '/home/ale/Proyecto_CPR/rosbot_ws/build/rosbot_joy' returned '0': CMAKE_PREFIX_PATH=/opt/ros/humble /usr/bin/cmake --install /home/ale/Proyecto_CPR/rosbot_ws/build/rosbot_joy
[0.729s] Level 1:colcon.colcon_core.shell:create_environment_hook('rosbot_joy', 'cmake_prefix_path')
[0.730s] INFO:colcon.colcon_core.shell:Creating environment hook '/home/ale/Proyecto_CPR/rosbot_ws/install/rosbot_joy/share/rosbot_joy/hook/cmake_prefix_path.ps1'
[0.730s] INFO:colcon.colcon_core.shell:Creating environment descriptor '/home/ale/Proyecto_CPR/rosbot_ws/install/rosbot_joy/share/rosbot_joy/hook/cmake_prefix_path.dsv'
[0.730s] INFO:colcon.colcon_core.shell:Creating environment hook '/home/ale/Proyecto_CPR/rosbot_ws/install/rosbot_joy/share/rosbot_joy/hook/cmake_prefix_path.sh'
[0.731s] Level 1:colcon.colcon_core.environment:checking '/home/ale/Proyecto_CPR/rosbot_ws/install/rosbot_joy/bin'
[0.731s] Level 1:colcon.colcon_core.environment:checking '/home/ale/Proyecto_CPR/rosbot_ws/install/rosbot_joy/lib/pkgconfig/rosbot_joy.pc'
[0.731s] Level 1:colcon.colcon_core.environment:checking '/home/ale/Proyecto_CPR/rosbot_ws/install/rosbot_joy/lib/python3.10/site-packages'
[0.732s] Level 1:colcon.colcon_core.environment:checking '/home/ale/Proyecto_CPR/rosbot_ws/install/rosbot_joy/bin'
[0.732s] INFO:colcon.colcon_core.shell:Creating package script '/home/ale/Proyecto_CPR/rosbot_ws/install/rosbot_joy/share/rosbot_joy/package.ps1'
[0.733s] INFO:colcon.colcon_core.shell:Creating package descriptor '/home/ale/Proyecto_CPR/rosbot_ws/install/rosbot_joy/share/rosbot_joy/package.dsv'
[0.733s] INFO:colcon.colcon_core.shell:Creating package script '/home/ale/Proyecto_CPR/rosbot_ws/install/rosbot_joy/share/rosbot_joy/package.sh'
[0.734s] INFO:colcon.colcon_core.shell:Creating package script '/home/ale/Proyecto_CPR/rosbot_ws/install/rosbot_joy/share/rosbot_joy/package.bash'
[0.734s] INFO:colcon.colcon_core.shell:Creating package script '/home/ale/Proyecto_CPR/rosbot_ws/install/rosbot_joy/share/rosbot_joy/package.zsh'
[0.735s] Level 1:colcon.colcon_core.environment:create_file_with_runtime_dependencies(/home/ale/Proyecto_CPR/rosbot_ws/install/rosbot_joy/share/colcon-core/packages/rosbot_joy)
[0.736s] Level 1:colcon.colcon_core.environment:create_environment_scripts_only(rosbot_joy)
[0.736s] Level 1:colcon.colcon_core.environment:checking '/home/ale/Proyecto_CPR/rosbot_ws/install/rosbot_joy' for CMake module files
[0.736s] Level 1:colcon.colcon_core.environment:checking '/home/ale/Proyecto_CPR/rosbot_ws/install/rosbot_joy' for CMake config files
[0.736s] Level 1:colcon.colcon_core.shell:create_environment_hook('rosbot_joy', 'cmake_prefix_path')
[0.737s] INFO:colcon.colcon_core.shell:Creating environment hook '/home/ale/Proyecto_CPR/rosbot_ws/install/rosbot_joy/share/rosbot_joy/hook/cmake_prefix_path.ps1'
[0.737s] INFO:colcon.colcon_core.shell:Creating environment descriptor '/home/ale/Proyecto_CPR/rosbot_ws/install/rosbot_joy/share/rosbot_joy/hook/cmake_prefix_path.dsv'
[0.737s] INFO:colcon.colcon_core.shell:Creating environment hook '/home/ale/Proyecto_CPR/rosbot_ws/install/rosbot_joy/share/rosbot_joy/hook/cmake_prefix_path.sh'
[0.738s] Level 1:colcon.colcon_core.environment:checking '/home/ale/Proyecto_CPR/rosbot_ws/install/rosbot_joy/bin'
[0.738s] Level 1:colcon.colcon_core.environment:checking '/home/ale/Proyecto_CPR/rosbot_ws/install/rosbot_joy/lib/pkgconfig/rosbot_joy.pc'
[0.738s] Level 1:colcon.colcon_core.environment:checking '/home/ale/Proyecto_CPR/rosbot_ws/install/rosbot_joy/lib/python3.10/site-packages'
[0.739s] Level 1:colcon.colcon_core.environment:checking '/home/ale/Proyecto_CPR/rosbot_ws/install/rosbot_joy/bin'
[0.739s] INFO:colcon.colcon_core.shell:Creating package script '/home/ale/Proyecto_CPR/rosbot_ws/install/rosbot_joy/share/rosbot_joy/package.ps1'
[0.740s] INFO:colcon.colcon_core.shell:Creating package descriptor '/home/ale/Proyecto_CPR/rosbot_ws/install/rosbot_joy/share/rosbot_joy/package.dsv'
[0.741s] INFO:colcon.colcon_core.shell:Creating package script '/home/ale/Proyecto_CPR/rosbot_ws/install/rosbot_joy/share/rosbot_joy/package.sh'
[0.741s] INFO:colcon.colcon_core.shell:Creating package script '/home/ale/Proyecto_CPR/rosbot_ws/install/rosbot_joy/share/rosbot_joy/package.bash'
[0.741s] INFO:colcon.colcon_core.shell:Creating package script '/home/ale/Proyecto_CPR/rosbot_ws/install/rosbot_joy/share/rosbot_joy/package.zsh'
[0.742s] Level 1:colcon.colcon_core.environment:create_file_with_runtime_dependencies(/home/ale/Proyecto_CPR/rosbot_ws/install/rosbot_joy/share/colcon-core/packages/rosbot_joy)
[0.742s] Level 1:colcon.colcon_core.environment:create_environment_scripts_only(dynamixel_hardware_interface)
[0.743s] Level 1:colcon.colcon_core.environment:checking '/home/ale/Proyecto_CPR/rosbot_ws/install/dynamixel_hardware_interface' for CMake module files
[0.743s] DEBUG:colcon.colcon_core.event_handler.log_command:Invoked command in '/home/ale/Proyecto_CPR/rosbot_ws/build/dynamixel_hardware_interface' returned '0': CMAKE_PREFIX_PATH=/opt/ros/humble /usr/bin/cmake --install /home/ale/Proyecto_CPR/rosbot_ws/build/dynamixel_hardware_interface
[0.744s] Level 1:colcon.colcon_core.environment:checking '/home/ale/Proyecto_CPR/rosbot_ws/install/dynamixel_hardware_interface' for CMake config files
[0.744s] Level 1:colcon.colcon_core.shell:create_environment_hook('dynamixel_hardware_interface', 'cmake_prefix_path')
[0.744s] INFO:colcon.colcon_core.shell:Creating environment hook '/home/ale/Proyecto_CPR/rosbot_ws/install/dynamixel_hardware_interface/share/dynamixel_hardware_interface/hook/cmake_prefix_path.ps1'
[0.745s] INFO:colcon.colcon_core.shell:Creating environment descriptor '/home/ale/Proyecto_CPR/rosbot_ws/install/dynamixel_hardware_interface/share/dynamixel_hardware_interface/hook/cmake_prefix_path.dsv'
[0.745s] INFO:colcon.colcon_core.shell:Creating environment hook '/home/ale/Proyecto_CPR/rosbot_ws/install/dynamixel_hardware_interface/share/dynamixel_hardware_interface/hook/cmake_prefix_path.sh'
[0.746s] Level 1:colcon.colcon_core.environment:checking '/home/ale/Proyecto_CPR/rosbot_ws/install/dynamixel_hardware_interface/lib'
[0.746s] Level 1:colcon.colcon_core.shell:create_environment_hook('dynamixel_hardware_interface', 'ld_library_path_lib')
[0.746s] INFO:colcon.colcon_core.shell:Creating environment hook '/home/ale/Proyecto_CPR/rosbot_ws/install/dynamixel_hardware_interface/share/dynamixel_hardware_interface/hook/ld_library_path_lib.ps1'
[0.747s] INFO:colcon.colcon_core.shell:Creating environment descriptor '/home/ale/Proyecto_CPR/rosbot_ws/install/dynamixel_hardware_interface/share/dynamixel_hardware_interface/hook/ld_library_path_lib.dsv'
[0.747s] INFO:colcon.colcon_core.shell:Creating environment hook '/home/ale/Proyecto_CPR/rosbot_ws/install/dynamixel_hardware_interface/share/dynamixel_hardware_interface/hook/ld_library_path_lib.sh'
[0.747s] Level 1:colcon.colcon_core.environment:checking '/home/ale/Proyecto_CPR/rosbot_ws/install/dynamixel_hardware_interface/bin'
[0.747s] Level 1:colcon.colcon_core.environment:checking '/home/ale/Proyecto_CPR/rosbot_ws/install/dynamixel_hardware_interface/lib/pkgconfig/dynamixel_hardware_interface.pc'
[0.747s] Level 1:colcon.colcon_core.environment:checking '/home/ale/Proyecto_CPR/rosbot_ws/install/dynamixel_hardware_interface/lib/python3.10/site-packages'
[0.747s] Level 1:colcon.colcon_core.environment:checking '/home/ale/Proyecto_CPR/rosbot_ws/install/dynamixel_hardware_interface/bin'
[0.748s] INFO:colcon.colcon_core.shell:Creating package script '/home/ale/Proyecto_CPR/rosbot_ws/install/dynamixel_hardware_interface/share/dynamixel_hardware_interface/package.ps1'
[0.748s] INFO:colcon.colcon_core.shell:Creating package descriptor '/home/ale/Proyecto_CPR/rosbot_ws/install/dynamixel_hardware_interface/share/dynamixel_hardware_interface/package.dsv'
[0.748s] INFO:colcon.colcon_core.shell:Creating package script '/home/ale/Proyecto_CPR/rosbot_ws/install/dynamixel_hardware_interface/share/dynamixel_hardware_interface/package.sh'
[0.749s] INFO:colcon.colcon_core.shell:Creating package script '/home/ale/Proyecto_CPR/rosbot_ws/install/dynamixel_hardware_interface/share/dynamixel_hardware_interface/package.bash'
[0.749s] INFO:colcon.colcon_core.shell:Creating package script '/home/ale/Proyecto_CPR/rosbot_ws/install/dynamixel_hardware_interface/share/dynamixel_hardware_interface/package.zsh'
[0.749s] Level 1:colcon.colcon_core.environment:create_file_with_runtime_dependencies(/home/ale/Proyecto_CPR/rosbot_ws/install/dynamixel_hardware_interface/share/colcon-core/packages/dynamixel_hardware_interface)
[0.749s] Level 1:colcon.colcon_core.environment:create_environment_scripts_only(dynamixel_hardware_interface)
[0.749s] Level 1:colcon.colcon_core.environment:checking '/home/ale/Proyecto_CPR/rosbot_ws/install/dynamixel_hardware_interface' for CMake module files
[0.750s] Level 1:colcon.colcon_core.environment:checking '/home/ale/Proyecto_CPR/rosbot_ws/install/dynamixel_hardware_interface' for CMake config files
[0.750s] Level 1:colcon.colcon_core.shell:create_environment_hook('dynamixel_hardware_interface', 'cmake_prefix_path')
[0.750s] INFO:colcon.colcon_core.shell:Creating environment hook '/home/ale/Proyecto_CPR/rosbot_ws/install/dynamixel_hardware_interface/share/dynamixel_hardware_interface/hook/cmake_prefix_path.ps1'
[0.750s] INFO:colcon.colcon_core.shell:Creating environment descriptor '/home/ale/Proyecto_CPR/rosbot_ws/install/dynamixel_hardware_interface/share/dynamixel_hardware_interface/hook/cmake_prefix_path.dsv'
[0.750s] INFO:colcon.colcon_core.shell:Creating environment hook '/home/ale/Proyecto_CPR/rosbot_ws/install/dynamixel_hardware_interface/share/dynamixel_hardware_interface/hook/cmake_prefix_path.sh'
[0.751s] Level 1:colcon.colcon_core.environment:checking '/home/ale/Proyecto_CPR/rosbot_ws/install/dynamixel_hardware_interface/lib'
[0.751s] Level 1:colcon.colcon_core.shell:create_environment_hook('dynamixel_hardware_interface', 'ld_library_path_lib')
[0.751s] INFO:colcon.colcon_core.shell:Creating environment hook '/home/ale/Proyecto_CPR/rosbot_ws/install/dynamixel_hardware_interface/share/dynamixel_hardware_interface/hook/ld_library_path_lib.ps1'
[0.751s] INFO:colcon.colcon_core.shell:Creating environment descriptor '/home/ale/Proyecto_CPR/rosbot_ws/install/dynamixel_hardware_interface/share/dynamixel_hardware_interface/hook/ld_library_path_lib.dsv'
[0.751s] INFO:colcon.colcon_core.shell:Creating environment hook '/home/ale/Proyecto_CPR/rosbot_ws/install/dynamixel_hardware_interface/share/dynamixel_hardware_interface/hook/ld_library_path_lib.sh'
[0.752s] Level 1:colcon.colcon_core.environment:checking '/home/ale/Proyecto_CPR/rosbot_ws/install/dynamixel_hardware_interface/bin'
[0.752s] Level 1:colcon.colcon_core.environment:checking '/home/ale/Proyecto_CPR/rosbot_ws/install/dynamixel_hardware_interface/lib/pkgconfig/dynamixel_hardware_interface.pc'
[0.752s] Level 1:colcon.colcon_core.environment:checking '/home/ale/Proyecto_CPR/rosbot_ws/install/dynamixel_hardware_interface/lib/python3.10/site-packages'
[0.752s] Level 1:colcon.colcon_core.environment:checking '/home/ale/Proyecto_CPR/rosbot_ws/install/dynamixel_hardware_interface/bin'
[0.752s] INFO:colcon.colcon_core.shell:Creating package script '/home/ale/Proyecto_CPR/rosbot_ws/install/dynamixel_hardware_interface/share/dynamixel_hardware_interface/package.ps1'
[0.753s] INFO:colcon.colcon_core.shell:Creating package descriptor '/home/ale/Proyecto_CPR/rosbot_ws/install/dynamixel_hardware_interface/share/dynamixel_hardware_interface/package.dsv'
[0.753s] INFO:colcon.colcon_core.shell:Creating package script '/home/ale/Proyecto_CPR/rosbot_ws/install/dynamixel_hardware_interface/share/dynamixel_hardware_interface/package.sh'
[0.753s] INFO:colcon.colcon_core.shell:Creating package script '/home/ale/Proyecto_CPR/rosbot_ws/install/dynamixel_hardware_interface/share/dynamixel_hardware_interface/package.bash'
[0.753s] INFO:colcon.colcon_core.shell:Creating package script '/home/ale/Proyecto_CPR/rosbot_ws/install/dynamixel_hardware_interface/share/dynamixel_hardware_interface/package.zsh'
[0.754s] Level 1:colcon.colcon_core.environment:create_file_with_runtime_dependencies(/home/ale/Proyecto_CPR/rosbot_ws/install/dynamixel_hardware_interface/share/colcon-core/packages/dynamixel_hardware_interface)
[0.754s] INFO:colcon.colcon_ros.task.ament_cmake.build:Building ROS package in '/home/ale/Proyecto_CPR/rosbot_ws/src/open_manipulator_x/open_manipulator_x_description' with build type 'ament_cmake'
[0.754s] INFO:colcon.colcon_cmake.task.cmake.build:Building CMake package in '/home/ale/Proyecto_CPR/rosbot_ws/src/open_manipulator_x/open_manipulator_x_description'
[0.754s] INFO:colcon.colcon_core.shell:Skip shell extension 'powershell' for command environment: Not usable outside of PowerShell
[0.754s] DEBUG:colcon.colcon_core.shell:Skip shell extension 'dsv' for command environment
[0.757s] Level 1:colcon.colcon_core.environment:create_environment_scripts_only(rosbot_xl_control)
[0.757s] Level 1:colcon.colcon_core.environment:checking '/home/ale/Proyecto_CPR/rosbot_ws/install/rosbot_xl_control' for CMake module files
[0.757s] DEBUG:colcon.colcon_core.event_handler.log_command:Invoked command in '/home/ale/Proyecto_CPR/rosbot_ws/build/rosbot_xl_control' returned '0': CMAKE_PREFIX_PATH=/opt/ros/humble /usr/bin/cmake --install /home/ale/Proyecto_CPR/rosbot_ws/build/rosbot_xl_control
[0.758s] Level 1:colcon.colcon_core.environment:checking '/home/ale/Proyecto_CPR/rosbot_ws/install/rosbot_xl_control' for CMake config files
[0.758s] Level 1:colcon.colcon_core.shell:create_environment_hook('rosbot_xl_control', 'cmake_prefix_path')
[0.758s] INFO:colcon.colcon_core.shell:Creating environment hook '/home/ale/Proyecto_CPR/rosbot_ws/install/rosbot_xl_control/share/rosbot_xl_control/hook/cmake_prefix_path.ps1'
[0.758s] INFO:colcon.colcon_core.shell:Creating environment descriptor '/home/ale/Proyecto_CPR/rosbot_ws/install/rosbot_xl_control/share/rosbot_xl_control/hook/cmake_prefix_path.dsv'
[0.758s] INFO:colcon.colcon_core.shell:Creating environment hook '/home/ale/Proyecto_CPR/rosbot_ws/install/rosbot_xl_control/share/rosbot_xl_control/hook/cmake_prefix_path.sh'
[0.759s] Level 1:colcon.colcon_core.environment:checking '/home/ale/Proyecto_CPR/rosbot_ws/install/rosbot_xl_control/bin'
[0.759s] Level 1:colcon.colcon_core.environment:checking '/home/ale/Proyecto_CPR/rosbot_ws/install/rosbot_xl_control/lib/pkgconfig/rosbot_xl_control.pc'
[0.759s] Level 1:colcon.colcon_core.environment:checking '/home/ale/Proyecto_CPR/rosbot_ws/install/rosbot_xl_control/lib/python3.10/site-packages'
[0.759s] Level 1:colcon.colcon_core.environment:checking '/home/ale/Proyecto_CPR/rosbot_ws/install/rosbot_xl_control/bin'
[0.759s] INFO:colcon.colcon_core.shell:Creating package script '/home/ale/Proyecto_CPR/rosbot_ws/install/rosbot_xl_control/share/rosbot_xl_control/package.ps1'
[0.760s] INFO:colcon.colcon_core.shell:Creating package descriptor '/home/ale/Proyecto_CPR/rosbot_ws/install/rosbot_xl_control/share/rosbot_xl_control/package.dsv'
[0.760s] INFO:colcon.colcon_core.shell:Creating package script '/home/ale/Proyecto_CPR/rosbot_ws/install/rosbot_xl_control/share/rosbot_xl_control/package.sh'
[0.760s] INFO:colcon.colcon_core.shell:Creating package script '/home/ale/Proyecto_CPR/rosbot_ws/install/rosbot_xl_control/share/rosbot_xl_control/package.bash'
[0.761s] INFO:colcon.colcon_core.shell:Creating package script '/home/ale/Proyecto_CPR/rosbot_ws/install/rosbot_xl_control/share/rosbot_xl_control/package.zsh'
[0.761s] Level 1:colcon.colcon_core.environment:create_file_with_runtime_dependencies(/home/ale/Proyecto_CPR/rosbot_ws/install/rosbot_xl_control/share/colcon-core/packages/rosbot_xl_control)
[0.761s] Level 1:colcon.colcon_core.environment:create_environment_scripts_only(rosbot_xl_control)
[0.761s] Level 1:colcon.colcon_core.environment:checking '/home/ale/Proyecto_CPR/rosbot_ws/install/rosbot_xl_control' for CMake module files
[0.762s] Level 1:colcon.colcon_core.environment:checking '/home/ale/Proyecto_CPR/rosbot_ws/install/rosbot_xl_control' for CMake config files
[0.762s] Level 1:colcon.colcon_core.shell:create_environment_hook('rosbot_xl_control', 'cmake_prefix_path')
[0.762s] INFO:colcon.colcon_core.shell:Creating environment hook '/home/ale/Proyecto_CPR/rosbot_ws/install/rosbot_xl_control/share/rosbot_xl_control/hook/cmake_prefix_path.ps1'
[0.762s] INFO:colcon.colcon_core.shell:Creating environment descriptor '/home/ale/Proyecto_CPR/rosbot_ws/install/rosbot_xl_control/share/rosbot_xl_control/hook/cmake_prefix_path.dsv'
[0.762s] INFO:colcon.colcon_core.shell:Creating environment hook '/home/ale/Proyecto_CPR/rosbot_ws/install/rosbot_xl_control/share/rosbot_xl_control/hook/cmake_prefix_path.sh'
[0.763s] Level 1:colcon.colcon_core.environment:checking '/home/ale/Proyecto_CPR/rosbot_ws/install/rosbot_xl_control/bin'
[0.763s] Level 1:colcon.colcon_core.environment:checking '/home/ale/Proyecto_CPR/rosbot_ws/install/rosbot_xl_control/lib/pkgconfig/rosbot_xl_control.pc'
[0.763s] Level 1:colcon.colcon_core.environment:checking '/home/ale/Proyecto_CPR/rosbot_ws/install/rosbot_xl_control/lib/python3.10/site-packages'
[0.763s] Level 1:colcon.colcon_core.environment:checking '/home/ale/Proyecto_CPR/rosbot_ws/install/rosbot_xl_control/bin'
[0.764s] INFO:colcon.colcon_core.shell:Creating package script '/home/ale/Proyecto_CPR/rosbot_ws/install/rosbot_xl_control/share/rosbot_xl_control/package.ps1'
[0.764s] INFO:colcon.colcon_core.shell:Creating package descriptor '/home/ale/Proyecto_CPR/rosbot_ws/install/rosbot_xl_control/share/rosbot_xl_control/package.dsv'
[0.764s] INFO:colcon.colcon_core.shell:Creating package script '/home/ale/Proyecto_CPR/rosbot_ws/install/rosbot_xl_control/share/rosbot_xl_control/package.sh'
[0.765s] INFO:colcon.colcon_core.shell:Creating package script '/home/ale/Proyecto_CPR/rosbot_ws/install/rosbot_xl_control/share/rosbot_xl_control/package.bash'
[0.765s] INFO:colcon.colcon_core.shell:Creating package script '/home/ale/Proyecto_CPR/rosbot_ws/install/rosbot_xl_control/share/rosbot_xl_control/package.zsh'
[0.765s] Level 1:colcon.colcon_core.environment:create_file_with_runtime_dependencies(/home/ale/Proyecto_CPR/rosbot_ws/install/rosbot_xl_control/share/colcon-core/packages/rosbot_xl_control)
[0.768s] DEBUG:colcon.colcon_core.event_handler.log_command:Invoking command in '/home/ale/Proyecto_CPR/rosbot_ws/build/open_manipulator_x_description': AMENT_PREFIX_PATH=/home/ale/Proyecto_CPR/rosbot_ws/install/dynamixel_hardware_interface:${AMENT_PREFIX_PATH} CMAKE_PREFIX_PATH=/home/ale/Proyecto_CPR/rosbot_ws/install/dynamixel_hardware_interface:/opt/ros/humble LD_LIBRARY_PATH=/home/ale/Proyecto_CPR/rosbot_ws/install/dynamixel_hardware_interface/lib:/usr/lib/x86_64-linux-gnu/gazebo-11/plugins:/opt/ros/humble/opt/rviz_ogre_vendor/lib:/opt/ros/humble/lib/x86_64-linux-gnu:/opt/ros/humble/opt/libphidget22/lib:/opt/ros/humble/lib:/usr/lib/x86_64-linux-gnu/gazebo-11/plugins /usr/bin/cmake --build /home/ale/Proyecto_CPR/rosbot_ws/build/open_manipulator_x_description -- -j16 -l16
[0.802s] DEBUG:colcon.colcon_core.event_handler.log_command:Invoked command in '/home/ale/Proyecto_CPR/rosbot_ws/build/open_manipulator_x_description' returned '0': AMENT_PREFIX_PATH=/home/ale/Proyecto_CPR/rosbot_ws/install/dynamixel_hardware_interface:${AMENT_PREFIX_PATH} CMAKE_PREFIX_PATH=/home/ale/Proyecto_CPR/rosbot_ws/install/dynamixel_hardware_interface:/opt/ros/humble LD_LIBRARY_PATH=/home/ale/Proyecto_CPR/rosbot_ws/install/dynamixel_hardware_interface/lib:/usr/lib/x86_64-linux-gnu/gazebo-11/plugins:/opt/ros/humble/opt/rviz_ogre_vendor/lib:/opt/ros/humble/lib/x86_64-linux-gnu:/opt/ros/humble/opt/libphidget22/lib:/opt/ros/humble/lib:/usr/lib/x86_64-linux-gnu/gazebo-11/plugins /usr/bin/cmake --build /home/ale/Proyecto_CPR/rosbot_ws/build/open_manipulator_x_description -- -j16 -l16
[0.803s] DEBUG:colcon.colcon_core.event_handler.log_command:Invoking command in '/home/ale/Proyecto_CPR/rosbot_ws/build/open_manipulator_x_description': AMENT_PREFIX_PATH=/home/ale/Proyecto_CPR/rosbot_ws/install/dynamixel_hardware_interface:${AMENT_PREFIX_PATH} CMAKE_PREFIX_PATH=/home/ale/Proyecto_CPR/rosbot_ws/install/dynamixel_hardware_interface:/opt/ros/humble LD_LIBRARY_PATH=/home/ale/Proyecto_CPR/rosbot_ws/install/dynamixel_hardware_interface/lib:/usr/lib/x86_64-linux-gnu/gazebo-11/plugins:/opt/ros/humble/opt/rviz_ogre_vendor/lib:/opt/ros/humble/lib/x86_64-linux-gnu:/opt/ros/humble/opt/libphidget22/lib:/opt/ros/humble/lib:/usr/lib/x86_64-linux-gnu/gazebo-11/plugins /usr/bin/cmake --install /home/ale/Proyecto_CPR/rosbot_ws/build/open_manipulator_x_description
[0.822s] Level 1:colcon.colcon_core.environment:create_environment_scripts_only(open_manipulator_x_description)
[0.822s] Level 1:colcon.colcon_core.environment:checking '/home/ale/Proyecto_CPR/rosbot_ws/install/open_manipulator_x_description' for CMake module files
[0.823s] DEBUG:colcon.colcon_core.event_handler.log_command:Invoked command in '/home/ale/Proyecto_CPR/rosbot_ws/build/open_manipulator_x_description' returned '0': AMENT_PREFIX_PATH=/home/ale/Proyecto_CPR/rosbot_ws/install/dynamixel_hardware_interface:${AMENT_PREFIX_PATH} CMAKE_PREFIX_PATH=/home/ale/Proyecto_CPR/rosbot_ws/install/dynamixel_hardware_interface:/opt/ros/humble LD_LIBRARY_PATH=/home/ale/Proyecto_CPR/rosbot_ws/install/dynamixel_hardware_interface/lib:/usr/lib/x86_64-linux-gnu/gazebo-11/plugins:/opt/ros/humble/opt/rviz_ogre_vendor/lib:/opt/ros/humble/lib/x86_64-linux-gnu:/opt/ros/humble/opt/libphidget22/lib:/opt/ros/humble/lib:/usr/lib/x86_64-linux-gnu/gazebo-11/plugins /usr/bin/cmake --install /home/ale/Proyecto_CPR/rosbot_ws/build/open_manipulator_x_description
[0.823s] Level 1:colcon.colcon_core.environment:checking '/home/ale/Proyecto_CPR/rosbot_ws/install/open_manipulator_x_description' for CMake config files
[0.823s] Level 1:colcon.colcon_core.shell:create_environment_hook('open_manipulator_x_description', 'cmake_prefix_path')
[0.823s] INFO:colcon.colcon_core.shell:Creating environment hook '/home/ale/Proyecto_CPR/rosbot_ws/install/open_manipulator_x_description/share/open_manipulator_x_description/hook/cmake_prefix_path.ps1'
[0.823s] INFO:colcon.colcon_core.shell:Creating environment descriptor '/home/ale/Proyecto_CPR/rosbot_ws/install/open_manipulator_x_description/share/open_manipulator_x_description/hook/cmake_prefix_path.dsv'
[0.824s] INFO:colcon.colcon_core.shell:Creating environment hook '/home/ale/Proyecto_CPR/rosbot_ws/install/open_manipulator_x_description/share/open_manipulator_x_description/hook/cmake_prefix_path.sh'
[0.824s] Level 1:colcon.colcon_core.environment:checking '/home/ale/Proyecto_CPR/rosbot_ws/install/open_manipulator_x_description/bin'
[0.824s] Level 1:colcon.colcon_core.environment:checking '/home/ale/Proyecto_CPR/rosbot_ws/install/open_manipulator_x_description/lib/pkgconfig/open_manipulator_x_description.pc'
[0.824s] Level 1:colcon.colcon_core.environment:checking '/home/ale/Proyecto_CPR/rosbot_ws/install/open_manipulator_x_description/lib/python3.10/site-packages'
[0.825s] Level 1:colcon.colcon_core.environment:checking '/home/ale/Proyecto_CPR/rosbot_ws/install/open_manipulator_x_description/bin'
[0.825s] INFO:colcon.colcon_core.shell:Creating package script '/home/ale/Proyecto_CPR/rosbot_ws/install/open_manipulator_x_description/share/open_manipulator_x_description/package.ps1'
[0.825s] INFO:colcon.colcon_core.shell:Creating package descriptor '/home/ale/Proyecto_CPR/rosbot_ws/install/open_manipulator_x_description/share/open_manipulator_x_description/package.dsv'
[0.826s] INFO:colcon.colcon_core.shell:Creating package script '/home/ale/Proyecto_CPR/rosbot_ws/install/open_manipulator_x_description/share/open_manipulator_x_description/package.sh'
[0.826s] INFO:colcon.colcon_core.shell:Creating package script '/home/ale/Proyecto_CPR/rosbot_ws/install/open_manipulator_x_description/share/open_manipulator_x_description/package.bash'
[0.826s] INFO:colcon.colcon_core.shell:Creating package script '/home/ale/Proyecto_CPR/rosbot_ws/install/open_manipulator_x_description/share/open_manipulator_x_description/package.zsh'
[0.826s] Level 1:colcon.colcon_core.environment:create_file_with_runtime_dependencies(/home/ale/Proyecto_CPR/rosbot_ws/install/open_manipulator_x_description/share/colcon-core/packages/open_manipulator_x_description)
[0.827s] Level 1:colcon.colcon_core.environment:create_environment_scripts_only(open_manipulator_x_description)
[0.827s] Level 1:colcon.colcon_core.environment:checking '/home/ale/Proyecto_CPR/rosbot_ws/install/open_manipulator_x_description' for CMake module files
[0.827s] Level 1:colcon.colcon_core.environment:checking '/home/ale/Proyecto_CPR/rosbot_ws/install/open_manipulator_x_description' for CMake config files
[0.827s] Level 1:colcon.colcon_core.shell:create_environment_hook('open_manipulator_x_description', 'cmake_prefix_path')
[0.827s] INFO:colcon.colcon_core.shell:Creating environment hook '/home/ale/Proyecto_CPR/rosbot_ws/install/open_manipulator_x_description/share/open_manipulator_x_description/hook/cmake_prefix_path.ps1'
[0.828s] INFO:colcon.colcon_core.shell:Creating environment descriptor '/home/ale/Proyecto_CPR/rosbot_ws/install/open_manipulator_x_description/share/open_manipulator_x_description/hook/cmake_prefix_path.dsv'
[0.828s] INFO:colcon.colcon_core.shell:Creating environment hook '/home/ale/Proyecto_CPR/rosbot_ws/install/open_manipulator_x_description/share/open_manipulator_x_description/hook/cmake_prefix_path.sh'
[0.828s] Level 1:colcon.colcon_core.environment:checking '/home/ale/Proyecto_CPR/rosbot_ws/install/open_manipulator_x_description/bin'
[0.828s] Level 1:colcon.colcon_core.environment:checking '/home/ale/Proyecto_CPR/rosbot_ws/install/open_manipulator_x_description/lib/pkgconfig/open_manipulator_x_description.pc'
[0.828s] Level 1:colcon.colcon_core.environment:checking '/home/ale/Proyecto_CPR/rosbot_ws/install/open_manipulator_x_description/lib/python3.10/site-packages'
[0.829s] Level 1:colcon.colcon_core.environment:checking '/home/ale/Proyecto_CPR/rosbot_ws/install/open_manipulator_x_description/bin'
[0.829s] INFO:colcon.colcon_core.shell:Creating package script '/home/ale/Proyecto_CPR/rosbot_ws/install/open_manipulator_x_description/share/open_manipulator_x_description/package.ps1'
[0.829s] INFO:colcon.colcon_core.shell:Creating package descriptor '/home/ale/Proyecto_CPR/rosbot_ws/install/open_manipulator_x_description/share/open_manipulator_x_description/package.dsv'
[0.829s] INFO:colcon.colcon_core.shell:Creating package script '/home/ale/Proyecto_CPR/rosbot_ws/install/open_manipulator_x_description/share/open_manipulator_x_description/package.sh'
[0.830s] INFO:colcon.colcon_core.shell:Creating package script '/home/ale/Proyecto_CPR/rosbot_ws/install/open_manipulator_x_description/share/open_manipulator_x_description/package.bash'
[0.830s] INFO:colcon.colcon_core.shell:Creating package script '/home/ale/Proyecto_CPR/rosbot_ws/install/open_manipulator_x_description/share/open_manipulator_x_description/package.zsh'
[0.830s] Level 1:colcon.colcon_core.environment:create_file_with_runtime_dependencies(/home/ale/Proyecto_CPR/rosbot_ws/install/open_manipulator_x_description/share/colcon-core/packages/open_manipulator_x_description)
[0.830s] INFO:colcon.colcon_ros.task.ament_cmake.build:Building ROS package in '/home/ale/Proyecto_CPR/rosbot_ws/src/rosbot_ros/rosbot_description' with build type 'ament_cmake'
[0.831s] INFO:colcon.colcon_cmake.task.cmake.build:Building CMake package in '/home/ale/Proyecto_CPR/rosbot_ws/src/rosbot_ros/rosbot_description'
[0.831s] INFO:colcon.colcon_core.shell:Skip shell extension 'powershell' for command environment: Not usable outside of PowerShell
[0.831s] DEBUG:colcon.colcon_core.shell:Skip shell extension 'dsv' for command environment
[0.841s] DEBUG:colcon.colcon_core.event_handler.log_command:Invoking command in '/home/ale/Proyecto_CPR/rosbot_ws/build/rosbot_description': AMENT_PREFIX_PATH=/home/ale/Proyecto_CPR/rosbot_ws/install/open_manipulator_x_description:/home/ale/Proyecto_CPR/rosbot_ws/install/husarion_components_description:/home/ale/Proyecto_CPR/rosbot_ws/install/dynamixel_hardware_interface:${AMENT_PREFIX_PATH} CMAKE_PREFIX_PATH=/home/ale/Proyecto_CPR/rosbot_ws/install/open_manipulator_x_description:/home/ale/Proyecto_CPR/rosbot_ws/install/husarion_components_description:/home/ale/Proyecto_CPR/rosbot_ws/install/dynamixel_hardware_interface:/opt/ros/humble GAZEBO_MODEL_PATH=/home/ale/Proyecto_CPR/rosbot_ws/install/open_manipulator_x_description/share:/home/ale/Proyecto_CPR/rosbot_ws/install/husarion_components_description/share:${GAZEBO_MODEL_PATH} GZ_SIM_RESOURCE_PATH=/home/ale/Proyecto_CPR/rosbot_ws/install/open_manipulator_x_description/share:/opt/ros/humble/share:/home/ale/Proyecto_CPR/rosbot_ws/install/husarion_components_description/share IGN_GAZEBO_RESOURCE_PATH=/home/ale/Proyecto_CPR/rosbot_ws/install/open_manipulator_x_description/share:/home/ale/Proyecto_CPR/rosbot_ws/install/husarion_components_description/share:${IGN_GAZEBO_RESOURCE_PATH} LD_LIBRARY_PATH=/home/ale/Proyecto_CPR/rosbot_ws/install/dynamixel_hardware_interface/lib:/usr/lib/x86_64-linux-gnu/gazebo-11/plugins:/opt/ros/humble/opt/rviz_ogre_vendor/lib:/opt/ros/humble/lib/x86_64-linux-gnu:/opt/ros/humble/opt/libphidget22/lib:/opt/ros/humble/lib:/usr/lib/x86_64-linux-gnu/gazebo-11/plugins /usr/bin/cmake --build /home/ale/Proyecto_CPR/rosbot_ws/build/rosbot_description -- -j16 -l16
[0.873s] DEBUG:colcon.colcon_core.event_handler.log_command:Invoked command in '/home/ale/Proyecto_CPR/rosbot_ws/build/controldesc_pkg' returned '0': CMAKE_PREFIX_PATH=/opt/ros/humble /usr/bin/cmake --build /home/ale/Proyecto_CPR/rosbot_ws/build/controldesc_pkg -- -j16 -l16
[0.874s] DEBUG:colcon.colcon_core.event_handler.log_command:Invoking command in '/home/ale/Proyecto_CPR/rosbot_ws/build/controldesc_pkg': CMAKE_PREFIX_PATH=/opt/ros/humble /usr/bin/cmake --install /home/ale/Proyecto_CPR/rosbot_ws/build/controldesc_pkg
[0.876s] DEBUG:colcon.colcon_core.event_handler.log_command:Invoked command in '/home/ale/Proyecto_CPR/rosbot_ws/build/rosbot_description' returned '0': AMENT_PREFIX_PATH=/home/ale/Proyecto_CPR/rosbot_ws/install/open_manipulator_x_description:/home/ale/Proyecto_CPR/rosbot_ws/install/husarion_components_description:/home/ale/Proyecto_CPR/rosbot_ws/install/dynamixel_hardware_interface:${AMENT_PREFIX_PATH} CMAKE_PREFIX_PATH=/home/ale/Proyecto_CPR/rosbot_ws/install/open_manipulator_x_description:/home/ale/Proyecto_CPR/rosbot_ws/install/husarion_components_description:/home/ale/Proyecto_CPR/rosbot_ws/install/dynamixel_hardware_interface:/opt/ros/humble GAZEBO_MODEL_PATH=/home/ale/Proyecto_CPR/rosbot_ws/install/open_manipulator_x_description/share:/home/ale/Proyecto_CPR/rosbot_ws/install/husarion_components_description/share:${GAZEBO_MODEL_PATH} GZ_SIM_RESOURCE_PATH=/home/ale/Proyecto_CPR/rosbot_ws/install/open_manipulator_x_description/share:/opt/ros/humble/share:/home/ale/Proyecto_CPR/rosbot_ws/install/husarion_components_description/share IGN_GAZEBO_RESOURCE_PATH=/home/ale/Proyecto_CPR/rosbot_ws/install/open_manipulator_x_description/share:/home/ale/Proyecto_CPR/rosbot_ws/install/husarion_components_description/share:${IGN_GAZEBO_RESOURCE_PATH} LD_LIBRARY_PATH=/home/ale/Proyecto_CPR/rosbot_ws/install/dynamixel_hardware_interface/lib:/usr/lib/x86_64-linux-gnu/gazebo-11/plugins:/opt/ros/humble/opt/rviz_ogre_vendor/lib:/opt/ros/humble/lib/x86_64-linux-gnu:/opt/ros/humble/opt/libphidget22/lib:/opt/ros/humble/lib:/usr/lib/x86_64-linux-gnu/gazebo-11/plugins /usr/bin/cmake --build /home/ale/Proyecto_CPR/rosbot_ws/build/rosbot_description -- -j16 -l16
[0.877s] DEBUG:colcon.colcon_core.event_handler.log_command:Invoking command in '/home/ale/Proyecto_CPR/rosbot_ws/build/rosbot_description': AMENT_PREFIX_PATH=/home/ale/Proyecto_CPR/rosbot_ws/install/open_manipulator_x_description:/home/ale/Proyecto_CPR/rosbot_ws/install/husarion_components_description:/home/ale/Proyecto_CPR/rosbot_ws/install/dynamixel_hardware_interface:${AMENT_PREFIX_PATH} CMAKE_PREFIX_PATH=/home/ale/Proyecto_CPR/rosbot_ws/install/open_manipulator_x_description:/home/ale/Proyecto_CPR/rosbot_ws/install/husarion_components_description:/home/ale/Proyecto_CPR/rosbot_ws/install/dynamixel_hardware_interface:/opt/ros/humble GAZEBO_MODEL_PATH=/home/ale/Proyecto_CPR/rosbot_ws/install/open_manipulator_x_description/share:/home/ale/Proyecto_CPR/rosbot_ws/install/husarion_components_description/share:${GAZEBO_MODEL_PATH} GZ_SIM_RESOURCE_PATH=/home/ale/Proyecto_CPR/rosbot_ws/install/open_manipulator_x_description/share:/opt/ros/humble/share:/home/ale/Proyecto_CPR/rosbot_ws/install/husarion_components_description/share IGN_GAZEBO_RESOURCE_PATH=/home/ale/Proyecto_CPR/rosbot_ws/install/open_manipulator_x_description/share:/home/ale/Proyecto_CPR/rosbot_ws/install/husarion_components_description/share:${IGN_GAZEBO_RESOURCE_PATH} LD_LIBRARY_PATH=/home/ale/Proyecto_CPR/rosbot_ws/install/dynamixel_hardware_interface/lib:/usr/lib/x86_64-linux-gnu/gazebo-11/plugins:/opt/ros/humble/opt/rviz_ogre_vendor/lib:/opt/ros/humble/lib/x86_64-linux-gnu:/opt/ros/humble/opt/libphidget22/lib:/opt/ros/humble/lib:/usr/lib/x86_64-linux-gnu/gazebo-11/plugins /usr/bin/cmake --install /home/ale/Proyecto_CPR/rosbot_ws/build/rosbot_description
[0.885s] Level 1:colcon.colcon_core.environment:create_environment_scripts_only(controldesc_pkg)
[0.885s] Level 1:colcon.colcon_core.environment:checking '/home/ale/Proyecto_CPR/rosbot_ws/install/controldesc_pkg' for CMake module files
[0.885s] DEBUG:colcon.colcon_core.event_handler.log_command:Invoked command in '/home/ale/Proyecto_CPR/rosbot_ws/build/controldesc_pkg' returned '0': CMAKE_PREFIX_PATH=/opt/ros/humble /usr/bin/cmake --install /home/ale/Proyecto_CPR/rosbot_ws/build/controldesc_pkg
[0.888s] Level 1:colcon.colcon_core.environment:checking '/home/ale/Proyecto_CPR/rosbot_ws/install/controldesc_pkg' for CMake config files
[0.888s] Level 1:colcon.colcon_core.shell:create_environment_hook('controldesc_pkg', 'cmake_prefix_path')
[0.889s] INFO:colcon.colcon_core.shell:Creating environment hook '/home/ale/Proyecto_CPR/rosbot_ws/install/controldesc_pkg/share/controldesc_pkg/hook/cmake_prefix_path.ps1'
[0.889s] INFO:colcon.colcon_core.shell:Creating environment descriptor '/home/ale/Proyecto_CPR/rosbot_ws/install/controldesc_pkg/share/controldesc_pkg/hook/cmake_prefix_path.dsv'
[0.890s] INFO:colcon.colcon_core.shell:Creating environment hook '/home/ale/Proyecto_CPR/rosbot_ws/install/controldesc_pkg/share/controldesc_pkg/hook/cmake_prefix_path.sh'
[0.890s] Level 1:colcon.colcon_core.environment:checking '/home/ale/Proyecto_CPR/rosbot_ws/install/controldesc_pkg/lib'
[0.890s] Level 1:colcon.colcon_core.environment:checking '/home/ale/Proyecto_CPR/rosbot_ws/install/controldesc_pkg/bin'
[0.891s] Level 1:colcon.colcon_core.environment:checking '/home/ale/Proyecto_CPR/rosbot_ws/install/controldesc_pkg/lib/pkgconfig/controldesc_pkg.pc'
[0.891s] Level 1:colcon.colcon_core.environment:checking '/home/ale/Proyecto_CPR/rosbot_ws/install/controldesc_pkg/lib/python3.10/site-packages'
[0.891s] Level 1:colcon.colcon_core.environment:checking '/home/ale/Proyecto_CPR/rosbot_ws/install/controldesc_pkg/bin'
[0.892s] INFO:colcon.colcon_core.shell:Creating package script '/home/ale/Proyecto_CPR/rosbot_ws/install/controldesc_pkg/share/controldesc_pkg/package.ps1'
[0.892s] INFO:colcon.colcon_core.shell:Creating package descriptor '/home/ale/Proyecto_CPR/rosbot_ws/install/controldesc_pkg/share/controldesc_pkg/package.dsv'
[0.893s] INFO:colcon.colcon_core.shell:Creating package script '/home/ale/Proyecto_CPR/rosbot_ws/install/controldesc_pkg/share/controldesc_pkg/package.sh'
[0.893s] INFO:colcon.colcon_core.shell:Creating package script '/home/ale/Proyecto_CPR/rosbot_ws/install/controldesc_pkg/share/controldesc_pkg/package.bash'
[0.894s] INFO:colcon.colcon_core.shell:Creating package script '/home/ale/Proyecto_CPR/rosbot_ws/install/controldesc_pkg/share/controldesc_pkg/package.zsh'
[0.894s] Level 1:colcon.colcon_core.environment:create_file_with_runtime_dependencies(/home/ale/Proyecto_CPR/rosbot_ws/install/controldesc_pkg/share/colcon-core/packages/controldesc_pkg)
[0.895s] Level 1:colcon.colcon_core.environment:create_environment_scripts_only(controldesc_pkg)
[0.895s] Level 1:colcon.colcon_core.environment:checking '/home/ale/Proyecto_CPR/rosbot_ws/install/controldesc_pkg' for CMake module files
[0.896s] Level 1:colcon.colcon_core.environment:checking '/home/ale/Proyecto_CPR/rosbot_ws/install/controldesc_pkg' for CMake config files
[0.896s] Level 1:colcon.colcon_core.shell:create_environment_hook('controldesc_pkg', 'cmake_prefix_path')
[0.896s] INFO:colcon.colcon_core.shell:Creating environment hook '/home/ale/Proyecto_CPR/rosbot_ws/install/controldesc_pkg/share/controldesc_pkg/hook/cmake_prefix_path.ps1'
[0.896s] INFO:colcon.colcon_core.shell:Creating environment descriptor '/home/ale/Proyecto_CPR/rosbot_ws/install/controldesc_pkg/share/controldesc_pkg/hook/cmake_prefix_path.dsv'
[0.896s] INFO:colcon.colcon_core.shell:Creating environment hook '/home/ale/Proyecto_CPR/rosbot_ws/install/controldesc_pkg/share/controldesc_pkg/hook/cmake_prefix_path.sh'
[0.897s] Level 1:colcon.colcon_core.environment:checking '/home/ale/Proyecto_CPR/rosbot_ws/install/controldesc_pkg/lib'
[0.897s] Level 1:colcon.colcon_core.environment:checking '/home/ale/Proyecto_CPR/rosbot_ws/install/controldesc_pkg/bin'
[0.897s] Level 1:colcon.colcon_core.environment:checking '/home/ale/Proyecto_CPR/rosbot_ws/install/controldesc_pkg/lib/pkgconfig/controldesc_pkg.pc'
[0.897s] Level 1:colcon.colcon_core.environment:checking '/home/ale/Proyecto_CPR/rosbot_ws/install/controldesc_pkg/lib/python3.10/site-packages'
[0.897s] Level 1:colcon.colcon_core.environment:checking '/home/ale/Proyecto_CPR/rosbot_ws/install/controldesc_pkg/bin'
[0.898s] INFO:colcon.colcon_core.shell:Creating package script '/home/ale/Proyecto_CPR/rosbot_ws/install/controldesc_pkg/share/controldesc_pkg/package.ps1'
[0.898s] INFO:colcon.colcon_core.shell:Creating package descriptor '/home/ale/Proyecto_CPR/rosbot_ws/install/controldesc_pkg/share/controldesc_pkg/package.dsv'
[0.899s] INFO:colcon.colcon_core.shell:Creating package script '/home/ale/Proyecto_CPR/rosbot_ws/install/controldesc_pkg/share/controldesc_pkg/package.sh'
[0.899s] INFO:colcon.colcon_core.shell:Creating package script '/home/ale/Proyecto_CPR/rosbot_ws/install/controldesc_pkg/share/controldesc_pkg/package.bash'
[0.899s] INFO:colcon.colcon_core.shell:Creating package script '/home/ale/Proyecto_CPR/rosbot_ws/install/controldesc_pkg/share/controldesc_pkg/package.zsh'
[0.899s] Level 1:colcon.colcon_core.environment:create_file_with_runtime_dependencies(/home/ale/Proyecto_CPR/rosbot_ws/install/controldesc_pkg/share/colcon-core/packages/controldesc_pkg)
[0.900s] Level 1:colcon.colcon_core.environment:create_environment_scripts_only(rosbot_description)
[0.900s] Level 1:colcon.colcon_core.environment:checking '/home/ale/Proyecto_CPR/rosbot_ws/install/rosbot_description' for CMake module files
[0.901s] DEBUG:colcon.colcon_core.event_handler.log_command:Invoked command in '/home/ale/Proyecto_CPR/rosbot_ws/build/rosbot_description' returned '0': AMENT_PREFIX_PATH=/home/ale/Proyecto_CPR/rosbot_ws/install/open_manipulator_x_description:/home/ale/Proyecto_CPR/rosbot_ws/install/husarion_components_description:/home/ale/Proyecto_CPR/rosbot_ws/install/dynamixel_hardware_interface:${AMENT_PREFIX_PATH} CMAKE_PREFIX_PATH=/home/ale/Proyecto_CPR/rosbot_ws/install/open_manipulator_x_description:/home/ale/Proyecto_CPR/rosbot_ws/install/husarion_components_description:/home/ale/Proyecto_CPR/rosbot_ws/install/dynamixel_hardware_interface:/opt/ros/humble GAZEBO_MODEL_PATH=/home/ale/Proyecto_CPR/rosbot_ws/install/open_manipulator_x_description/share:/home/ale/Proyecto_CPR/rosbot_ws/install/husarion_components_description/share:${GAZEBO_MODEL_PATH} GZ_SIM_RESOURCE_PATH=/home/ale/Proyecto_CPR/rosbot_ws/install/open_manipulator_x_description/share:/opt/ros/humble/share:/home/ale/Proyecto_CPR/rosbot_ws/install/husarion_components_description/share IGN_GAZEBO_RESOURCE_PATH=/home/ale/Proyecto_CPR/rosbot_ws/install/open_manipulator_x_description/share:/home/ale/Proyecto_CPR/rosbot_ws/install/husarion_components_description/share:${IGN_GAZEBO_RESOURCE_PATH} LD_LIBRARY_PATH=/home/ale/Proyecto_CPR/rosbot_ws/install/dynamixel_hardware_interface/lib:/usr/lib/x86_64-linux-gnu/gazebo-11/plugins:/opt/ros/humble/opt/rviz_ogre_vendor/lib:/opt/ros/humble/lib/x86_64-linux-gnu:/opt/ros/humble/opt/libphidget22/lib:/opt/ros/humble/lib:/usr/lib/x86_64-linux-gnu/gazebo-11/plugins /usr/bin/cmake --install /home/ale/Proyecto_CPR/rosbot_ws/build/rosbot_description
[0.901s] Level 1:colcon.colcon_core.environment:checking '/home/ale/Proyecto_CPR/rosbot_ws/install/rosbot_description' for CMake config files
[0.901s] Level 1:colcon.colcon_core.shell:create_environment_hook('rosbot_description', 'cmake_prefix_path')
[0.901s] INFO:colcon.colcon_core.shell:Creating environment hook '/home/ale/Proyecto_CPR/rosbot_ws/install/rosbot_description/share/rosbot_description/hook/cmake_prefix_path.ps1'
[0.902s] INFO:colcon.colcon_core.shell:Creating environment descriptor '/home/ale/Proyecto_CPR/rosbot_ws/install/rosbot_description/share/rosbot_description/hook/cmake_prefix_path.dsv'
[0.902s] INFO:colcon.colcon_core.shell:Creating environment hook '/home/ale/Proyecto_CPR/rosbot_ws/install/rosbot_description/share/rosbot_description/hook/cmake_prefix_path.sh'
[0.902s] Level 1:colcon.colcon_core.environment:checking '/home/ale/Proyecto_CPR/rosbot_ws/install/rosbot_description/bin'
[0.902s] Level 1:colcon.colcon_core.environment:checking '/home/ale/Proyecto_CPR/rosbot_ws/install/rosbot_description/lib/pkgconfig/rosbot_description.pc'
[0.902s] Level 1:colcon.colcon_core.environment:checking '/home/ale/Proyecto_CPR/rosbot_ws/install/rosbot_description/lib/python3.10/site-packages'
[0.903s] Level 1:colcon.colcon_core.environment:checking '/home/ale/Proyecto_CPR/rosbot_ws/install/rosbot_description/bin'
[0.903s] INFO:colcon.colcon_core.shell:Creating package script '/home/ale/Proyecto_CPR/rosbot_ws/install/rosbot_description/share/rosbot_description/package.ps1'
[0.903s] INFO:colcon.colcon_core.shell:Creating package descriptor '/home/ale/Proyecto_CPR/rosbot_ws/install/rosbot_description/share/rosbot_description/package.dsv'
[0.903s] INFO:colcon.colcon_core.shell:Creating package script '/home/ale/Proyecto_CPR/rosbot_ws/install/rosbot_description/share/rosbot_description/package.sh'
[0.904s] INFO:colcon.colcon_core.shell:Creating package script '/home/ale/Proyecto_CPR/rosbot_ws/install/rosbot_description/share/rosbot_description/package.bash'
[0.904s] INFO:colcon.colcon_core.shell:Creating package script '/home/ale/Proyecto_CPR/rosbot_ws/install/rosbot_description/share/rosbot_description/package.zsh'
[0.904s] Level 1:colcon.colcon_core.environment:create_file_with_runtime_dependencies(/home/ale/Proyecto_CPR/rosbot_ws/install/rosbot_description/share/colcon-core/packages/rosbot_description)
[0.904s] Level 1:colcon.colcon_core.environment:create_environment_scripts_only(rosbot_description)
[0.904s] Level 1:colcon.colcon_core.environment:checking '/home/ale/Proyecto_CPR/rosbot_ws/install/rosbot_description' for CMake module files
[0.905s] Level 1:colcon.colcon_core.environment:checking '/home/ale/Proyecto_CPR/rosbot_ws/install/rosbot_description' for CMake config files
[0.905s] Level 1:colcon.colcon_core.shell:create_environment_hook('rosbot_description', 'cmake_prefix_path')
[0.905s] INFO:colcon.colcon_core.shell:Creating environment hook '/home/ale/Proyecto_CPR/rosbot_ws/install/rosbot_description/share/rosbot_description/hook/cmake_prefix_path.ps1'
[0.905s] INFO:colcon.colcon_core.shell:Creating environment descriptor '/home/ale/Proyecto_CPR/rosbot_ws/install/rosbot_description/share/rosbot_description/hook/cmake_prefix_path.dsv'
[0.906s] INFO:colcon.colcon_core.shell:Creating environment hook '/home/ale/Proyecto_CPR/rosbot_ws/install/rosbot_description/share/rosbot_description/hook/cmake_prefix_path.sh'
[0.906s] Level 1:colcon.colcon_core.environment:checking '/home/ale/Proyecto_CPR/rosbot_ws/install/rosbot_description/bin'
[0.906s] Level 1:colcon.colcon_core.environment:checking '/home/ale/Proyecto_CPR/rosbot_ws/install/rosbot_description/lib/pkgconfig/rosbot_description.pc'
[0.906s] Level 1:colcon.colcon_core.environment:checking '/home/ale/Proyecto_CPR/rosbot_ws/install/rosbot_description/lib/python3.10/site-packages'
[0.906s] Level 1:colcon.colcon_core.environment:checking '/home/ale/Proyecto_CPR/rosbot_ws/install/rosbot_description/bin'
[0.907s] INFO:colcon.colcon_core.shell:Creating package script '/home/ale/Proyecto_CPR/rosbot_ws/install/rosbot_description/share/rosbot_description/package.ps1'
[0.907s] INFO:colcon.colcon_core.shell:Creating package descriptor '/home/ale/Proyecto_CPR/rosbot_ws/install/rosbot_description/share/rosbot_description/package.dsv'
[0.907s] INFO:colcon.colcon_core.shell:Creating package script '/home/ale/Proyecto_CPR/rosbot_ws/install/rosbot_description/share/rosbot_description/package.sh'
[0.908s] INFO:colcon.colcon_core.shell:Creating package script '/home/ale/Proyecto_CPR/rosbot_ws/install/rosbot_description/share/rosbot_description/package.bash'
[0.908s] INFO:colcon.colcon_core.shell:Creating package script '/home/ale/Proyecto_CPR/rosbot_ws/install/rosbot_description/share/rosbot_description/package.zsh'
[0.908s] Level 1:colcon.colcon_core.environment:create_file_with_runtime_dependencies(/home/ale/Proyecto_CPR/rosbot_ws/install/rosbot_description/share/colcon-core/packages/rosbot_description)
[0.908s] INFO:colcon.colcon_ros.task.ament_cmake.build:Building ROS package in '/home/ale/Proyecto_CPR/rosbot_ws/src/open_manipulator_x/open_manipulator_x_moveit' with build type 'ament_cmake'
[0.908s] INFO:colcon.colcon_cmake.task.cmake.build:Building CMake package in '/home/ale/Proyecto_CPR/rosbot_ws/src/open_manipulator_x/open_manipulator_x_moveit'
[0.909s] INFO:colcon.colcon_core.shell:Skip shell extension 'powershell' for command environment: Not usable outside of PowerShell
[0.909s] DEBUG:colcon.colcon_core.shell:Skip shell extension 'dsv' for command environment
[0.919s] DEBUG:colcon.colcon_core.event_handler.log_command:Invoking command in '/home/ale/Proyecto_CPR/rosbot_ws/build/open_manipulator_x_moveit': AMENT_PREFIX_PATH=/home/ale/Proyecto_CPR/rosbot_ws/install/rosbot_description:/home/ale/Proyecto_CPR/rosbot_ws/install/open_manipulator_x_description:/home/ale/Proyecto_CPR/rosbot_ws/install/open_manipulator_x_joy:/home/ale/Proyecto_CPR/rosbot_ws/install/husarion_components_description:/home/ale/Proyecto_CPR/rosbot_ws/install/dynamixel_hardware_interface:${AMENT_PREFIX_PATH} CMAKE_PREFIX_PATH=/home/ale/Proyecto_CPR/rosbot_ws/install/rosbot_description:/home/ale/Proyecto_CPR/rosbot_ws/install/open_manipulator_x_description:/home/ale/Proyecto_CPR/rosbot_ws/install/open_manipulator_x_joy:/home/ale/Proyecto_CPR/rosbot_ws/install/husarion_components_description:/home/ale/Proyecto_CPR/rosbot_ws/install/dynamixel_hardware_interface:/opt/ros/humble GAZEBO_MODEL_PATH=/home/ale/Proyecto_CPR/rosbot_ws/install/rosbot_description/share:/home/ale/Proyecto_CPR/rosbot_ws/install/open_manipulator_x_description/share:/home/ale/Proyecto_CPR/rosbot_ws/install/husarion_components_description/share:${GAZEBO_MODEL_PATH} GZ_SIM_RESOURCE_PATH=/home/ale/Proyecto_CPR/rosbot_ws/install/rosbot_description/share:/home/ale/Proyecto_CPR/rosbot_ws/install/open_manipulator_x_description/share:/opt/ros/humble/share:/home/ale/Proyecto_CPR/rosbot_ws/install/husarion_components_description/share IGN_GAZEBO_RESOURCE_PATH=/home/ale/Proyecto_CPR/rosbot_ws/install/rosbot_description/share:/home/ale/Proyecto_CPR/rosbot_ws/install/open_manipulator_x_description/share:/home/ale/Proyecto_CPR/rosbot_ws/install/husarion_components_description/share:${IGN_GAZEBO_RESOURCE_PATH} LD_LIBRARY_PATH=/home/ale/Proyecto_CPR/rosbot_ws/install/dynamixel_hardware_interface/lib:/usr/lib/x86_64-linux-gnu/gazebo-11/plugins:/opt/ros/humble/opt/rviz_ogre_vendor/lib:/opt/ros/humble/lib/x86_64-linux-gnu:/opt/ros/humble/opt/libphidget22/lib:/opt/ros/humble/lib:/usr/lib/x86_64-linux-gnu/gazebo-11/plugins /usr/bin/cmake --build /home/ale/Proyecto_CPR/rosbot_ws/build/open_manipulator_x_moveit -- -j16 -l16
[0.937s] DEBUG:colcon.colcon_core.event_handler.log_command:Invoking command in '/home/ale/Proyecto_CPR/rosbot_ws/src/rosbot_ros/rosbot_utils': PYTHONPATH=/home/ale/Proyecto_CPR/rosbot_ws/build/rosbot_utils/prefix_override:/usr/lib/python3/dist-packages/colcon_core/task/python/colcon_distutils_commands:/home/ale/Proyecto_CPR/rosbot_ws/install/rosbot_utils/lib/python3.10/site-packages:${PYTHONPATH} /usr/bin/python3 -W ignore:setup.py install is deprecated -W ignore:easy_install command is deprecated setup.py egg_info --egg-base ../../../build/rosbot_utils build --build-base /home/ale/Proyecto_CPR/rosbot_ws/build/rosbot_utils/build install --record /home/ale/Proyecto_CPR/rosbot_ws/build/rosbot_utils/install.log --single-version-externally-managed install_data
[0.944s] DEBUG:colcon.colcon_core.event_handler.log_command:Invoking command in '/home/ale/Proyecto_CPR/rosbot_ws/src/rosbot_ros/rosbot_bringup': PYTHONPATH=/home/ale/Proyecto_CPR/rosbot_ws/build/rosbot_bringup/prefix_override:/usr/lib/python3/dist-packages/colcon_core/task/python/colcon_distutils_commands:/home/ale/Proyecto_CPR/rosbot_ws/install/rosbot_bringup/lib/python3.10/site-packages:${PYTHONPATH} /usr/bin/python3 -W ignore:setup.py install is deprecated -W ignore:easy_install command is deprecated setup.py egg_info --egg-base ../../../build/rosbot_bringup build --build-base /home/ale/Proyecto_CPR/rosbot_ws/build/rosbot_bringup/build install --record /home/ale/Proyecto_CPR/rosbot_ws/build/rosbot_bringup/install.log --single-version-externally-managed install_data
[0.985s] DEBUG:colcon.colcon_core.event_handler.log_command:Invoked command in '/home/ale/Proyecto_CPR/rosbot_ws/build/open_manipulator_x_moveit' returned '0': AMENT_PREFIX_PATH=/home/ale/Proyecto_CPR/rosbot_ws/install/rosbot_description:/home/ale/Proyecto_CPR/rosbot_ws/install/open_manipulator_x_description:/home/ale/Proyecto_CPR/rosbot_ws/install/open_manipulator_x_joy:/home/ale/Proyecto_CPR/rosbot_ws/install/husarion_components_description:/home/ale/Proyecto_CPR/rosbot_ws/install/dynamixel_hardware_interface:${AMENT_PREFIX_PATH} CMAKE_PREFIX_PATH=/home/ale/Proyecto_CPR/rosbot_ws/install/rosbot_description:/home/ale/Proyecto_CPR/rosbot_ws/install/open_manipulator_x_description:/home/ale/Proyecto_CPR/rosbot_ws/install/open_manipulator_x_joy:/home/ale/Proyecto_CPR/rosbot_ws/install/husarion_components_description:/home/ale/Proyecto_CPR/rosbot_ws/install/dynamixel_hardware_interface:/opt/ros/humble GAZEBO_MODEL_PATH=/home/ale/Proyecto_CPR/rosbot_ws/install/rosbot_description/share:/home/ale/Proyecto_CPR/rosbot_ws/install/open_manipulator_x_description/share:/home/ale/Proyecto_CPR/rosbot_ws/install/husarion_components_description/share:${GAZEBO_MODEL_PATH} GZ_SIM_RESOURCE_PATH=/home/ale/Proyecto_CPR/rosbot_ws/install/rosbot_description/share:/home/ale/Proyecto_CPR/rosbot_ws/install/open_manipulator_x_description/share:/opt/ros/humble/share:/home/ale/Proyecto_CPR/rosbot_ws/install/husarion_components_description/share IGN_GAZEBO_RESOURCE_PATH=/home/ale/Proyecto_CPR/rosbot_ws/install/rosbot_description/share:/home/ale/Proyecto_CPR/rosbot_ws/install/open_manipulator_x_description/share:/home/ale/Proyecto_CPR/rosbot_ws/install/husarion_components_description/share:${IGN_GAZEBO_RESOURCE_PATH} LD_LIBRARY_PATH=/home/ale/Proyecto_CPR/rosbot_ws/install/dynamixel_hardware_interface/lib:/usr/lib/x86_64-linux-gnu/gazebo-11/plugins:/opt/ros/humble/opt/rviz_ogre_vendor/lib:/opt/ros/humble/lib/x86_64-linux-gnu:/opt/ros/humble/opt/libphidget22/lib:/opt/ros/humble/lib:/usr/lib/x86_64-linux-gnu/gazebo-11/plugins /usr/bin/cmake --build /home/ale/Proyecto_CPR/rosbot_ws/build/open_manipulator_x_moveit -- -j16 -l16
[0.988s] DEBUG:colcon.colcon_core.event_handler.log_command:Invoking command in '/home/ale/Proyecto_CPR/rosbot_ws/build/open_manipulator_x_moveit': AMENT_PREFIX_PATH=/home/ale/Proyecto_CPR/rosbot_ws/install/rosbot_description:/home/ale/Proyecto_CPR/rosbot_ws/install/open_manipulator_x_description:/home/ale/Proyecto_CPR/rosbot_ws/install/open_manipulator_x_joy:/home/ale/Proyecto_CPR/rosbot_ws/install/husarion_components_description:/home/ale/Proyecto_CPR/rosbot_ws/install/dynamixel_hardware_interface:${AMENT_PREFIX_PATH} CMAKE_PREFIX_PATH=/home/ale/Proyecto_CPR/rosbot_ws/install/rosbot_description:/home/ale/Proyecto_CPR/rosbot_ws/install/open_manipulator_x_description:/home/ale/Proyecto_CPR/rosbot_ws/install/open_manipulator_x_joy:/home/ale/Proyecto_CPR/rosbot_ws/install/husarion_components_description:/home/ale/Proyecto_CPR/rosbot_ws/install/dynamixel_hardware_interface:/opt/ros/humble GAZEBO_MODEL_PATH=/home/ale/Proyecto_CPR/rosbot_ws/install/rosbot_description/share:/home/ale/Proyecto_CPR/rosbot_ws/install/open_manipulator_x_description/share:/home/ale/Proyecto_CPR/rosbot_ws/install/husarion_components_description/share:${GAZEBO_MODEL_PATH} GZ_SIM_RESOURCE_PATH=/home/ale/Proyecto_CPR/rosbot_ws/install/rosbot_description/share:/home/ale/Proyecto_CPR/rosbot_ws/install/open_manipulator_x_description/share:/opt/ros/humble/share:/home/ale/Proyecto_CPR/rosbot_ws/install/husarion_components_description/share IGN_GAZEBO_RESOURCE_PATH=/home/ale/Proyecto_CPR/rosbot_ws/install/rosbot_description/share:/home/ale/Proyecto_CPR/rosbot_ws/install/open_manipulator_x_description/share:/home/ale/Proyecto_CPR/rosbot_ws/install/husarion_components_description/share:${IGN_GAZEBO_RESOURCE_PATH} LD_LIBRARY_PATH=/home/ale/Proyecto_CPR/rosbot_ws/install/dynamixel_hardware_interface/lib:/usr/lib/x86_64-linux-gnu/gazebo-11/plugins:/opt/ros/humble/opt/rviz_ogre_vendor/lib:/opt/ros/humble/lib/x86_64-linux-gnu:/opt/ros/humble/opt/libphidget22/lib:/opt/ros/humble/lib:/usr/lib/x86_64-linux-gnu/gazebo-11/plugins /usr/bin/cmake --install /home/ale/Proyecto_CPR/rosbot_ws/build/open_manipulator_x_moveit
[1.013s] Level 1:colcon.colcon_core.environment:create_environment_scripts_only(open_manipulator_x_moveit)
[1.013s] Level 1:colcon.colcon_core.environment:checking '/home/ale/Proyecto_CPR/rosbot_ws/install/open_manipulator_x_moveit' for CMake module files
[1.014s] DEBUG:colcon.colcon_core.event_handler.log_command:Invoked command in '/home/ale/Proyecto_CPR/rosbot_ws/build/open_manipulator_x_moveit' returned '0': AMENT_PREFIX_PATH=/home/ale/Proyecto_CPR/rosbot_ws/install/rosbot_description:/home/ale/Proyecto_CPR/rosbot_ws/install/open_manipulator_x_description:/home/ale/Proyecto_CPR/rosbot_ws/install/open_manipulator_x_joy:/home/ale/Proyecto_CPR/rosbot_ws/install/husarion_components_description:/home/ale/Proyecto_CPR/rosbot_ws/install/dynamixel_hardware_interface:${AMENT_PREFIX_PATH} CMAKE_PREFIX_PATH=/home/ale/Proyecto_CPR/rosbot_ws/install/rosbot_description:/home/ale/Proyecto_CPR/rosbot_ws/install/open_manipulator_x_description:/home/ale/Proyecto_CPR/rosbot_ws/install/open_manipulator_x_joy:/home/ale/Proyecto_CPR/rosbot_ws/install/husarion_components_description:/home/ale/Proyecto_CPR/rosbot_ws/install/dynamixel_hardware_interface:/opt/ros/humble GAZEBO_MODEL_PATH=/home/ale/Proyecto_CPR/rosbot_ws/install/rosbot_description/share:/home/ale/Proyecto_CPR/rosbot_ws/install/open_manipulator_x_description/share:/home/ale/Proyecto_CPR/rosbot_ws/install/husarion_components_description/share:${GAZEBO_MODEL_PATH} GZ_SIM_RESOURCE_PATH=/home/ale/Proyecto_CPR/rosbot_ws/install/rosbot_description/share:/home/ale/Proyecto_CPR/rosbot_ws/install/open_manipulator_x_description/share:/opt/ros/humble/share:/home/ale/Proyecto_CPR/rosbot_ws/install/husarion_components_description/share IGN_GAZEBO_RESOURCE_PATH=/home/ale/Proyecto_CPR/rosbot_ws/install/rosbot_description/share:/home/ale/Proyecto_CPR/rosbot_ws/install/open_manipulator_x_description/share:/home/ale/Proyecto_CPR/rosbot_ws/install/husarion_components_description/share:${IGN_GAZEBO_RESOURCE_PATH} LD_LIBRARY_PATH=/home/ale/Proyecto_CPR/rosbot_ws/install/dynamixel_hardware_interface/lib:/usr/lib/x86_64-linux-gnu/gazebo-11/plugins:/opt/ros/humble/opt/rviz_ogre_vendor/lib:/opt/ros/humble/lib/x86_64-linux-gnu:/opt/ros/humble/opt/libphidget22/lib:/opt/ros/humble/lib:/usr/lib/x86_64-linux-gnu/gazebo-11/plugins /usr/bin/cmake --install /home/ale/Proyecto_CPR/rosbot_ws/build/open_manipulator_x_moveit
[1.014s] Level 1:colcon.colcon_core.environment:checking '/home/ale/Proyecto_CPR/rosbot_ws/install/open_manipulator_x_moveit' for CMake config files
[1.015s] Level 1:colcon.colcon_core.shell:create_environment_hook('open_manipulator_x_moveit', 'cmake_prefix_path')
[1.015s] INFO:colcon.colcon_core.shell:Creating environment hook '/home/ale/Proyecto_CPR/rosbot_ws/install/open_manipulator_x_moveit/share/open_manipulator_x_moveit/hook/cmake_prefix_path.ps1'
[1.015s] INFO:colcon.colcon_core.shell:Creating environment descriptor '/home/ale/Proyecto_CPR/rosbot_ws/install/open_manipulator_x_moveit/share/open_manipulator_x_moveit/hook/cmake_prefix_path.dsv'
[1.015s] INFO:colcon.colcon_core.shell:Creating environment hook '/home/ale/Proyecto_CPR/rosbot_ws/install/open_manipulator_x_moveit/share/open_manipulator_x_moveit/hook/cmake_prefix_path.sh'
[1.016s] Level 1:colcon.colcon_core.environment:checking '/home/ale/Proyecto_CPR/rosbot_ws/install/open_manipulator_x_moveit/lib'
[1.016s] Level 1:colcon.colcon_core.environment:checking '/home/ale/Proyecto_CPR/rosbot_ws/install/open_manipulator_x_moveit/bin'
[1.016s] Level 1:colcon.colcon_core.environment:checking '/home/ale/Proyecto_CPR/rosbot_ws/install/open_manipulator_x_moveit/lib/pkgconfig/open_manipulator_x_moveit.pc'
[1.016s] Level 1:colcon.colcon_core.environment:checking '/home/ale/Proyecto_CPR/rosbot_ws/install/open_manipulator_x_moveit/lib/python3.10/site-packages'
[1.016s] Level 1:colcon.colcon_core.environment:checking '/home/ale/Proyecto_CPR/rosbot_ws/install/open_manipulator_x_moveit/bin'
[1.016s] INFO:colcon.colcon_core.shell:Creating package script '/home/ale/Proyecto_CPR/rosbot_ws/install/open_manipulator_x_moveit/share/open_manipulator_x_moveit/package.ps1'
[1.017s] INFO:colcon.colcon_core.shell:Creating package descriptor '/home/ale/Proyecto_CPR/rosbot_ws/install/open_manipulator_x_moveit/share/open_manipulator_x_moveit/package.dsv'
[1.017s] INFO:colcon.colcon_core.shell:Creating package script '/home/ale/Proyecto_CPR/rosbot_ws/install/open_manipulator_x_moveit/share/open_manipulator_x_moveit/package.sh'
[1.017s] INFO:colcon.colcon_core.shell:Creating package script '/home/ale/Proyecto_CPR/rosbot_ws/install/open_manipulator_x_moveit/share/open_manipulator_x_moveit/package.bash'
[1.017s] INFO:colcon.colcon_core.shell:Creating package script '/home/ale/Proyecto_CPR/rosbot_ws/install/open_manipulator_x_moveit/share/open_manipulator_x_moveit/package.zsh'
[1.018s] Level 1:colcon.colcon_core.environment:create_file_with_runtime_dependencies(/home/ale/Proyecto_CPR/rosbot_ws/install/open_manipulator_x_moveit/share/colcon-core/packages/open_manipulator_x_moveit)
[1.018s] Level 1:colcon.colcon_core.environment:create_environment_scripts_only(open_manipulator_x_moveit)
[1.018s] Level 1:colcon.colcon_core.environment:checking '/home/ale/Proyecto_CPR/rosbot_ws/install/open_manipulator_x_moveit' for CMake module files
[1.018s] Level 1:colcon.colcon_core.environment:checking '/home/ale/Proyecto_CPR/rosbot_ws/install/open_manipulator_x_moveit' for CMake config files
[1.019s] Level 1:colcon.colcon_core.shell:create_environment_hook('open_manipulator_x_moveit', 'cmake_prefix_path')
[1.019s] INFO:colcon.colcon_core.shell:Creating environment hook '/home/ale/Proyecto_CPR/rosbot_ws/install/open_manipulator_x_moveit/share/open_manipulator_x_moveit/hook/cmake_prefix_path.ps1'
[1.019s] INFO:colcon.colcon_core.shell:Creating environment descriptor '/home/ale/Proyecto_CPR/rosbot_ws/install/open_manipulator_x_moveit/share/open_manipulator_x_moveit/hook/cmake_prefix_path.dsv'
[1.019s] INFO:colcon.colcon_core.shell:Creating environment hook '/home/ale/Proyecto_CPR/rosbot_ws/install/open_manipulator_x_moveit/share/open_manipulator_x_moveit/hook/cmake_prefix_path.sh'
[1.019s] Level 1:colcon.colcon_core.environment:checking '/home/ale/Proyecto_CPR/rosbot_ws/install/open_manipulator_x_moveit/lib'
[1.020s] Level 1:colcon.colcon_core.environment:checking '/home/ale/Proyecto_CPR/rosbot_ws/install/open_manipulator_x_moveit/bin'
[1.020s] Level 1:colcon.colcon_core.environment:checking '/home/ale/Proyecto_CPR/rosbot_ws/install/open_manipulator_x_moveit/lib/pkgconfig/open_manipulator_x_moveit.pc'
[1.020s] Level 1:colcon.colcon_core.environment:checking '/home/ale/Proyecto_CPR/rosbot_ws/install/open_manipulator_x_moveit/lib/python3.10/site-packages'
[1.020s] Level 1:colcon.colcon_core.environment:checking '/home/ale/Proyecto_CPR/rosbot_ws/install/open_manipulator_x_moveit/bin'
[1.020s] INFO:colcon.colcon_core.shell:Creating package script '/home/ale/Proyecto_CPR/rosbot_ws/install/open_manipulator_x_moveit/share/open_manipulator_x_moveit/package.ps1'
[1.020s] INFO:colcon.colcon_core.shell:Creating package descriptor '/home/ale/Proyecto_CPR/rosbot_ws/install/open_manipulator_x_moveit/share/open_manipulator_x_moveit/package.dsv'
[1.021s] INFO:colcon.colcon_core.shell:Creating package script '/home/ale/Proyecto_CPR/rosbot_ws/install/open_manipulator_x_moveit/share/open_manipulator_x_moveit/package.sh'
[1.021s] INFO:colcon.colcon_core.shell:Creating package script '/home/ale/Proyecto_CPR/rosbot_ws/install/open_manipulator_x_moveit/share/open_manipulator_x_moveit/package.bash'
[1.021s] INFO:colcon.colcon_core.shell:Creating package script '/home/ale/Proyecto_CPR/rosbot_ws/install/open_manipulator_x_moveit/share/open_manipulator_x_moveit/package.zsh'
[1.021s] Level 1:colcon.colcon_core.environment:create_file_with_runtime_dependencies(/home/ale/Proyecto_CPR/rosbot_ws/install/open_manipulator_x_moveit/share/colcon-core/packages/open_manipulator_x_moveit)
[1.144s] Level 1:colcon.colcon_core.environment:checking '/home/ale/Proyecto_CPR/rosbot_ws/install/rosbot_bringup' for CMake module files
[1.145s] DEBUG:colcon.colcon_core.event_handler.log_command:Invoked command in '/home/ale/Proyecto_CPR/rosbot_ws/src/rosbot_ros/rosbot_bringup' returned '0': PYTHONPATH=/home/ale/Proyecto_CPR/rosbot_ws/build/rosbot_bringup/prefix_override:/usr/lib/python3/dist-packages/colcon_core/task/python/colcon_distutils_commands:/home/ale/Proyecto_CPR/rosbot_ws/install/rosbot_bringup/lib/python3.10/site-packages:${PYTHONPATH} /usr/bin/python3 -W ignore:setup.py install is deprecated -W ignore:easy_install command is deprecated setup.py egg_info --egg-base ../../../build/rosbot_bringup build --build-base /home/ale/Proyecto_CPR/rosbot_ws/build/rosbot_bringup/build install --record /home/ale/Proyecto_CPR/rosbot_ws/build/rosbot_bringup/install.log --single-version-externally-managed install_data
[1.145s] Level 1:colcon.colcon_core.environment:checking '/home/ale/Proyecto_CPR/rosbot_ws/install/rosbot_bringup' for CMake config files
[1.146s] Level 1:colcon.colcon_core.environment:checking '/home/ale/Proyecto_CPR/rosbot_ws/install/rosbot_bringup/lib'
[1.146s] Level 1:colcon.colcon_core.environment:checking '/home/ale/Proyecto_CPR/rosbot_ws/install/rosbot_bringup/bin'
[1.146s] Level 1:colcon.colcon_core.environment:checking '/home/ale/Proyecto_CPR/rosbot_ws/install/rosbot_bringup/lib/pkgconfig/rosbot_bringup.pc'
[1.146s] Level 1:colcon.colcon_core.environment:checking '/home/ale/Proyecto_CPR/rosbot_ws/install/rosbot_bringup/lib/python3.10/site-packages'
[1.146s] Level 1:colcon.colcon_core.shell:create_environment_hook('rosbot_bringup', 'pythonpath')
[1.146s] INFO:colcon.colcon_core.shell:Creating environment hook '/home/ale/Proyecto_CPR/rosbot_ws/install/rosbot_bringup/share/rosbot_bringup/hook/pythonpath.ps1'
[1.147s] INFO:colcon.colcon_core.shell:Creating environment descriptor '/home/ale/Proyecto_CPR/rosbot_ws/install/rosbot_bringup/share/rosbot_bringup/hook/pythonpath.dsv'
[1.147s] INFO:colcon.colcon_core.shell:Creating environment hook '/home/ale/Proyecto_CPR/rosbot_ws/install/rosbot_bringup/share/rosbot_bringup/hook/pythonpath.sh'
[1.148s] Level 1:colcon.colcon_core.environment:checking '/home/ale/Proyecto_CPR/rosbot_ws/install/rosbot_bringup/bin'
[1.148s] Level 1:colcon.colcon_core.environment:create_environment_scripts_only(rosbot_bringup)
[1.148s] INFO:colcon.colcon_core.shell:Creating package script '/home/ale/Proyecto_CPR/rosbot_ws/install/rosbot_bringup/share/rosbot_bringup/package.ps1'
[1.148s] INFO:colcon.colcon_core.shell:Creating package descriptor '/home/ale/Proyecto_CPR/rosbot_ws/install/rosbot_bringup/share/rosbot_bringup/package.dsv'
[1.148s] INFO:colcon.colcon_core.shell:Creating package script '/home/ale/Proyecto_CPR/rosbot_ws/install/rosbot_bringup/share/rosbot_bringup/package.sh'
[1.148s] INFO:colcon.colcon_core.shell:Creating package script '/home/ale/Proyecto_CPR/rosbot_ws/install/rosbot_bringup/share/rosbot_bringup/package.bash'
[1.149s] INFO:colcon.colcon_core.shell:Creating package script '/home/ale/Proyecto_CPR/rosbot_ws/install/rosbot_bringup/share/rosbot_bringup/package.zsh'
[1.149s] Level 1:colcon.colcon_core.environment:create_file_with_runtime_dependencies(/home/ale/Proyecto_CPR/rosbot_ws/install/rosbot_bringup/share/colcon-core/packages/rosbot_bringup)
[1.150s] Level 1:colcon.colcon_core.environment:checking '/home/ale/Proyecto_CPR/rosbot_ws/install/rosbot_utils' for CMake module files
[1.150s] Level 1:colcon.colcon_core.environment:checking '/home/ale/Proyecto_CPR/rosbot_ws/install/rosbot_utils' for CMake config files
[1.150s] DEBUG:colcon.colcon_core.event_handler.log_command:Invoked command in '/home/ale/Proyecto_CPR/rosbot_ws/src/rosbot_ros/rosbot_utils' returned '0': PYTHONPATH=/home/ale/Proyecto_CPR/rosbot_ws/build/rosbot_utils/prefix_override:/usr/lib/python3/dist-packages/colcon_core/task/python/colcon_distutils_commands:/home/ale/Proyecto_CPR/rosbot_ws/install/rosbot_utils/lib/python3.10/site-packages:${PYTHONPATH} /usr/bin/python3 -W ignore:setup.py install is deprecated -W ignore:easy_install command is deprecated setup.py egg_info --egg-base ../../../build/rosbot_utils build --build-base /home/ale/Proyecto_CPR/rosbot_ws/build/rosbot_utils/build install --record /home/ale/Proyecto_CPR/rosbot_ws/build/rosbot_utils/install.log --single-version-externally-managed install_data
[1.151s] Level 1:colcon.colcon_core.environment:checking '/home/ale/Proyecto_CPR/rosbot_ws/install/rosbot_utils/lib'
[1.151s] Level 1:colcon.colcon_core.environment:checking '/home/ale/Proyecto_CPR/rosbot_ws/install/rosbot_utils/bin'
[1.151s] Level 1:colcon.colcon_core.environment:checking '/home/ale/Proyecto_CPR/rosbot_ws/install/rosbot_utils/lib/pkgconfig/rosbot_utils.pc'
[1.152s] Level 1:colcon.colcon_core.environment:checking '/home/ale/Proyecto_CPR/rosbot_ws/install/rosbot_utils/lib/python3.10/site-packages'
[1.152s] Level 1:colcon.colcon_core.shell:create_environment_hook('rosbot_utils', 'pythonpath')
[1.152s] INFO:colcon.colcon_core.shell:Creating environment hook '/home/ale/Proyecto_CPR/rosbot_ws/install/rosbot_utils/share/rosbot_utils/hook/pythonpath.ps1'
[1.152s] INFO:colcon.colcon_core.shell:Creating environment descriptor '/home/ale/Proyecto_CPR/rosbot_ws/install/rosbot_utils/share/rosbot_utils/hook/pythonpath.dsv'
[1.152s] INFO:colcon.colcon_core.shell:Creating environment hook '/home/ale/Proyecto_CPR/rosbot_ws/install/rosbot_utils/share/rosbot_utils/hook/pythonpath.sh'
[1.152s] Level 1:colcon.colcon_core.environment:checking '/home/ale/Proyecto_CPR/rosbot_ws/install/rosbot_utils/bin'
[1.152s] Level 1:colcon.colcon_core.environment:create_environment_scripts_only(rosbot_utils)
[1.153s] INFO:colcon.colcon_core.shell:Creating package script '/home/ale/Proyecto_CPR/rosbot_ws/install/rosbot_utils/share/rosbot_utils/package.ps1'
[1.153s] INFO:colcon.colcon_core.shell:Creating package descriptor '/home/ale/Proyecto_CPR/rosbot_ws/install/rosbot_utils/share/rosbot_utils/package.dsv'
[1.153s] INFO:colcon.colcon_core.shell:Creating package script '/home/ale/Proyecto_CPR/rosbot_ws/install/rosbot_utils/share/rosbot_utils/package.sh'
[1.153s] INFO:colcon.colcon_core.shell:Creating package script '/home/ale/Proyecto_CPR/rosbot_ws/install/rosbot_utils/share/rosbot_utils/package.bash'
[1.153s] INFO:colcon.colcon_core.shell:Creating package script '/home/ale/Proyecto_CPR/rosbot_ws/install/rosbot_utils/share/rosbot_utils/package.zsh'
[1.154s] Level 1:colcon.colcon_core.environment:create_file_with_runtime_dependencies(/home/ale/Proyecto_CPR/rosbot_ws/install/rosbot_utils/share/colcon-core/packages/rosbot_utils)
[1.154s] INFO:colcon.colcon_ros.task.ament_python.build:Building ROS package in '/home/ale/Proyecto_CPR/rosbot_ws/src/rosbot_ros/rosbot_controller' with build type 'ament_python'
[1.154s] Level 1:colcon.colcon_core.shell:create_environment_hook('rosbot_controller', 'ament_prefix_path')
[1.154s] INFO:colcon.colcon_core.shell:Creating environment hook '/home/ale/Proyecto_CPR/rosbot_ws/install/rosbot_controller/share/rosbot_controller/hook/ament_prefix_path.ps1'
[1.155s] INFO:colcon.colcon_core.shell:Creating environment descriptor '/home/ale/Proyecto_CPR/rosbot_ws/install/rosbot_controller/share/rosbot_controller/hook/ament_prefix_path.dsv'
[1.155s] INFO:colcon.colcon_core.shell:Creating environment hook '/home/ale/Proyecto_CPR/rosbot_ws/install/rosbot_controller/share/rosbot_controller/hook/ament_prefix_path.sh'
[1.156s] INFO:colcon.colcon_core.shell:Skip shell extension 'powershell' for command environment: Not usable outside of PowerShell
[1.156s] DEBUG:colcon.colcon_core.shell:Skip shell extension 'dsv' for command environment
[1.317s] INFO:colcon.colcon_core.task.python.build:Building Python package in '/home/ale/Proyecto_CPR/rosbot_ws/src/rosbot_ros/rosbot_controller'
[1.318s] INFO:colcon.colcon_core.shell:Skip shell extension 'powershell' for command environment: Not usable outside of PowerShell
[1.318s] DEBUG:colcon.colcon_core.shell:Skip shell extension 'dsv' for command environment
[1.530s] DEBUG:colcon.colcon_core.event_handler.log_command:Invoking command in '/home/ale/Proyecto_CPR/rosbot_ws/src/rosbot_ros/rosbot_controller': AMENT_PREFIX_PATH=/home/ale/Proyecto_CPR/rosbot_ws/install/open_manipulator_x_moveit:/home/ale/Proyecto_CPR/rosbot_ws/install/rosbot_description:/home/ale/Proyecto_CPR/rosbot_ws/install/open_manipulator_x_description:/home/ale/Proyecto_CPR/rosbot_ws/install/rosbot_utils:/home/ale/Proyecto_CPR/rosbot_ws/install/open_manipulator_x_joy:/home/ale/Proyecto_CPR/rosbot_ws/install/mecanum_drive_controller:/home/ale/Proyecto_CPR/rosbot_ws/install/husarion_components_description:/home/ale/Proyecto_CPR/rosbot_ws/install/dynamixel_hardware_interface:${AMENT_PREFIX_PATH} CMAKE_PREFIX_PATH=/home/ale/Proyecto_CPR/rosbot_ws/install/open_manipulator_x_moveit:/home/ale/Proyecto_CPR/rosbot_ws/install/rosbot_description:/home/ale/Proyecto_CPR/rosbot_ws/install/open_manipulator_x_description:/home/ale/Proyecto_CPR/rosbot_ws/install/open_manipulator_x_joy:/home/ale/Proyecto_CPR/rosbot_ws/install/mecanum_drive_controller:/home/ale/Proyecto_CPR/rosbot_ws/install/husarion_components_description:/home/ale/Proyecto_CPR/rosbot_ws/install/dynamixel_hardware_interface GAZEBO_MODEL_PATH=/home/ale/Proyecto_CPR/rosbot_ws/install/rosbot_description/share:/home/ale/Proyecto_CPR/rosbot_ws/install/open_manipulator_x_description/share:/home/ale/Proyecto_CPR/rosbot_ws/install/husarion_components_description/share:${GAZEBO_MODEL_PATH} GZ_SIM_RESOURCE_PATH=/home/ale/Proyecto_CPR/rosbot_ws/install/rosbot_description/share:/home/ale/Proyecto_CPR/rosbot_ws/install/open_manipulator_x_description/share:/opt/ros/humble/share:/home/ale/Proyecto_CPR/rosbot_ws/install/husarion_components_description/share IGN_GAZEBO_RESOURCE_PATH=/home/ale/Proyecto_CPR/rosbot_ws/install/rosbot_description/share:/home/ale/Proyecto_CPR/rosbot_ws/install/open_manipulator_x_description/share:/home/ale/Proyecto_CPR/rosbot_ws/install/husarion_components_description/share:${IGN_GAZEBO_RESOURCE_PATH} LD_LIBRARY_PATH=/home/ale/Proyecto_CPR/rosbot_ws/install/mecanum_drive_controller/lib:/home/ale/Proyecto_CPR/rosbot_ws/install/dynamixel_hardware_interface/lib:/usr/lib/x86_64-linux-gnu/gazebo-11/plugins:/opt/ros/humble/opt/rviz_ogre_vendor/lib:/opt/ros/humble/lib/x86_64-linux-gnu:/opt/ros/humble/opt/libphidget22/lib:/opt/ros/humble/lib:/usr/lib/x86_64-linux-gnu/gazebo-11/plugins PYTHONPATH=/home/ale/Proyecto_CPR/rosbot_ws/build/rosbot_controller/prefix_override:/usr/lib/python3/dist-packages/colcon_core/task/python/colcon_distutils_commands:/home/ale/Proyecto_CPR/rosbot_ws/install/rosbot_controller/lib/python3.10/site-packages:/home/ale/Proyecto_CPR/rosbot_ws/install/rosbot_utils/lib/python3.10/site-packages:${PYTHONPATH} /usr/bin/python3 -W ignore:setup.py install is deprecated -W ignore:easy_install command is deprecated setup.py egg_info --egg-base ../../../build/rosbot_controller build --build-base /home/ale/Proyecto_CPR/rosbot_ws/build/rosbot_controller/build install --record /home/ale/Proyecto_CPR/rosbot_ws/build/rosbot_controller/install.log --single-version-externally-managed install_data
[1.714s] Level 1:colcon.colcon_core.environment:checking '/home/ale/Proyecto_CPR/rosbot_ws/install/rosbot_controller' for CMake module files
[1.714s] DEBUG:colcon.colcon_core.event_handler.log_command:Invoked command in '/home/ale/Proyecto_CPR/rosbot_ws/src/rosbot_ros/rosbot_controller' returned '0': AMENT_PREFIX_PATH=/home/ale/Proyecto_CPR/rosbot_ws/install/open_manipulator_x_moveit:/home/ale/Proyecto_CPR/rosbot_ws/install/rosbot_description:/home/ale/Proyecto_CPR/rosbot_ws/install/open_manipulator_x_description:/home/ale/Proyecto_CPR/rosbot_ws/install/rosbot_utils:/home/ale/Proyecto_CPR/rosbot_ws/install/open_manipulator_x_joy:/home/ale/Proyecto_CPR/rosbot_ws/install/mecanum_drive_controller:/home/ale/Proyecto_CPR/rosbot_ws/install/husarion_components_description:/home/ale/Proyecto_CPR/rosbot_ws/install/dynamixel_hardware_interface:${AMENT_PREFIX_PATH} CMAKE_PREFIX_PATH=/home/ale/Proyecto_CPR/rosbot_ws/install/open_manipulator_x_moveit:/home/ale/Proyecto_CPR/rosbot_ws/install/rosbot_description:/home/ale/Proyecto_CPR/rosbot_ws/install/open_manipulator_x_description:/home/ale/Proyecto_CPR/rosbot_ws/install/open_manipulator_x_joy:/home/ale/Proyecto_CPR/rosbot_ws/install/mecanum_drive_controller:/home/ale/Proyecto_CPR/rosbot_ws/install/husarion_components_description:/home/ale/Proyecto_CPR/rosbot_ws/install/dynamixel_hardware_interface GAZEBO_MODEL_PATH=/home/ale/Proyecto_CPR/rosbot_ws/install/rosbot_description/share:/home/ale/Proyecto_CPR/rosbot_ws/install/open_manipulator_x_description/share:/home/ale/Proyecto_CPR/rosbot_ws/install/husarion_components_description/share:${GAZEBO_MODEL_PATH} GZ_SIM_RESOURCE_PATH=/home/ale/Proyecto_CPR/rosbot_ws/install/rosbot_description/share:/home/ale/Proyecto_CPR/rosbot_ws/install/open_manipulator_x_description/share:/opt/ros/humble/share:/home/ale/Proyecto_CPR/rosbot_ws/install/husarion_components_description/share IGN_GAZEBO_RESOURCE_PATH=/home/ale/Proyecto_CPR/rosbot_ws/install/rosbot_description/share:/home/ale/Proyecto_CPR/rosbot_ws/install/open_manipulator_x_description/share:/home/ale/Proyecto_CPR/rosbot_ws/install/husarion_components_description/share:${IGN_GAZEBO_RESOURCE_PATH} LD_LIBRARY_PATH=/home/ale/Proyecto_CPR/rosbot_ws/install/mecanum_drive_controller/lib:/home/ale/Proyecto_CPR/rosbot_ws/install/dynamixel_hardware_interface/lib:/usr/lib/x86_64-linux-gnu/gazebo-11/plugins:/opt/ros/humble/opt/rviz_ogre_vendor/lib:/opt/ros/humble/lib/x86_64-linux-gnu:/opt/ros/humble/opt/libphidget22/lib:/opt/ros/humble/lib:/usr/lib/x86_64-linux-gnu/gazebo-11/plugins PYTHONPATH=/home/ale/Proyecto_CPR/rosbot_ws/build/rosbot_controller/prefix_override:/usr/lib/python3/dist-packages/colcon_core/task/python/colcon_distutils_commands:/home/ale/Proyecto_CPR/rosbot_ws/install/rosbot_controller/lib/python3.10/site-packages:/home/ale/Proyecto_CPR/rosbot_ws/install/rosbot_utils/lib/python3.10/site-packages:${PYTHONPATH} /usr/bin/python3 -W ignore:setup.py install is deprecated -W ignore:easy_install command is deprecated setup.py egg_info --egg-base ../../../build/rosbot_controller build --build-base /home/ale/Proyecto_CPR/rosbot_ws/build/rosbot_controller/build install --record /home/ale/Proyecto_CPR/rosbot_ws/build/rosbot_controller/install.log --single-version-externally-managed install_data
[1.715s] Level 1:colcon.colcon_core.environment:checking '/home/ale/Proyecto_CPR/rosbot_ws/install/rosbot_controller' for CMake config files
[1.716s] Level 1:colcon.colcon_core.environment:checking '/home/ale/Proyecto_CPR/rosbot_ws/install/rosbot_controller/lib'
[1.716s] Level 1:colcon.colcon_core.environment:checking '/home/ale/Proyecto_CPR/rosbot_ws/install/rosbot_controller/bin'
[1.716s] Level 1:colcon.colcon_core.environment:checking '/home/ale/Proyecto_CPR/rosbot_ws/install/rosbot_controller/lib/pkgconfig/rosbot_controller.pc'
[1.716s] Level 1:colcon.colcon_core.environment:checking '/home/ale/Proyecto_CPR/rosbot_ws/install/rosbot_controller/lib/python3.10/site-packages'
[1.716s] Level 1:colcon.colcon_core.shell:create_environment_hook('rosbot_controller', 'pythonpath')
[1.717s] INFO:colcon.colcon_core.shell:Creating environment hook '/home/ale/Proyecto_CPR/rosbot_ws/install/rosbot_controller/share/rosbot_controller/hook/pythonpath.ps1'
[1.717s] INFO:colcon.colcon_core.shell:Creating environment descriptor '/home/ale/Proyecto_CPR/rosbot_ws/install/rosbot_controller/share/rosbot_controller/hook/pythonpath.dsv'
[1.717s] INFO:colcon.colcon_core.shell:Creating environment hook '/home/ale/Proyecto_CPR/rosbot_ws/install/rosbot_controller/share/rosbot_controller/hook/pythonpath.sh'
[1.717s] Level 1:colcon.colcon_core.environment:checking '/home/ale/Proyecto_CPR/rosbot_ws/install/rosbot_controller/bin'
[1.717s] Level 1:colcon.colcon_core.environment:create_environment_scripts_only(rosbot_controller)
[1.718s] INFO:colcon.colcon_core.shell:Creating package script '/home/ale/Proyecto_CPR/rosbot_ws/install/rosbot_controller/share/rosbot_controller/package.ps1'
[1.718s] INFO:colcon.colcon_core.shell:Creating package descriptor '/home/ale/Proyecto_CPR/rosbot_ws/install/rosbot_controller/share/rosbot_controller/package.dsv'
[1.718s] INFO:colcon.colcon_core.shell:Creating package script '/home/ale/Proyecto_CPR/rosbot_ws/install/rosbot_controller/share/rosbot_controller/package.sh'
[1.718s] INFO:colcon.colcon_core.shell:Creating package script '/home/ale/Proyecto_CPR/rosbot_ws/install/rosbot_controller/share/rosbot_controller/package.bash'
[1.718s] INFO:colcon.colcon_core.shell:Creating package script '/home/ale/Proyecto_CPR/rosbot_ws/install/rosbot_controller/share/rosbot_controller/package.zsh'
[1.718s] Level 1:colcon.colcon_core.environment:create_file_with_runtime_dependencies(/home/ale/Proyecto_CPR/rosbot_ws/install/rosbot_controller/share/colcon-core/packages/rosbot_controller)
[1.719s] INFO:colcon.colcon_ros.task.ament_python.build:Building ROS package in '/home/ale/Proyecto_CPR/rosbot_ws/src/rosbot_ros/rosbot_gazebo' with build type 'ament_python'
[1.719s] Level 1:colcon.colcon_core.shell:create_environment_hook('rosbot_gazebo', 'ament_prefix_path')
[1.719s] INFO:colcon.colcon_core.shell:Creating environment hook '/home/ale/Proyecto_CPR/rosbot_ws/install/rosbot_gazebo/share/rosbot_gazebo/hook/ament_prefix_path.ps1'
[1.720s] INFO:colcon.colcon_core.shell:Creating environment descriptor '/home/ale/Proyecto_CPR/rosbot_ws/install/rosbot_gazebo/share/rosbot_gazebo/hook/ament_prefix_path.dsv'
[1.720s] INFO:colcon.colcon_core.shell:Creating environment hook '/home/ale/Proyecto_CPR/rosbot_ws/install/rosbot_gazebo/share/rosbot_gazebo/hook/ament_prefix_path.sh'
[1.721s] INFO:colcon.colcon_core.shell:Skip shell extension 'powershell' for command environment: Not usable outside of PowerShell
[1.721s] DEBUG:colcon.colcon_core.shell:Skip shell extension 'dsv' for command environment
[1.888s] INFO:colcon.colcon_core.task.python.build:Building Python package in '/home/ale/Proyecto_CPR/rosbot_ws/src/rosbot_ros/rosbot_gazebo'
[1.889s] INFO:colcon.colcon_core.shell:Skip shell extension 'powershell' for command environment: Not usable outside of PowerShell
[1.889s] DEBUG:colcon.colcon_core.shell:Skip shell extension 'dsv' for command environment
[2.102s] DEBUG:colcon.colcon_core.event_handler.log_command:Invoking command in '/home/ale/Proyecto_CPR/rosbot_ws/src/rosbot_ros/rosbot_gazebo': AMENT_PREFIX_PATH=/home/ale/Proyecto_CPR/rosbot_ws/install/rosbot_controller:/home/ale/Proyecto_CPR/rosbot_ws/install/open_manipulator_x_moveit:/home/ale/Proyecto_CPR/rosbot_ws/install/rosbot_description:/home/ale/Proyecto_CPR/rosbot_ws/install/open_manipulator_x_description:/home/ale/Proyecto_CPR/rosbot_ws/install/rosbot_utils:/home/ale/Proyecto_CPR/rosbot_ws/install/rosbot_localization:/home/ale/Proyecto_CPR/rosbot_ws/install/open_manipulator_x_joy:/home/ale/Proyecto_CPR/rosbot_ws/install/mecanum_drive_controller:/home/ale/Proyecto_CPR/rosbot_ws/install/husarion_gz_worlds:/home/ale/Proyecto_CPR/rosbot_ws/install/husarion_components_description:/home/ale/Proyecto_CPR/rosbot_ws/install/dynamixel_hardware_interface:${AMENT_PREFIX_PATH} CMAKE_PREFIX_PATH=/home/ale/Proyecto_CPR/rosbot_ws/install/open_manipulator_x_moveit:/home/ale/Proyecto_CPR/rosbot_ws/install/rosbot_description:/home/ale/Proyecto_CPR/rosbot_ws/install/open_manipulator_x_description:/home/ale/Proyecto_CPR/rosbot_ws/install/rosbot_localization:/home/ale/Proyecto_CPR/rosbot_ws/install/open_manipulator_x_joy:/home/ale/Proyecto_CPR/rosbot_ws/install/mecanum_drive_controller:/home/ale/Proyecto_CPR/rosbot_ws/install/husarion_gz_worlds:/home/ale/Proyecto_CPR/rosbot_ws/install/husarion_components_description:/home/ale/Proyecto_CPR/rosbot_ws/install/dynamixel_hardware_interface GAZEBO_MODEL_PATH=/home/ale/Proyecto_CPR/rosbot_ws/install/rosbot_description/share:/home/ale/Proyecto_CPR/rosbot_ws/install/open_manipulator_x_description/share:/home/ale/Proyecto_CPR/rosbot_ws/install/husarion_gz_worlds/share/husarion_gz_worlds/models:/home/ale/Proyecto_CPR/rosbot_ws/install/husarion_components_description/share:${GAZEBO_MODEL_PATH} GZ_SIM_RESOURCE_PATH=/home/ale/Proyecto_CPR/rosbot_ws/install/rosbot_description/share:/home/ale/Proyecto_CPR/rosbot_ws/install/open_manipulator_x_description/share:/home/ale/Proyecto_CPR/rosbot_ws/install/husarion_gz_worlds/share/husarion_gz_worlds/models:/opt/ros/humble/share:/home/ale/Proyecto_CPR/rosbot_ws/install/husarion_components_description/share IGN_GAZEBO_RESOURCE_PATH=/home/ale/Proyecto_CPR/rosbot_ws/install/rosbot_description/share:/home/ale/Proyecto_CPR/rosbot_ws/install/open_manipulator_x_description/share:/home/ale/Proyecto_CPR/rosbot_ws/install/husarion_gz_worlds/share/husarion_gz_worlds/models:/home/ale/Proyecto_CPR/rosbot_ws/install/husarion_components_description/share:${IGN_GAZEBO_RESOURCE_PATH} LD_LIBRARY_PATH=/home/ale/Proyecto_CPR/rosbot_ws/install/mecanum_drive_controller/lib:/home/ale/Proyecto_CPR/rosbot_ws/install/dynamixel_hardware_interface/lib:/usr/lib/x86_64-linux-gnu/gazebo-11/plugins:/opt/ros/humble/opt/rviz_ogre_vendor/lib:/opt/ros/humble/lib/x86_64-linux-gnu:/opt/ros/humble/opt/libphidget22/lib:/opt/ros/humble/lib:/usr/lib/x86_64-linux-gnu/gazebo-11/plugins PYTHONPATH=/home/ale/Proyecto_CPR/rosbot_ws/build/rosbot_gazebo/prefix_override:/usr/lib/python3/dist-packages/colcon_core/task/python/colcon_distutils_commands:/home/ale/Proyecto_CPR/rosbot_ws/install/rosbot_gazebo/lib/python3.10/site-packages:/home/ale/Proyecto_CPR/rosbot_ws/install/rosbot_controller/lib/python3.10/site-packages:/home/ale/Proyecto_CPR/rosbot_ws/install/rosbot_utils/lib/python3.10/site-packages:${PYTHONPATH} /usr/bin/python3 -W ignore:setup.py install is deprecated -W ignore:easy_install command is deprecated setup.py egg_info --egg-base ../../../build/rosbot_gazebo build --build-base /home/ale/Proyecto_CPR/rosbot_ws/build/rosbot_gazebo/build install --record /home/ale/Proyecto_CPR/rosbot_ws/build/rosbot_gazebo/install.log --single-version-externally-managed install_data
[2.273s] Level 1:colcon.colcon_core.environment:checking '/home/ale/Proyecto_CPR/rosbot_ws/install/rosbot_gazebo' for CMake module files
[2.273s] DEBUG:colcon.colcon_core.event_handler.log_command:Invoked command in '/home/ale/Proyecto_CPR/rosbot_ws/src/rosbot_ros/rosbot_gazebo' returned '0': AMENT_PREFIX_PATH=/home/ale/Proyecto_CPR/rosbot_ws/install/rosbot_controller:/home/ale/Proyecto_CPR/rosbot_ws/install/open_manipulator_x_moveit:/home/ale/Proyecto_CPR/rosbot_ws/install/rosbot_description:/home/ale/Proyecto_CPR/rosbot_ws/install/open_manipulator_x_description:/home/ale/Proyecto_CPR/rosbot_ws/install/rosbot_utils:/home/ale/Proyecto_CPR/rosbot_ws/install/rosbot_localization:/home/ale/Proyecto_CPR/rosbot_ws/install/open_manipulator_x_joy:/home/ale/Proyecto_CPR/rosbot_ws/install/mecanum_drive_controller:/home/ale/Proyecto_CPR/rosbot_ws/install/husarion_gz_worlds:/home/ale/Proyecto_CPR/rosbot_ws/install/husarion_components_description:/home/ale/Proyecto_CPR/rosbot_ws/install/dynamixel_hardware_interface:${AMENT_PREFIX_PATH} CMAKE_PREFIX_PATH=/home/ale/Proyecto_CPR/rosbot_ws/install/open_manipulator_x_moveit:/home/ale/Proyecto_CPR/rosbot_ws/install/rosbot_description:/home/ale/Proyecto_CPR/rosbot_ws/install/open_manipulator_x_description:/home/ale/Proyecto_CPR/rosbot_ws/install/rosbot_localization:/home/ale/Proyecto_CPR/rosbot_ws/install/open_manipulator_x_joy:/home/ale/Proyecto_CPR/rosbot_ws/install/mecanum_drive_controller:/home/ale/Proyecto_CPR/rosbot_ws/install/husarion_gz_worlds:/home/ale/Proyecto_CPR/rosbot_ws/install/husarion_components_description:/home/ale/Proyecto_CPR/rosbot_ws/install/dynamixel_hardware_interface GAZEBO_MODEL_PATH=/home/ale/Proyecto_CPR/rosbot_ws/install/rosbot_description/share:/home/ale/Proyecto_CPR/rosbot_ws/install/open_manipulator_x_description/share:/home/ale/Proyecto_CPR/rosbot_ws/install/husarion_gz_worlds/share/husarion_gz_worlds/models:/home/ale/Proyecto_CPR/rosbot_ws/install/husarion_components_description/share:${GAZEBO_MODEL_PATH} GZ_SIM_RESOURCE_PATH=/home/ale/Proyecto_CPR/rosbot_ws/install/rosbot_description/share:/home/ale/Proyecto_CPR/rosbot_ws/install/open_manipulator_x_description/share:/home/ale/Proyecto_CPR/rosbot_ws/install/husarion_gz_worlds/share/husarion_gz_worlds/models:/opt/ros/humble/share:/home/ale/Proyecto_CPR/rosbot_ws/install/husarion_components_description/share IGN_GAZEBO_RESOURCE_PATH=/home/ale/Proyecto_CPR/rosbot_ws/install/rosbot_description/share:/home/ale/Proyecto_CPR/rosbot_ws/install/open_manipulator_x_description/share:/home/ale/Proyecto_CPR/rosbot_ws/install/husarion_gz_worlds/share/husarion_gz_worlds/models:/home/ale/Proyecto_CPR/rosbot_ws/install/husarion_components_description/share:${IGN_GAZEBO_RESOURCE_PATH} LD_LIBRARY_PATH=/home/ale/Proyecto_CPR/rosbot_ws/install/mecanum_drive_controller/lib:/home/ale/Proyecto_CPR/rosbot_ws/install/dynamixel_hardware_interface/lib:/usr/lib/x86_64-linux-gnu/gazebo-11/plugins:/opt/ros/humble/opt/rviz_ogre_vendor/lib:/opt/ros/humble/lib/x86_64-linux-gnu:/opt/ros/humble/opt/libphidget22/lib:/opt/ros/humble/lib:/usr/lib/x86_64-linux-gnu/gazebo-11/plugins PYTHONPATH=/home/ale/Proyecto_CPR/rosbot_ws/build/rosbot_gazebo/prefix_override:/usr/lib/python3/dist-packages/colcon_core/task/python/colcon_distutils_commands:/home/ale/Proyecto_CPR/rosbot_ws/install/rosbot_gazebo/lib/python3.10/site-packages:/home/ale/Proyecto_CPR/rosbot_ws/install/rosbot_controller/lib/python3.10/site-packages:/home/ale/Proyecto_CPR/rosbot_ws/install/rosbot_utils/lib/python3.10/site-packages:${PYTHONPATH} /usr/bin/python3 -W ignore:setup.py install is deprecated -W ignore:easy_install command is deprecated setup.py egg_info --egg-base ../../../build/rosbot_gazebo build --build-base /home/ale/Proyecto_CPR/rosbot_ws/build/rosbot_gazebo/build install --record /home/ale/Proyecto_CPR/rosbot_ws/build/rosbot_gazebo/install.log --single-version-externally-managed install_data
[2.274s] Level 1:colcon.colcon_core.environment:checking '/home/ale/Proyecto_CPR/rosbot_ws/install/rosbot_gazebo' for CMake config files
[2.275s] Level 1:colcon.colcon_core.environment:checking '/home/ale/Proyecto_CPR/rosbot_ws/install/rosbot_gazebo/lib'
[2.275s] Level 1:colcon.colcon_core.environment:checking '/home/ale/Proyecto_CPR/rosbot_ws/install/rosbot_gazebo/bin'
[2.275s] Level 1:colcon.colcon_core.environment:checking '/home/ale/Proyecto_CPR/rosbot_ws/install/rosbot_gazebo/lib/pkgconfig/rosbot_gazebo.pc'
[2.275s] Level 1:colcon.colcon_core.environment:checking '/home/ale/Proyecto_CPR/rosbot_ws/install/rosbot_gazebo/lib/python3.10/site-packages'
[2.275s] Level 1:colcon.colcon_core.shell:create_environment_hook('rosbot_gazebo', 'pythonpath')
[2.276s] INFO:colcon.colcon_core.shell:Creating environment hook '/home/ale/Proyecto_CPR/rosbot_ws/install/rosbot_gazebo/share/rosbot_gazebo/hook/pythonpath.ps1'
[2.276s] INFO:colcon.colcon_core.shell:Creating environment descriptor '/home/ale/Proyecto_CPR/rosbot_ws/install/rosbot_gazebo/share/rosbot_gazebo/hook/pythonpath.dsv'
[2.276s] INFO:colcon.colcon_core.shell:Creating environment hook '/home/ale/Proyecto_CPR/rosbot_ws/install/rosbot_gazebo/share/rosbot_gazebo/hook/pythonpath.sh'
[2.277s] Level 1:colcon.colcon_core.environment:checking '/home/ale/Proyecto_CPR/rosbot_ws/install/rosbot_gazebo/bin'
[2.277s] Level 1:colcon.colcon_core.environment:create_environment_scripts_only(rosbot_gazebo)
[2.278s] INFO:colcon.colcon_core.shell:Creating package script '/home/ale/Proyecto_CPR/rosbot_ws/install/rosbot_gazebo/share/rosbot_gazebo/package.ps1'
[2.279s] INFO:colcon.colcon_core.shell:Creating package descriptor '/home/ale/Proyecto_CPR/rosbot_ws/install/rosbot_gazebo/share/rosbot_gazebo/package.dsv'
[2.279s] INFO:colcon.colcon_core.shell:Creating package script '/home/ale/Proyecto_CPR/rosbot_ws/install/rosbot_gazebo/share/rosbot_gazebo/package.sh'
[2.279s] INFO:colcon.colcon_core.shell:Creating package script '/home/ale/Proyecto_CPR/rosbot_ws/install/rosbot_gazebo/share/rosbot_gazebo/package.bash'
[2.279s] INFO:colcon.colcon_core.shell:Creating package script '/home/ale/Proyecto_CPR/rosbot_ws/install/rosbot_gazebo/share/rosbot_gazebo/package.zsh'
[2.279s] Level 1:colcon.colcon_core.environment:create_file_with_runtime_dependencies(/home/ale/Proyecto_CPR/rosbot_ws/install/rosbot_gazebo/share/colcon-core/packages/rosbot_gazebo)
[2.279s] INFO:colcon.colcon_ros.task.ament_cmake.build:Building ROS package in '/home/ale/Proyecto_CPR/rosbot_ws/src/rosbot_ros/rosbot' with build type 'ament_cmake'
[2.280s] INFO:colcon.colcon_cmake.task.cmake.build:Building CMake package in '/home/ale/Proyecto_CPR/rosbot_ws/src/rosbot_ros/rosbot'
[2.280s] INFO:colcon.colcon_core.shell:Skip shell extension 'powershell' for command environment: Not usable outside of PowerShell
[2.280s] DEBUG:colcon.colcon_core.shell:Skip shell extension 'dsv' for command environment
[2.295s] DEBUG:colcon.colcon_core.event_handler.log_command:Invoking command in '/home/ale/Proyecto_CPR/rosbot_ws/build/rosbot': AMENT_PREFIX_PATH=/home/ale/Proyecto_CPR/rosbot_ws/install/rosbot_gazebo:/home/ale/Proyecto_CPR/rosbot_ws/install/rosbot_controller:/home/ale/Proyecto_CPR/rosbot_ws/install/open_manipulator_x_moveit:/home/ale/Proyecto_CPR/rosbot_ws/install/rosbot_description:/home/ale/Proyecto_CPR/rosbot_ws/install/open_manipulator_x_description:/home/ale/Proyecto_CPR/rosbot_ws/install/rosbot_utils:/home/ale/Proyecto_CPR/rosbot_ws/install/rosbot_localization:/home/ale/Proyecto_CPR/rosbot_ws/install/open_manipulator_x_joy:/home/ale/Proyecto_CPR/rosbot_ws/install/mecanum_drive_controller:/home/ale/Proyecto_CPR/rosbot_ws/install/husarion_gz_worlds:/home/ale/Proyecto_CPR/rosbot_ws/install/husarion_components_description:/home/ale/Proyecto_CPR/rosbot_ws/install/dynamixel_hardware_interface:${AMENT_PREFIX_PATH} CMAKE_PREFIX_PATH=/home/ale/Proyecto_CPR/rosbot_ws/install/open_manipulator_x_moveit:/home/ale/Proyecto_CPR/rosbot_ws/install/rosbot_description:/home/ale/Proyecto_CPR/rosbot_ws/install/open_manipulator_x_description:/home/ale/Proyecto_CPR/rosbot_ws/install/rosbot_localization:/home/ale/Proyecto_CPR/rosbot_ws/install/open_manipulator_x_joy:/home/ale/Proyecto_CPR/rosbot_ws/install/mecanum_drive_controller:/home/ale/Proyecto_CPR/rosbot_ws/install/husarion_gz_worlds:/home/ale/Proyecto_CPR/rosbot_ws/install/husarion_components_description:/home/ale/Proyecto_CPR/rosbot_ws/install/dynamixel_hardware_interface:/opt/ros/humble GAZEBO_MODEL_PATH=/home/ale/Proyecto_CPR/rosbot_ws/install/rosbot_description/share:/home/ale/Proyecto_CPR/rosbot_ws/install/open_manipulator_x_description/share:/home/ale/Proyecto_CPR/rosbot_ws/install/husarion_gz_worlds/share/husarion_gz_worlds/models:/home/ale/Proyecto_CPR/rosbot_ws/install/husarion_components_description/share:${GAZEBO_MODEL_PATH} GZ_SIM_RESOURCE_PATH=/home/ale/Proyecto_CPR/rosbot_ws/install/rosbot_description/share:/home/ale/Proyecto_CPR/rosbot_ws/install/open_manipulator_x_description/share:/home/ale/Proyecto_CPR/rosbot_ws/install/husarion_gz_worlds/share/husarion_gz_worlds/models:/opt/ros/humble/share:/home/ale/Proyecto_CPR/rosbot_ws/install/husarion_components_description/share IGN_GAZEBO_RESOURCE_PATH=/home/ale/Proyecto_CPR/rosbot_ws/install/rosbot_description/share:/home/ale/Proyecto_CPR/rosbot_ws/install/open_manipulator_x_description/share:/home/ale/Proyecto_CPR/rosbot_ws/install/husarion_gz_worlds/share/husarion_gz_worlds/models:/home/ale/Proyecto_CPR/rosbot_ws/install/husarion_components_description/share:${IGN_GAZEBO_RESOURCE_PATH} LD_LIBRARY_PATH=/home/ale/Proyecto_CPR/rosbot_ws/install/mecanum_drive_controller/lib:/home/ale/Proyecto_CPR/rosbot_ws/install/dynamixel_hardware_interface/lib:/usr/lib/x86_64-linux-gnu/gazebo-11/plugins:/opt/ros/humble/opt/rviz_ogre_vendor/lib:/opt/ros/humble/lib/x86_64-linux-gnu:/opt/ros/humble/opt/libphidget22/lib:/opt/ros/humble/lib:/usr/lib/x86_64-linux-gnu/gazebo-11/plugins PYTHONPATH=/home/ale/Proyecto_CPR/rosbot_ws/install/rosbot_gazebo/lib/python3.10/site-packages:/home/ale/Proyecto_CPR/rosbot_ws/install/rosbot_controller/lib/python3.10/site-packages:/home/ale/Proyecto_CPR/rosbot_ws/install/rosbot_utils/lib/python3.10/site-packages:${PYTHONPATH} /usr/bin/cmake --build /home/ale/Proyecto_CPR/rosbot_ws/build/rosbot -- -j16 -l16
[2.337s] DEBUG:colcon.colcon_core.event_handler.log_command:Invoked command in '/home/ale/Proyecto_CPR/rosbot_ws/build/rosbot' returned '0': AMENT_PREFIX_PATH=/home/ale/Proyecto_CPR/rosbot_ws/install/rosbot_gazebo:/home/ale/Proyecto_CPR/rosbot_ws/install/rosbot_controller:/home/ale/Proyecto_CPR/rosbot_ws/install/open_manipulator_x_moveit:/home/ale/Proyecto_CPR/rosbot_ws/install/rosbot_description:/home/ale/Proyecto_CPR/rosbot_ws/install/open_manipulator_x_description:/home/ale/Proyecto_CPR/rosbot_ws/install/rosbot_utils:/home/ale/Proyecto_CPR/rosbot_ws/install/rosbot_localization:/home/ale/Proyecto_CPR/rosbot_ws/install/open_manipulator_x_joy:/home/ale/Proyecto_CPR/rosbot_ws/install/mecanum_drive_controller:/home/ale/Proyecto_CPR/rosbot_ws/install/husarion_gz_worlds:/home/ale/Proyecto_CPR/rosbot_ws/install/husarion_components_description:/home/ale/Proyecto_CPR/rosbot_ws/install/dynamixel_hardware_interface:${AMENT_PREFIX_PATH} CMAKE_PREFIX_PATH=/home/ale/Proyecto_CPR/rosbot_ws/install/open_manipulator_x_moveit:/home/ale/Proyecto_CPR/rosbot_ws/install/rosbot_description:/home/ale/Proyecto_CPR/rosbot_ws/install/open_manipulator_x_description:/home/ale/Proyecto_CPR/rosbot_ws/install/rosbot_localization:/home/ale/Proyecto_CPR/rosbot_ws/install/open_manipulator_x_joy:/home/ale/Proyecto_CPR/rosbot_ws/install/mecanum_drive_controller:/home/ale/Proyecto_CPR/rosbot_ws/install/husarion_gz_worlds:/home/ale/Proyecto_CPR/rosbot_ws/install/husarion_components_description:/home/ale/Proyecto_CPR/rosbot_ws/install/dynamixel_hardware_interface:/opt/ros/humble GAZEBO_MODEL_PATH=/home/ale/Proyecto_CPR/rosbot_ws/install/rosbot_description/share:/home/ale/Proyecto_CPR/rosbot_ws/install/open_manipulator_x_description/share:/home/ale/Proyecto_CPR/rosbot_ws/install/husarion_gz_worlds/share/husarion_gz_worlds/models:/home/ale/Proyecto_CPR/rosbot_ws/install/husarion_components_description/share:${GAZEBO_MODEL_PATH} GZ_SIM_RESOURCE_PATH=/home/ale/Proyecto_CPR/rosbot_ws/install/rosbot_description/share:/home/ale/Proyecto_CPR/rosbot_ws/install/open_manipulator_x_description/share:/home/ale/Proyecto_CPR/rosbot_ws/install/husarion_gz_worlds/share/husarion_gz_worlds/models:/opt/ros/humble/share:/home/ale/Proyecto_CPR/rosbot_ws/install/husarion_components_description/share IGN_GAZEBO_RESOURCE_PATH=/home/ale/Proyecto_CPR/rosbot_ws/install/rosbot_description/share:/home/ale/Proyecto_CPR/rosbot_ws/install/open_manipulator_x_description/share:/home/ale/Proyecto_CPR/rosbot_ws/install/husarion_gz_worlds/share/husarion_gz_worlds/models:/home/ale/Proyecto_CPR/rosbot_ws/install/husarion_components_description/share:${IGN_GAZEBO_RESOURCE_PATH} LD_LIBRARY_PATH=/home/ale/Proyecto_CPR/rosbot_ws/install/mecanum_drive_controller/lib:/home/ale/Proyecto_CPR/rosbot_ws/install/dynamixel_hardware_interface/lib:/usr/lib/x86_64-linux-gnu/gazebo-11/plugins:/opt/ros/humble/opt/rviz_ogre_vendor/lib:/opt/ros/humble/lib/x86_64-linux-gnu:/opt/ros/humble/opt/libphidget22/lib:/opt/ros/humble/lib:/usr/lib/x86_64-linux-gnu/gazebo-11/plugins PYTHONPATH=/home/ale/Proyecto_CPR/rosbot_ws/install/rosbot_gazebo/lib/python3.10/site-packages:/home/ale/Proyecto_CPR/rosbot_ws/install/rosbot_controller/lib/python3.10/site-packages:/home/ale/Proyecto_CPR/rosbot_ws/install/rosbot_utils/lib/python3.10/site-packages:${PYTHONPATH} /usr/bin/cmake --build /home/ale/Proyecto_CPR/rosbot_ws/build/rosbot -- -j16 -l16
[2.340s] DEBUG:colcon.colcon_core.event_handler.log_command:Invoking command in '/home/ale/Proyecto_CPR/rosbot_ws/build/rosbot': AMENT_PREFIX_PATH=/home/ale/Proyecto_CPR/rosbot_ws/install/rosbot_gazebo:/home/ale/Proyecto_CPR/rosbot_ws/install/rosbot_controller:/home/ale/Proyecto_CPR/rosbot_ws/install/open_manipulator_x_moveit:/home/ale/Proyecto_CPR/rosbot_ws/install/rosbot_description:/home/ale/Proyecto_CPR/rosbot_ws/install/open_manipulator_x_description:/home/ale/Proyecto_CPR/rosbot_ws/install/rosbot_utils:/home/ale/Proyecto_CPR/rosbot_ws/install/rosbot_localization:/home/ale/Proyecto_CPR/rosbot_ws/install/open_manipulator_x_joy:/home/ale/Proyecto_CPR/rosbot_ws/install/mecanum_drive_controller:/home/ale/Proyecto_CPR/rosbot_ws/install/husarion_gz_worlds:/home/ale/Proyecto_CPR/rosbot_ws/install/husarion_components_description:/home/ale/Proyecto_CPR/rosbot_ws/install/dynamixel_hardware_interface:${AMENT_PREFIX_PATH} CMAKE_PREFIX_PATH=/home/ale/Proyecto_CPR/rosbot_ws/install/open_manipulator_x_moveit:/home/ale/Proyecto_CPR/rosbot_ws/install/rosbot_description:/home/ale/Proyecto_CPR/rosbot_ws/install/open_manipulator_x_description:/home/ale/Proyecto_CPR/rosbot_ws/install/rosbot_localization:/home/ale/Proyecto_CPR/rosbot_ws/install/open_manipulator_x_joy:/home/ale/Proyecto_CPR/rosbot_ws/install/mecanum_drive_controller:/home/ale/Proyecto_CPR/rosbot_ws/install/husarion_gz_worlds:/home/ale/Proyecto_CPR/rosbot_ws/install/husarion_components_description:/home/ale/Proyecto_CPR/rosbot_ws/install/dynamixel_hardware_interface:/opt/ros/humble GAZEBO_MODEL_PATH=/home/ale/Proyecto_CPR/rosbot_ws/install/rosbot_description/share:/home/ale/Proyecto_CPR/rosbot_ws/install/open_manipulator_x_description/share:/home/ale/Proyecto_CPR/rosbot_ws/install/husarion_gz_worlds/share/husarion_gz_worlds/models:/home/ale/Proyecto_CPR/rosbot_ws/install/husarion_components_description/share:${GAZEBO_MODEL_PATH} GZ_SIM_RESOURCE_PATH=/home/ale/Proyecto_CPR/rosbot_ws/install/rosbot_description/share:/home/ale/Proyecto_CPR/rosbot_ws/install/open_manipulator_x_description/share:/home/ale/Proyecto_CPR/rosbot_ws/install/husarion_gz_worlds/share/husarion_gz_worlds/models:/opt/ros/humble/share:/home/ale/Proyecto_CPR/rosbot_ws/install/husarion_components_description/share IGN_GAZEBO_RESOURCE_PATH=/home/ale/Proyecto_CPR/rosbot_ws/install/rosbot_description/share:/home/ale/Proyecto_CPR/rosbot_ws/install/open_manipulator_x_description/share:/home/ale/Proyecto_CPR/rosbot_ws/install/husarion_gz_worlds/share/husarion_gz_worlds/models:/home/ale/Proyecto_CPR/rosbot_ws/install/husarion_components_description/share:${IGN_GAZEBO_RESOURCE_PATH} LD_LIBRARY_PATH=/home/ale/Proyecto_CPR/rosbot_ws/install/mecanum_drive_controller/lib:/home/ale/Proyecto_CPR/rosbot_ws/install/dynamixel_hardware_interface/lib:/usr/lib/x86_64-linux-gnu/gazebo-11/plugins:/opt/ros/humble/opt/rviz_ogre_vendor/lib:/opt/ros/humble/lib/x86_64-linux-gnu:/opt/ros/humble/opt/libphidget22/lib:/opt/ros/humble/lib:/usr/lib/x86_64-linux-gnu/gazebo-11/plugins PYTHONPATH=/home/ale/Proyecto_CPR/rosbot_ws/install/rosbot_gazebo/lib/python3.10/site-packages:/home/ale/Proyecto_CPR/rosbot_ws/install/rosbot_controller/lib/python3.10/site-packages:/home/ale/Proyecto_CPR/rosbot_ws/install/rosbot_utils/lib/python3.10/site-packages:${PYTHONPATH} /usr/bin/cmake --install /home/ale/Proyecto_CPR/rosbot_ws/build/rosbot
[2.365s] Level 1:colcon.colcon_core.environment:create_environment_scripts_only(rosbot)
[2.365s] Level 1:colcon.colcon_core.environment:checking '/home/ale/Proyecto_CPR/rosbot_ws/install/rosbot' for CMake module files
[2.366s] DEBUG:colcon.colcon_core.event_handler.log_command:Invoked command in '/home/ale/Proyecto_CPR/rosbot_ws/build/rosbot' returned '0': AMENT_PREFIX_PATH=/home/ale/Proyecto_CPR/rosbot_ws/install/rosbot_gazebo:/home/ale/Proyecto_CPR/rosbot_ws/install/rosbot_controller:/home/ale/Proyecto_CPR/rosbot_ws/install/open_manipulator_x_moveit:/home/ale/Proyecto_CPR/rosbot_ws/install/rosbot_description:/home/ale/Proyecto_CPR/rosbot_ws/install/open_manipulator_x_description:/home/ale/Proyecto_CPR/rosbot_ws/install/rosbot_utils:/home/ale/Proyecto_CPR/rosbot_ws/install/rosbot_localization:/home/ale/Proyecto_CPR/rosbot_ws/install/open_manipulator_x_joy:/home/ale/Proyecto_CPR/rosbot_ws/install/mecanum_drive_controller:/home/ale/Proyecto_CPR/rosbot_ws/install/husarion_gz_worlds:/home/ale/Proyecto_CPR/rosbot_ws/install/husarion_components_description:/home/ale/Proyecto_CPR/rosbot_ws/install/dynamixel_hardware_interface:${AMENT_PREFIX_PATH} CMAKE_PREFIX_PATH=/home/ale/Proyecto_CPR/rosbot_ws/install/open_manipulator_x_moveit:/home/ale/Proyecto_CPR/rosbot_ws/install/rosbot_description:/home/ale/Proyecto_CPR/rosbot_ws/install/open_manipulator_x_description:/home/ale/Proyecto_CPR/rosbot_ws/install/rosbot_localization:/home/ale/Proyecto_CPR/rosbot_ws/install/open_manipulator_x_joy:/home/ale/Proyecto_CPR/rosbot_ws/install/mecanum_drive_controller:/home/ale/Proyecto_CPR/rosbot_ws/install/husarion_gz_worlds:/home/ale/Proyecto_CPR/rosbot_ws/install/husarion_components_description:/home/ale/Proyecto_CPR/rosbot_ws/install/dynamixel_hardware_interface:/opt/ros/humble GAZEBO_MODEL_PATH=/home/ale/Proyecto_CPR/rosbot_ws/install/rosbot_description/share:/home/ale/Proyecto_CPR/rosbot_ws/install/open_manipulator_x_description/share:/home/ale/Proyecto_CPR/rosbot_ws/install/husarion_gz_worlds/share/husarion_gz_worlds/models:/home/ale/Proyecto_CPR/rosbot_ws/install/husarion_components_description/share:${GAZEBO_MODEL_PATH} GZ_SIM_RESOURCE_PATH=/home/ale/Proyecto_CPR/rosbot_ws/install/rosbot_description/share:/home/ale/Proyecto_CPR/rosbot_ws/install/open_manipulator_x_description/share:/home/ale/Proyecto_CPR/rosbot_ws/install/husarion_gz_worlds/share/husarion_gz_worlds/models:/opt/ros/humble/share:/home/ale/Proyecto_CPR/rosbot_ws/install/husarion_components_description/share IGN_GAZEBO_RESOURCE_PATH=/home/ale/Proyecto_CPR/rosbot_ws/install/rosbot_description/share:/home/ale/Proyecto_CPR/rosbot_ws/install/open_manipulator_x_description/share:/home/ale/Proyecto_CPR/rosbot_ws/install/husarion_gz_worlds/share/husarion_gz_worlds/models:/home/ale/Proyecto_CPR/rosbot_ws/install/husarion_components_description/share:${IGN_GAZEBO_RESOURCE_PATH} LD_LIBRARY_PATH=/home/ale/Proyecto_CPR/rosbot_ws/install/mecanum_drive_controller/lib:/home/ale/Proyecto_CPR/rosbot_ws/install/dynamixel_hardware_interface/lib:/usr/lib/x86_64-linux-gnu/gazebo-11/plugins:/opt/ros/humble/opt/rviz_ogre_vendor/lib:/opt/ros/humble/lib/x86_64-linux-gnu:/opt/ros/humble/opt/libphidget22/lib:/opt/ros/humble/lib:/usr/lib/x86_64-linux-gnu/gazebo-11/plugins PYTHONPATH=/home/ale/Proyecto_CPR/rosbot_ws/install/rosbot_gazebo/lib/python3.10/site-packages:/home/ale/Proyecto_CPR/rosbot_ws/install/rosbot_controller/lib/python3.10/site-packages:/home/ale/Proyecto_CPR/rosbot_ws/install/rosbot_utils/lib/python3.10/site-packages:${PYTHONPATH} /usr/bin/cmake --install /home/ale/Proyecto_CPR/rosbot_ws/build/rosbot
[2.366s] Level 1:colcon.colcon_core.environment:checking '/home/ale/Proyecto_CPR/rosbot_ws/install/rosbot' for CMake config files
[2.367s] Level 1:colcon.colcon_core.shell:create_environment_hook('rosbot', 'cmake_prefix_path')
[2.367s] INFO:colcon.colcon_core.shell:Creating environment hook '/home/ale/Proyecto_CPR/rosbot_ws/install/rosbot/share/rosbot/hook/cmake_prefix_path.ps1'
[2.367s] INFO:colcon.colcon_core.shell:Creating environment descriptor '/home/ale/Proyecto_CPR/rosbot_ws/install/rosbot/share/rosbot/hook/cmake_prefix_path.dsv'
[2.368s] INFO:colcon.colcon_core.shell:Creating environment hook '/home/ale/Proyecto_CPR/rosbot_ws/install/rosbot/share/rosbot/hook/cmake_prefix_path.sh'
[2.368s] Level 1:colcon.colcon_core.environment:checking '/home/ale/Proyecto_CPR/rosbot_ws/install/rosbot/bin'
[2.368s] Level 1:colcon.colcon_core.environment:checking '/home/ale/Proyecto_CPR/rosbot_ws/install/rosbot/lib/pkgconfig/rosbot.pc'
[2.368s] Level 1:colcon.colcon_core.environment:checking '/home/ale/Proyecto_CPR/rosbot_ws/install/rosbot/lib/python3.10/site-packages'
[2.368s] Level 1:colcon.colcon_core.environment:checking '/home/ale/Proyecto_CPR/rosbot_ws/install/rosbot/bin'
[2.368s] INFO:colcon.colcon_core.shell:Creating package script '/home/ale/Proyecto_CPR/rosbot_ws/install/rosbot/share/rosbot/package.ps1'
[2.369s] INFO:colcon.colcon_core.shell:Creating package descriptor '/home/ale/Proyecto_CPR/rosbot_ws/install/rosbot/share/rosbot/package.dsv'
[2.369s] INFO:colcon.colcon_core.shell:Creating package script '/home/ale/Proyecto_CPR/rosbot_ws/install/rosbot/share/rosbot/package.sh'
[2.369s] INFO:colcon.colcon_core.shell:Creating package script '/home/ale/Proyecto_CPR/rosbot_ws/install/rosbot/share/rosbot/package.bash'
[2.369s] INFO:colcon.colcon_core.shell:Creating package script '/home/ale/Proyecto_CPR/rosbot_ws/install/rosbot/share/rosbot/package.zsh'
[2.369s] Level 1:colcon.colcon_core.environment:create_file_with_runtime_dependencies(/home/ale/Proyecto_CPR/rosbot_ws/install/rosbot/share/colcon-core/packages/rosbot)
[2.370s] Level 1:colcon.colcon_core.environment:create_environment_scripts_only(rosbot)
[2.370s] Level 1:colcon.colcon_core.environment:checking '/home/ale/Proyecto_CPR/rosbot_ws/install/rosbot' for CMake module files
[2.370s] Level 1:colcon.colcon_core.environment:checking '/home/ale/Proyecto_CPR/rosbot_ws/install/rosbot' for CMake config files
[2.370s] Level 1:colcon.colcon_core.shell:create_environment_hook('rosbot', 'cmake_prefix_path')
[2.370s] INFO:colcon.colcon_core.shell:Creating environment hook '/home/ale/Proyecto_CPR/rosbot_ws/install/rosbot/share/rosbot/hook/cmake_prefix_path.ps1'
[2.370s] INFO:colcon.colcon_core.shell:Creating environment descriptor '/home/ale/Proyecto_CPR/rosbot_ws/install/rosbot/share/rosbot/hook/cmake_prefix_path.dsv'
[2.371s] INFO:colcon.colcon_core.shell:Creating environment hook '/home/ale/Proyecto_CPR/rosbot_ws/install/rosbot/share/rosbot/hook/cmake_prefix_path.sh'
[2.371s] Level 1:colcon.colcon_core.environment:checking '/home/ale/Proyecto_CPR/rosbot_ws/install/rosbot/bin'
[2.371s] Level 1:colcon.colcon_core.environment:checking '/home/ale/Proyecto_CPR/rosbot_ws/install/rosbot/lib/pkgconfig/rosbot.pc'
[2.371s] Level 1:colcon.colcon_core.environment:checking '/home/ale/Proyecto_CPR/rosbot_ws/install/rosbot/lib/python3.10/site-packages'
[2.371s] Level 1:colcon.colcon_core.environment:checking '/home/ale/Proyecto_CPR/rosbot_ws/install/rosbot/bin'
[2.371s] INFO:colcon.colcon_core.shell:Creating package script '/home/ale/Proyecto_CPR/rosbot_ws/install/rosbot/share/rosbot/package.ps1'
[2.372s] INFO:colcon.colcon_core.shell:Creating package descriptor '/home/ale/Proyecto_CPR/rosbot_ws/install/rosbot/share/rosbot/package.dsv'
[2.372s] INFO:colcon.colcon_core.shell:Creating package script '/home/ale/Proyecto_CPR/rosbot_ws/install/rosbot/share/rosbot/package.sh'
[2.372s] INFO:colcon.colcon_core.shell:Creating package script '/home/ale/Proyecto_CPR/rosbot_ws/install/rosbot/share/rosbot/package.bash'
[2.372s] INFO:colcon.colcon_core.shell:Creating package script '/home/ale/Proyecto_CPR/rosbot_ws/install/rosbot/share/rosbot/package.zsh'
[2.372s] Level 1:colcon.colcon_core.environment:create_file_with_runtime_dependencies(/home/ale/Proyecto_CPR/rosbot_ws/install/rosbot/share/colcon-core/packages/rosbot)
[2.372s] DEBUG:colcon.colcon_parallel_executor.executor.parallel:closing loop
[2.373s] DEBUG:colcon.colcon_parallel_executor.executor.parallel:loop closed
[2.373s] DEBUG:colcon.colcon_parallel_executor.executor.parallel:run_until_complete finished with '0'
[2.373s] DEBUG:colcon.colcon_core.event_reactor:joining thread
[2.379s] INFO:colcon.colcon_core.plugin_system:Skipping extension 'colcon_notification.desktop_notification.terminal_notifier': Not used on non-Darwin systems
[2.379s] INFO:colcon.colcon_core.plugin_system:Skipping extension 'colcon_notification.desktop_notification.win32': Not used on non-Windows systems
[2.379s] INFO:colcon.colcon_notification.desktop_notification:Sending desktop notification using 'notify2'
[2.388s] DEBUG:colcon.colcon_core.event_reactor:joined thread
[2.388s] INFO:colcon.colcon_core.shell:Creating prefix script '/home/ale/Proyecto_CPR/rosbot_ws/install/local_setup.ps1'
[2.389s] INFO:colcon.colcon_core.shell:Creating prefix util module '/home/ale/Proyecto_CPR/rosbot_ws/install/_local_setup_util_ps1.py'
[2.389s] INFO:colcon.colcon_core.shell:Creating prefix chain script '/home/ale/Proyecto_CPR/rosbot_ws/install/setup.ps1'
[2.390s] INFO:colcon.colcon_core.shell:Creating prefix script '/home/ale/Proyecto_CPR/rosbot_ws/install/local_setup.sh'
[2.390s] INFO:colcon.colcon_core.shell:Creating prefix util module '/home/ale/Proyecto_CPR/rosbot_ws/install/_local_setup_util_sh.py'
[2.390s] INFO:colcon.colcon_core.shell:Creating prefix chain script '/home/ale/Proyecto_CPR/rosbot_ws/install/setup.sh'
[2.391s] INFO:colcon.colcon_core.shell:Creating prefix script '/home/ale/Proyecto_CPR/rosbot_ws/install/local_setup.bash'
[2.391s] INFO:colcon.colcon_core.shell:Creating prefix chain script '/home/ale/Proyecto_CPR/rosbot_ws/install/setup.bash'
[2.392s] INFO:colcon.colcon_core.shell:Creating prefix script '/home/ale/Proyecto_CPR/rosbot_ws/install/local_setup.zsh'
[2.392s] INFO:colcon.colcon_core.shell:Creating prefix chain script '/home/ale/Proyecto_CPR/rosbot_ws/install/setup.zsh'
